category,name,type,url,size_text,downloaded,local_file
DAILY TAQ,Appendix_B_Pilot_File_Updates.xlsx.archived20200910,file,https://ftp.nyse.com/Historical%20Data%20Samples/DAILY%20TAQ/Appendix_B_Pilot_File_Updates.xlsx.archived20200910,52006,False,
DAILY TAQ,EQY_US_ALL_ADMIN_CTS_20220315.gz,file,https://ftp.nyse.com/Historical%20Data%20Samples/DAILY%20TAQ/EQY_US_ALL_ADMIN_CTS_20220315.gz,99144393,False,
DAILY TAQ,EQY_US_ALL_ADMIN_CTS_20221003.gz,file,https://ftp.nyse.com/Historical%20Data%20Samples/DAILY%20TAQ/EQY_US_ALL_ADMIN_CTS_20221003.gz,99744464,False,
DAILY TAQ,EQY_US_ALL_ADMIN_CTS_20221004.gz,file,https://ftp.nyse.com/Historical%20Data%20Samples/DAILY%20TAQ/EQY_US_ALL_ADMIN_CTS_20221004.gz,99384926,False,
DAILY TAQ,EQY_US_ALL_ADMIN_UTP_20220315.gz,file,https://ftp.nyse.com/Historical%20Data%20Samples/DAILY%20TAQ/EQY_US_ALL_ADMIN_UTP_20220315.gz,58783699,False,
DAILY TAQ,EQY_US_ALL_ADMIN_UTP_20221003.gz,file,https://ftp.nyse.com/Historical%20Data%20Samples/DAILY%20TAQ/EQY_US_ALL_ADMIN_UTP_20221003.gz,59290767,False,
DAILY TAQ,EQY_US_ALL_ADMIN_UTP_20221004.gz,file,https://ftp.nyse.com/Historical%20Data%20Samples/DAILY%20TAQ/EQY_US_ALL_ADMIN_UTP_20221004.gz,59309634,False,
DAILY TAQ,EQY_US_ALL_BBO_ADMIN_20260102.gz,file,https://ftp.nyse.com/Historical%20Data%20Samples/DAILY%20TAQ/EQY_US_ALL_BBO_ADMIN_20260102.gz,117508810,False,
DAILY TAQ,EQY_US_ALL_BBO_ADMIN_20260105.gz,file,https://ftp.nyse.com/Historical%20Data%20Samples/DAILY%20TAQ/EQY_US_ALL_BBO_ADMIN_20260105.gz,117303295,False,
DAILY TAQ,EQY_US_ALL_NBBO_20260102.gz,file,https://ftp.nyse.com/Historical%20Data%20Samples/DAILY%20TAQ/EQY_US_ALL_NBBO_20260102.gz,9566494015,False,
DAILY TAQ,EQY_US_ALL_NBBO_20260105.gz,file,https://ftp.nyse.com/Historical%20Data%20Samples/DAILY%20TAQ/EQY_US_ALL_NBBO_20260105.gz,8422364770,False,
DAILY TAQ,EQY_US_ALL_REF_MASTER_20260102.gz,file,https://ftp.nyse.com/Historical%20Data%20Samples/DAILY%20TAQ/EQY_US_ALL_REF_MASTER_20260102.gz,410450,True,data/nyse_taq_samples/EQY_US_ALL_REF_MASTER_20260102.gz
DAILY TAQ,EQY_US_ALL_REF_MASTER_20260105.gz,file,https://ftp.nyse.com/Historical%20Data%20Samples/DAILY%20TAQ/EQY_US_ALL_REF_MASTER_20260105.gz,409936,False,
DAILY TAQ,EQY_US_ALL_TRADE_20260102.gz,file,https://ftp.nyse.com/Historical%20Data%20Samples/DAILY%20TAQ/EQY_US_ALL_TRADE_20260102.gz,3234098414,True,data/nyse_taq_samples/EQY_US_ALL_TRADE_20260102.gz
DAILY TAQ,EQY_US_ALL_TRADE_20260105.gz,file,https://ftp.nyse.com/Historical%20Data%20Samples/DAILY%20TAQ/EQY_US_ALL_TRADE_20260105.gz,3783084551,False,
DAILY TAQ,EQY_US_ALL_TRADE_ADMIN_20260102.gz,file,https://ftp.nyse.com/Historical%20Data%20Samples/DAILY%20TAQ/EQY_US_ALL_TRADE_ADMIN_20260102.gz,92039645,False,
DAILY TAQ,SPLITS_US_ALL_BBO_20260102.done,file,https://ftp.nyse.com/Historical%20Data%20Samples/DAILY%20TAQ/SPLITS_US_ALL_BBO_20260102.done,20,False,
DAILY TAQ,SPLITS_US_ALL_BBO_20260105.done,file,https://ftp.nyse.com/Historical%20Data%20Samples/DAILY%20TAQ/SPLITS_US_ALL_BBO_20260105.done,20,False,
DAILY TAQ,SPLITS_US_ALL_BBO_A_20260102.gz,file,https://ftp.nyse.com/Historical%20Data%20Samples/DAILY%20TAQ/SPLITS_US_ALL_BBO_A_20260102.gz,2114322105,False,
DAILY TAQ,SPLITS_US_ALL_BBO_A_20260105.gz,file,https://ftp.nyse.com/Historical%20Data%20Samples/DAILY%20TAQ/SPLITS_US_ALL_BBO_A_20260105.gz,2028900791,False,
DAILY TAQ,SPLITS_US_ALL_BBO_B_20260102.gz,file,https://ftp.nyse.com/Historical%20Data%20Samples/DAILY%20TAQ/SPLITS_US_ALL_BBO_B_20260102.gz,1996154569,False,
DAILY TAQ,SPLITS_US_ALL_BBO_B_20260105.gz,file,https://ftp.nyse.com/Historical%20Data%20Samples/DAILY%20TAQ/SPLITS_US_ALL_BBO_B_20260105.gz,1917611303,False,
DAILY TAQ,SPLITS_US_ALL_BBO_C_20260102.gz,file,https://ftp.nyse.com/Historical%20Data%20Samples/DAILY%20TAQ/SPLITS_US_ALL_BBO_C_20260102.gz,1702462007,False,
DAILY TAQ,SPLITS_US_ALL_BBO_C_20260105.gz,file,https://ftp.nyse.com/Historical%20Data%20Samples/DAILY%20TAQ/SPLITS_US_ALL_BBO_C_20260105.gz,1757854686,False,
DAILY TAQ,SPLITS_US_ALL_BBO_D_20260102.gz,file,https://ftp.nyse.com/Historical%20Data%20Samples/DAILY%20TAQ/SPLITS_US_ALL_BBO_D_20260102.gz,1475083066,False,
DAILY TAQ,SPLITS_US_ALL_BBO_E_20260102.gz,file,https://ftp.nyse.com/Historical%20Data%20Samples/DAILY%20TAQ/SPLITS_US_ALL_BBO_E_20260102.gz,1724163624,False,
DAILY TAQ,SPLITS_US_ALL_BBO_E_20260105.gz,file,https://ftp.nyse.com/Historical%20Data%20Samples/DAILY%20TAQ/SPLITS_US_ALL_BBO_E_20260105.gz,1516249823,False,
DAILY TAQ,SPLITS_US_ALL_BBO_F_20260102.gz,file,https://ftp.nyse.com/Historical%20Data%20Samples/DAILY%20TAQ/SPLITS_US_ALL_BBO_F_20260102.gz,1644212557,False,
DAILY TAQ,SPLITS_US_ALL_BBO_F_20260105.gz,file,https://ftp.nyse.com/Historical%20Data%20Samples/DAILY%20TAQ/SPLITS_US_ALL_BBO_F_20260105.gz,1424453645,False,
DAILY TAQ,SPLITS_US_ALL_BBO_G_20260102.gz,file,https://ftp.nyse.com/Historical%20Data%20Samples/DAILY%20TAQ/SPLITS_US_ALL_BBO_G_20260102.gz,1434411289,False,
DAILY TAQ,SPLITS_US_ALL_BBO_G_20260105.gz,file,https://ftp.nyse.com/Historical%20Data%20Samples/DAILY%20TAQ/SPLITS_US_ALL_BBO_G_20260105.gz,1332525593,False,
DAILY TAQ,SPLITS_US_ALL_BBO_H_20260102.gz,file,https://ftp.nyse.com/Historical%20Data%20Samples/DAILY%20TAQ/SPLITS_US_ALL_BBO_H_20260102.gz,587245846,False,
DAILY TAQ,SPLITS_US_ALL_BBO_H_20260105.gz,file,https://ftp.nyse.com/Historical%20Data%20Samples/DAILY%20TAQ/SPLITS_US_ALL_BBO_H_20260105.gz,641865955,False,
DAILY TAQ,SPLITS_US_ALL_BBO_I_20260102.gz,file,https://ftp.nyse.com/Historical%20Data%20Samples/DAILY%20TAQ/SPLITS_US_ALL_BBO_I_20260102.gz,3453502142,False,
DAILY TAQ,SPLITS_US_ALL_BBO_I_20260105.gz,file,https://ftp.nyse.com/Historical%20Data%20Samples/DAILY%20TAQ/SPLITS_US_ALL_BBO_I_20260105.gz,2937182731,False,
DAILY TAQ,SPLITS_US_ALL_BBO_J_20260102.gz,file,https://ftp.nyse.com/Historical%20Data%20Samples/DAILY%20TAQ/SPLITS_US_ALL_BBO_J_20260102.gz,413759441,False,
DAILY TAQ,SPLITS_US_ALL_BBO_J_20260105.gz,file,https://ftp.nyse.com/Historical%20Data%20Samples/DAILY%20TAQ/SPLITS_US_ALL_BBO_J_20260105.gz,346011695,False,
DAILY TAQ,SPLITS_US_ALL_BBO_K_20260102.gz,file,https://ftp.nyse.com/Historical%20Data%20Samples/DAILY%20TAQ/SPLITS_US_ALL_BBO_K_20260102.gz,510047806,False,
DAILY TAQ,SPLITS_US_ALL_BBO_K_20260105.gz,file,https://ftp.nyse.com/Historical%20Data%20Samples/DAILY%20TAQ/SPLITS_US_ALL_BBO_K_20260105.gz,587722665,False,
DAILY TAQ,SPLITS_US_ALL_BBO_L_20260102.gz,file,https://ftp.nyse.com/Historical%20Data%20Samples/DAILY%20TAQ/SPLITS_US_ALL_BBO_L_20260102.gz,505814991,False,
DAILY TAQ,SPLITS_US_ALL_BBO_L_20260105.gz,file,https://ftp.nyse.com/Historical%20Data%20Samples/DAILY%20TAQ/SPLITS_US_ALL_BBO_L_20260105.gz,515337834,False,
DAILY TAQ,SPLITS_US_ALL_BBO_M_20260102.gz,file,https://ftp.nyse.com/Historical%20Data%20Samples/DAILY%20TAQ/SPLITS_US_ALL_BBO_M_20260102.gz,1251353930,False,
DAILY TAQ,SPLITS_US_ALL_BBO_M_20260105.gz,file,https://ftp.nyse.com/Historical%20Data%20Samples/DAILY%20TAQ/SPLITS_US_ALL_BBO_M_20260105.gz,1218867716,False,
DAILY TAQ,SPLITS_US_ALL_BBO_N_20260102.gz,file,https://ftp.nyse.com/Historical%20Data%20Samples/DAILY%20TAQ/SPLITS_US_ALL_BBO_N_20260102.gz,1423974958,False,
DAILY TAQ,SPLITS_US_ALL_BBO_N_20260105.gz,file,https://ftp.nyse.com/Historical%20Data%20Samples/DAILY%20TAQ/SPLITS_US_ALL_BBO_N_20260105.gz,1349992859,False,
DAILY TAQ,SPLITS_US_ALL_BBO_O_20260102.gz,file,https://ftp.nyse.com/Historical%20Data%20Samples/DAILY%20TAQ/SPLITS_US_ALL_BBO_O_20260102.gz,500314473,False,
DAILY TAQ,SPLITS_US_ALL_BBO_O_20260105.gz,file,https://ftp.nyse.com/Historical%20Data%20Samples/DAILY%20TAQ/SPLITS_US_ALL_BBO_O_20260105.gz,569694096,False,
DAILY TAQ,SPLITS_US_ALL_BBO_P_20260102.gz,file,https://ftp.nyse.com/Historical%20Data%20Samples/DAILY%20TAQ/SPLITS_US_ALL_BBO_P_20260102.gz,1400663936,False,
DAILY TAQ,SPLITS_US_ALL_BBO_P_20260105.gz,file,https://ftp.nyse.com/Historical%20Data%20Samples/DAILY%20TAQ/SPLITS_US_ALL_BBO_P_20260105.gz,1242198878,False,
DAILY TAQ,SPLITS_US_ALL_BBO_Q_20260102.gz,file,https://ftp.nyse.com/Historical%20Data%20Samples/DAILY%20TAQ/SPLITS_US_ALL_BBO_Q_20260102.gz,2032852812,False,
DAILY TAQ,SPLITS_US_ALL_BBO_Q_20260105.gz,file,https://ftp.nyse.com/Historical%20Data%20Samples/DAILY%20TAQ/SPLITS_US_ALL_BBO_Q_20260105.gz,1601849040,False,
DAILY TAQ,SPLITS_US_ALL_BBO_R_20260102.gz,file,https://ftp.nyse.com/Historical%20Data%20Samples/DAILY%20TAQ/SPLITS_US_ALL_BBO_R_20260102.gz,1134864936,False,
DAILY TAQ,SPLITS_US_ALL_BBO_R_20260105.gz,file,https://ftp.nyse.com/Historical%20Data%20Samples/DAILY%20TAQ/SPLITS_US_ALL_BBO_R_20260105.gz,1016890961,False,
DAILY TAQ,SPLITS_US_ALL_BBO_S_20260102.gz,file,https://ftp.nyse.com/Historical%20Data%20Samples/DAILY%20TAQ/SPLITS_US_ALL_BBO_S_20260102.gz,5715543602,False,
DAILY TAQ,SPLITS_US_ALL_BBO_S_20260105.gz,file,https://ftp.nyse.com/Historical%20Data%20Samples/DAILY%20TAQ/SPLITS_US_ALL_BBO_S_20260105.gz,4370819276,False,
DAILY TAQ,SPLITS_US_ALL_BBO_T_20260102.gz,file,https://ftp.nyse.com/Historical%20Data%20Samples/DAILY%20TAQ/SPLITS_US_ALL_BBO_T_20260102.gz,2568508094,False,
DAILY TAQ,SPLITS_US_ALL_BBO_T_20260105.gz,file,https://ftp.nyse.com/Historical%20Data%20Samples/DAILY%20TAQ/SPLITS_US_ALL_BBO_T_20260105.gz,2031037641,False,
DAILY TAQ,SPLITS_US_ALL_BBO_U_20260102.gz,file,https://ftp.nyse.com/Historical%20Data%20Samples/DAILY%20TAQ/SPLITS_US_ALL_BBO_U_20260102.gz,1213207214,False,
DAILY TAQ,SPLITS_US_ALL_BBO_U_20260105.gz,file,https://ftp.nyse.com/Historical%20Data%20Samples/DAILY%20TAQ/SPLITS_US_ALL_BBO_U_20260105.gz,1060241164,False,
DAILY TAQ,SPLITS_US_ALL_BBO_V_20260102.gz,file,https://ftp.nyse.com/Historical%20Data%20Samples/DAILY%20TAQ/SPLITS_US_ALL_BBO_V_20260102.gz,1942091183,False,
DAILY TAQ,SPLITS_US_ALL_BBO_V_20260105.gz,file,https://ftp.nyse.com/Historical%20Data%20Samples/DAILY%20TAQ/SPLITS_US_ALL_BBO_V_20260105.gz,1449949753,False,
DAILY TAQ,SPLITS_US_ALL_BBO_W_20260102.gz,file,https://ftp.nyse.com/Historical%20Data%20Samples/DAILY%20TAQ/SPLITS_US_ALL_BBO_W_20260102.gz,346834899,False,
DAILY TAQ,SPLITS_US_ALL_BBO_W_20260105.gz,file,https://ftp.nyse.com/Historical%20Data%20Samples/DAILY%20TAQ/SPLITS_US_ALL_BBO_W_20260105.gz,347154771,False,
DAILY TAQ,SPLITS_US_ALL_BBO_X_20260102.gz,file,https://ftp.nyse.com/Historical%20Data%20Samples/DAILY%20TAQ/SPLITS_US_ALL_BBO_X_20260102.gz,1393528772,False,
DAILY TAQ,SPLITS_US_ALL_BBO_X_20260105.gz,file,https://ftp.nyse.com/Historical%20Data%20Samples/DAILY%20TAQ/SPLITS_US_ALL_BBO_X_20260105.gz,1244147251,False,
DAILY TAQ,SPLITS_US_ALL_BBO_Y_20260102.gz,file,https://ftp.nyse.com/Historical%20Data%20Samples/DAILY%20TAQ/SPLITS_US_ALL_BBO_Y_20260102.gz,90008704,False,
DAILY TAQ,SPLITS_US_ALL_BBO_Y_20260105.gz,file,https://ftp.nyse.com/Historical%20Data%20Samples/DAILY%20TAQ/SPLITS_US_ALL_BBO_Y_20260105.gz,77353717,False,
DAILY TAQ,SPLITS_US_ALL_BBO_Z_20260102.gz,file,https://ftp.nyse.com/Historical%20Data%20Samples/DAILY%20TAQ/SPLITS_US_ALL_BBO_Z_20260102.gz,127593492,False,
DAILY TAQ,SPLITS_US_ALL_BBO_Z_20260105.gz,file,https://ftp.nyse.com/Historical%20Data%20Samples/DAILY%20TAQ/SPLITS_US_ALL_BBO_Z_20260105.gz,130203066,False,
DAILY TAQ,servu-06-06-2019.log,file,https://ftp.nyse.com/Historical%20Data%20Samples/DAILY%20TAQ/servu-06-06-2019.log,202105218,False,
NYSE OPT OPEN CLOSE SUM VOLUME,OPT_US_ARCO_SUM_VOLUME_0940_20220122.txt.gz,file,https://ftp.nyse.com/Historical%20Data%20Samples/NYSE%20OPT%20OPEN%20CLOSE%20SUM%20VOLUME/OPT_US_ARCO_SUM_VOLUME_0940_20220122.txt.gz,6761,False,
NYSE OPT OPEN CLOSE SUM VOLUME,OPT_US_ARCO_SUM_VOLUME_0950_20220122.txt.gz,file,https://ftp.nyse.com/Historical%20Data%20Samples/NYSE%20OPT%20OPEN%20CLOSE%20SUM%20VOLUME/OPT_US_ARCO_SUM_VOLUME_0950_20220122.txt.gz,289750,False,
NYSE OPT OPEN CLOSE SUM VOLUME,OPT_US_ARCO_SUM_VOLUME_1000_20220122.txt.gz,file,https://ftp.nyse.com/Historical%20Data%20Samples/NYSE%20OPT%20OPEN%20CLOSE%20SUM%20VOLUME/OPT_US_ARCO_SUM_VOLUME_1000_20220122.txt.gz,345928,False,
NYSE OPT OPEN CLOSE SUM VOLUME,OPT_US_ARCO_SUM_VOLUME_1010_20220122.txt.gz,file,https://ftp.nyse.com/Historical%20Data%20Samples/NYSE%20OPT%20OPEN%20CLOSE%20SUM%20VOLUME/OPT_US_ARCO_SUM_VOLUME_1010_20220122.txt.gz,359516,False,
NYSE OPT OPEN CLOSE SUM VOLUME,OPT_US_ARCO_SUM_VOLUME_1020_20220122.txt.gz,file,https://ftp.nyse.com/Historical%20Data%20Samples/NYSE%20OPT%20OPEN%20CLOSE%20SUM%20VOLUME/OPT_US_ARCO_SUM_VOLUME_1020_20220122.txt.gz,365276,False,
NYSE OPT OPEN CLOSE SUM VOLUME,OPT_US_ARCO_SUM_VOLUME_1030_20220122.txt.gz,file,https://ftp.nyse.com/Historical%20Data%20Samples/NYSE%20OPT%20OPEN%20CLOSE%20SUM%20VOLUME/OPT_US_ARCO_SUM_VOLUME_1030_20220122.txt.gz,367797,False,
NYSE OPT OPEN CLOSE SUM VOLUME,OPT_US_ARCO_SUM_VOLUME_1040_20220122.txt.gz,file,https://ftp.nyse.com/Historical%20Data%20Samples/NYSE%20OPT%20OPEN%20CLOSE%20SUM%20VOLUME/OPT_US_ARCO_SUM_VOLUME_1040_20220122.txt.gz,369838,False,
NYSE OPT OPEN CLOSE SUM VOLUME,OPT_US_ARCO_SUM_VOLUME_1050_20220122.txt.gz,file,https://ftp.nyse.com/Historical%20Data%20Samples/NYSE%20OPT%20OPEN%20CLOSE%20SUM%20VOLUME/OPT_US_ARCO_SUM_VOLUME_1050_20220122.txt.gz,371990,False,
NYSE OPT OPEN CLOSE SUM VOLUME,OPT_US_ARCO_SUM_VOLUME_1100_20220122.txt.gz,file,https://ftp.nyse.com/Historical%20Data%20Samples/NYSE%20OPT%20OPEN%20CLOSE%20SUM%20VOLUME/OPT_US_ARCO_SUM_VOLUME_1100_20220122.txt.gz,373844,False,
NYSE OPT OPEN CLOSE SUM VOLUME,OPT_US_ARCO_SUM_VOLUME_1110_20220122.txt.gz,file,https://ftp.nyse.com/Historical%20Data%20Samples/NYSE%20OPT%20OPEN%20CLOSE%20SUM%20VOLUME/OPT_US_ARCO_SUM_VOLUME_1110_20220122.txt.gz,375457,False,
NYSE OPT OPEN CLOSE SUM VOLUME,OPT_US_ARCO_SUM_VOLUME_1120_20220122.txt.gz,file,https://ftp.nyse.com/Historical%20Data%20Samples/NYSE%20OPT%20OPEN%20CLOSE%20SUM%20VOLUME/OPT_US_ARCO_SUM_VOLUME_1120_20220122.txt.gz,375502,False,
NYSE OPT OPEN CLOSE SUM VOLUME,OPT_US_ARCO_SUM_VOLUME_1130_20220122.txt.gz,file,https://ftp.nyse.com/Historical%20Data%20Samples/NYSE%20OPT%20OPEN%20CLOSE%20SUM%20VOLUME/OPT_US_ARCO_SUM_VOLUME_1130_20220122.txt.gz,375539,False,
NYSE OPT OPEN CLOSE SUM VOLUME,OPT_US_ARCO_SUM_VOLUME_1140_20220122.txt.gz,file,https://ftp.nyse.com/Historical%20Data%20Samples/NYSE%20OPT%20OPEN%20CLOSE%20SUM%20VOLUME/OPT_US_ARCO_SUM_VOLUME_1140_20220122.txt.gz,375496,False,
NYSE OPT OPEN CLOSE SUM VOLUME,OPT_US_ARCO_SUM_VOLUME_1150_20220122.txt.gz,file,https://ftp.nyse.com/Historical%20Data%20Samples/NYSE%20OPT%20OPEN%20CLOSE%20SUM%20VOLUME/OPT_US_ARCO_SUM_VOLUME_1150_20220122.txt.gz,375507,False,
NYSE OPT OPEN CLOSE SUM VOLUME,OPT_US_ARCO_SUM_VOLUME_1200_20220122.txt.gz,file,https://ftp.nyse.com/Historical%20Data%20Samples/NYSE%20OPT%20OPEN%20CLOSE%20SUM%20VOLUME/OPT_US_ARCO_SUM_VOLUME_1200_20220122.txt.gz,375546,False,
NYSE OPT OPEN CLOSE SUM VOLUME,OPT_US_ARCO_SUM_VOLUME_1210_20220122.txt.gz,file,https://ftp.nyse.com/Historical%20Data%20Samples/NYSE%20OPT%20OPEN%20CLOSE%20SUM%20VOLUME/OPT_US_ARCO_SUM_VOLUME_1210_20220122.txt.gz,375609,False,
NYSE OPT OPEN CLOSE SUM VOLUME,OPT_US_ARCO_SUM_VOLUME_1220_20220122.txt.gz,file,https://ftp.nyse.com/Historical%20Data%20Samples/NYSE%20OPT%20OPEN%20CLOSE%20SUM%20VOLUME/OPT_US_ARCO_SUM_VOLUME_1220_20220122.txt.gz,375712,False,
NYSE OPT OPEN CLOSE SUM VOLUME,OPT_US_ARCO_SUM_VOLUME_1230_20220122.txt.gz,file,https://ftp.nyse.com/Historical%20Data%20Samples/NYSE%20OPT%20OPEN%20CLOSE%20SUM%20VOLUME/OPT_US_ARCO_SUM_VOLUME_1230_20220122.txt.gz,375838,False,
NYSE OPT OPEN CLOSE SUM VOLUME,OPT_US_ARCO_SUM_VOLUME_1240_20220122.txt.gz,file,https://ftp.nyse.com/Historical%20Data%20Samples/NYSE%20OPT%20OPEN%20CLOSE%20SUM%20VOLUME/OPT_US_ARCO_SUM_VOLUME_1240_20220122.txt.gz,375851,False,
NYSE OPT OPEN CLOSE SUM VOLUME,OPT_US_ARCO_SUM_VOLUME_1250_20220122.txt.gz,file,https://ftp.nyse.com/Historical%20Data%20Samples/NYSE%20OPT%20OPEN%20CLOSE%20SUM%20VOLUME/OPT_US_ARCO_SUM_VOLUME_1250_20220122.txt.gz,375857,False,
NYSE OPT OPEN CLOSE SUM VOLUME,OPT_US_ARCO_SUM_VOLUME_1300_20220122.txt.gz,file,https://ftp.nyse.com/Historical%20Data%20Samples/NYSE%20OPT%20OPEN%20CLOSE%20SUM%20VOLUME/OPT_US_ARCO_SUM_VOLUME_1300_20220122.txt.gz,375880,False,
NYSE OPT OPEN CLOSE SUM VOLUME,OPT_US_ARCO_SUM_VOLUME_1310_20220122.txt.gz,file,https://ftp.nyse.com/Historical%20Data%20Samples/NYSE%20OPT%20OPEN%20CLOSE%20SUM%20VOLUME/OPT_US_ARCO_SUM_VOLUME_1310_20220122.txt.gz,375873,False,
NYSE OPT OPEN CLOSE SUM VOLUME,OPT_US_ARCO_SUM_VOLUME_1320_20220122.txt.gz,file,https://ftp.nyse.com/Historical%20Data%20Samples/NYSE%20OPT%20OPEN%20CLOSE%20SUM%20VOLUME/OPT_US_ARCO_SUM_VOLUME_1320_20220122.txt.gz,375871,False,
NYSE OPT OPEN CLOSE SUM VOLUME,OPT_US_ARCO_SUM_VOLUME_1330_20220122.txt.gz,file,https://ftp.nyse.com/Historical%20Data%20Samples/NYSE%20OPT%20OPEN%20CLOSE%20SUM%20VOLUME/OPT_US_ARCO_SUM_VOLUME_1330_20220122.txt.gz,376741,False,
NYSE OPT OPEN CLOSE SUM VOLUME,OPT_US_ARCO_SUM_VOLUME_1340_20220122.txt.gz,file,https://ftp.nyse.com/Historical%20Data%20Samples/NYSE%20OPT%20OPEN%20CLOSE%20SUM%20VOLUME/OPT_US_ARCO_SUM_VOLUME_1340_20220122.txt.gz,376699,False,
NYSE OPT OPEN CLOSE SUM VOLUME,OPT_US_ARCO_SUM_VOLUME_1350_20220122.txt.gz,file,https://ftp.nyse.com/Historical%20Data%20Samples/NYSE%20OPT%20OPEN%20CLOSE%20SUM%20VOLUME/OPT_US_ARCO_SUM_VOLUME_1350_20220122.txt.gz,376896,False,
NYSE OPT OPEN CLOSE SUM VOLUME,OPT_US_ARCO_SUM_VOLUME_1400_20220122.txt.gz,file,https://ftp.nyse.com/Historical%20Data%20Samples/NYSE%20OPT%20OPEN%20CLOSE%20SUM%20VOLUME/OPT_US_ARCO_SUM_VOLUME_1400_20220122.txt.gz,376894,False,
NYSE OPT OPEN CLOSE SUM VOLUME,OPT_US_ARCO_SUM_VOLUME_1410_20220122.txt.gz,file,https://ftp.nyse.com/Historical%20Data%20Samples/NYSE%20OPT%20OPEN%20CLOSE%20SUM%20VOLUME/OPT_US_ARCO_SUM_VOLUME_1410_20220122.txt.gz,386835,False,
NYSE OPT OPEN CLOSE SUM VOLUME,OPT_US_ARCO_SUM_VOLUME_1420_20220122.txt.gz,file,https://ftp.nyse.com/Historical%20Data%20Samples/NYSE%20OPT%20OPEN%20CLOSE%20SUM%20VOLUME/OPT_US_ARCO_SUM_VOLUME_1420_20220122.txt.gz,393684,False,
NYSE OPT OPEN CLOSE SUM VOLUME,OPT_US_ARCO_SUM_VOLUME_1430_20220122.txt.gz,file,https://ftp.nyse.com/Historical%20Data%20Samples/NYSE%20OPT%20OPEN%20CLOSE%20SUM%20VOLUME/OPT_US_ARCO_SUM_VOLUME_1430_20220122.txt.gz,393552,False,
NYSE OPT OPEN CLOSE SUM VOLUME,OPT_US_ARCO_SUM_VOLUME_1440_20220122.txt.gz,file,https://ftp.nyse.com/Historical%20Data%20Samples/NYSE%20OPT%20OPEN%20CLOSE%20SUM%20VOLUME/OPT_US_ARCO_SUM_VOLUME_1440_20220122.txt.gz,393767,False,
NYSE OPT OPEN CLOSE SUM VOLUME,OPT_US_ARCO_SUM_VOLUME_1450_20220122.txt.gz,file,https://ftp.nyse.com/Historical%20Data%20Samples/NYSE%20OPT%20OPEN%20CLOSE%20SUM%20VOLUME/OPT_US_ARCO_SUM_VOLUME_1450_20220122.txt.gz,393595,False,
NYSE OPT OPEN CLOSE SUM VOLUME,OPT_US_ARCO_SUM_VOLUME_1500_20220122.txt.gz,file,https://ftp.nyse.com/Historical%20Data%20Samples/NYSE%20OPT%20OPEN%20CLOSE%20SUM%20VOLUME/OPT_US_ARCO_SUM_VOLUME_1500_20220122.txt.gz,393767,False,
NYSE OPT OPEN CLOSE SUM VOLUME,OPT_US_ARCO_SUM_VOLUME_1510_20220122.txt.gz,file,https://ftp.nyse.com/Historical%20Data%20Samples/NYSE%20OPT%20OPEN%20CLOSE%20SUM%20VOLUME/OPT_US_ARCO_SUM_VOLUME_1510_20220122.txt.gz,393595,False,
NYSE OPT OPEN CLOSE SUM VOLUME,OPT_US_ARCO_SUM_VOLUME_1520_20220122.txt.gz,file,https://ftp.nyse.com/Historical%20Data%20Samples/NYSE%20OPT%20OPEN%20CLOSE%20SUM%20VOLUME/OPT_US_ARCO_SUM_VOLUME_1520_20220122.txt.gz,393767,False,
NYSE OPT OPEN CLOSE SUM VOLUME,OPT_US_ARCO_SUM_VOLUME_1530_20220122.txt.gz,file,https://ftp.nyse.com/Historical%20Data%20Samples/NYSE%20OPT%20OPEN%20CLOSE%20SUM%20VOLUME/OPT_US_ARCO_SUM_VOLUME_1530_20220122.txt.gz,393595,False,
NYSE OPT OPEN CLOSE SUM VOLUME,OPT_US_ARCO_SUM_VOLUME_20220122.txt,file,https://ftp.nyse.com/Historical%20Data%20Samples/NYSE%20OPT%20OPEN%20CLOSE%20SUM%20VOLUME/OPT_US_ARCO_SUM_VOLUME_20220122.txt,2974113,False,
NYSE OPT OPEN CLOSE SUM VOLUME,OPT_US_ARCO_SUM_VOLUME_20220122.xlsx,file,https://ftp.nyse.com/Historical%20Data%20Samples/NYSE%20OPT%20OPEN%20CLOSE%20SUM%20VOLUME/OPT_US_ARCO_SUM_VOLUME_20220122.xlsx,3708753,False,
NYSE OPT OPEN CLOSE SUM VOLUME,OPT_US_ARCO_SUM_VOLUME_20220122.xml,file,https://ftp.nyse.com/Historical%20Data%20Samples/NYSE%20OPT%20OPEN%20CLOSE%20SUM%20VOLUME/OPT_US_ARCO_SUM_VOLUME_20220122.xml,85632030,False,
NYSE RETRAC PROTRAC EOD (HISTORICAL DATA THROUGH 4-2016),EQY_US_NYSE_SUM_PROGRAM_20161028.txt,file,https://ftp.nyse.com/Historical%20Data%20Samples/NYSE%20RETRAC%20PROTRAC%20EOD%20%28HISTORICAL%C2%A0DATA%20THROUGH%204-2016%29/EQY_US_NYSE_SUM_PROGRAM_20161028.txt,40727,False,
NYSE RETRAC PROTRAC EOD (HISTORICAL DATA THROUGH 4-2016),EQY_US_NYSE_SUM_PROGRAM_20161028.xls,file,https://ftp.nyse.com/Historical%20Data%20Samples/NYSE%20RETRAC%20PROTRAC%20EOD%20%28HISTORICAL%C2%A0DATA%20THROUGH%204-2016%29/EQY_US_NYSE_SUM_PROGRAM_20161028.xls,174080,False,
NYSE RETRAC PROTRAC EOD (HISTORICAL DATA THROUGH 4-2016),EQY_US_NYSE_SUM_PROGRAM_20161028.xml,file,https://ftp.nyse.com/Historical%20Data%20Samples/NYSE%20RETRAC%20PROTRAC%20EOD%20%28HISTORICAL%C2%A0DATA%20THROUGH%204-2016%29/EQY_US_NYSE_SUM_PROGRAM_20161028.xml,454800,False,
NYSE RETRAC PROTRAC EOD (HISTORICAL DATA THROUGH 4-2016),EQY_US_NYSE_SUM_PROGRAM_20161031.txt,file,https://ftp.nyse.com/Historical%20Data%20Samples/NYSE%20RETRAC%20PROTRAC%20EOD%20%28HISTORICAL%C2%A0DATA%20THROUGH%204-2016%29/EQY_US_NYSE_SUM_PROGRAM_20161031.txt,41607,False,
NYSE RETRAC PROTRAC EOD (HISTORICAL DATA THROUGH 4-2016),EQY_US_NYSE_SUM_PROGRAM_20161031.xls,file,https://ftp.nyse.com/Historical%20Data%20Samples/NYSE%20RETRAC%20PROTRAC%20EOD%20%28HISTORICAL%C2%A0DATA%20THROUGH%204-2016%29/EQY_US_NYSE_SUM_PROGRAM_20161031.xls,174592,False,
NYSE RETRAC PROTRAC EOD (HISTORICAL DATA THROUGH 4-2016),EQY_US_NYSE_SUM_PROGRAM_20161031.xml,file,https://ftp.nyse.com/Historical%20Data%20Samples/NYSE%20RETRAC%20PROTRAC%20EOD%20%28HISTORICAL%C2%A0DATA%20THROUGH%204-2016%29/EQY_US_NYSE_SUM_PROGRAM_20161031.xml,457642,False,
NYSE RETRAC PROTRAC EOD (HISTORICAL DATA THROUGH 4-2016),EQY_US_NYSE_SUM_RETAIL_20161028.txt,file,https://ftp.nyse.com/Historical%20Data%20Samples/NYSE%20RETRAC%20PROTRAC%20EOD%20%28HISTORICAL%C2%A0DATA%20THROUGH%204-2016%29/EQY_US_NYSE_SUM_RETAIL_20161028.txt,20389,False,
NYSE RETRAC PROTRAC EOD (HISTORICAL DATA THROUGH 4-2016),EQY_US_NYSE_SUM_RETAIL_20161028.xls,file,https://ftp.nyse.com/Historical%20Data%20Samples/NYSE%20RETRAC%20PROTRAC%20EOD%20%28HISTORICAL%C2%A0DATA%20THROUGH%204-2016%29/EQY_US_NYSE_SUM_RETAIL_20161028.xls,100864,False,
NYSE RETRAC PROTRAC EOD (HISTORICAL DATA THROUGH 4-2016),EQY_US_NYSE_SUM_RETAIL_20161028.xml,file,https://ftp.nyse.com/Historical%20Data%20Samples/NYSE%20RETRAC%20PROTRAC%20EOD%20%28HISTORICAL%C2%A0DATA%20THROUGH%204-2016%29/EQY_US_NYSE_SUM_RETAIL_20161028.xml,197694,False,
NYSE RETRAC PROTRAC EOD (HISTORICAL DATA THROUGH 4-2016),EQY_US_NYSE_SUM_RETAIL_20161031.txt,file,https://ftp.nyse.com/Historical%20Data%20Samples/NYSE%20RETRAC%20PROTRAC%20EOD%20%28HISTORICAL%C2%A0DATA%20THROUGH%204-2016%29/EQY_US_NYSE_SUM_RETAIL_20161031.txt,21011,False,
NYSE RETRAC PROTRAC EOD (HISTORICAL DATA THROUGH 4-2016),EQY_US_NYSE_SUM_RETAIL_20161031.xls,file,https://ftp.nyse.com/Historical%20Data%20Samples/NYSE%20RETRAC%20PROTRAC%20EOD%20%28HISTORICAL%C2%A0DATA%20THROUGH%204-2016%29/EQY_US_NYSE_SUM_RETAIL_20161031.xls,103936,False,
NYSE RETRAC PROTRAC EOD (HISTORICAL DATA THROUGH 4-2016),EQY_US_NYSE_SUM_RETAIL_20161031.xml,file,https://ftp.nyse.com/Historical%20Data%20Samples/NYSE%20RETRAC%20PROTRAC%20EOD%20%28HISTORICAL%C2%A0DATA%20THROUGH%204-2016%29/EQY_US_NYSE_SUM_RETAIL_20161031.xml,203996,False,
NYSE RETRAC PROTRAC EOD (HISTORICAL DATA THROUGH 4-2016),EQY_US_NYSE_TRADE_PROGRAM_20161028.zip,file,https://ftp.nyse.com/Historical%20Data%20Samples/NYSE%20RETRAC%20PROTRAC%20EOD%20%28HISTORICAL%C2%A0DATA%20THROUGH%204-2016%29/EQY_US_NYSE_TRADE_PROGRAM_20161028.zip,3621222,False,
NYSE RETRAC PROTRAC EOD (HISTORICAL DATA THROUGH 4-2016),EQY_US_NYSE_TRADE_PROGRAM_20161031.zip,file,https://ftp.nyse.com/Historical%20Data%20Samples/NYSE%20RETRAC%20PROTRAC%20EOD%20%28HISTORICAL%C2%A0DATA%20THROUGH%204-2016%29/EQY_US_NYSE_TRADE_PROGRAM_20161031.zip,2773855,False,
NYSE RETRAC PROTRAC EOD (HISTORICAL DATA THROUGH 4-2016),EQY_US_NYSE_TRADE_RETAIL_20161028.zip,file,https://ftp.nyse.com/Historical%20Data%20Samples/NYSE%20RETRAC%20PROTRAC%20EOD%20%28HISTORICAL%C2%A0DATA%20THROUGH%204-2016%29/EQY_US_NYSE_TRADE_RETAIL_20161028.zip,114963,False,
NYSE RETRAC PROTRAC EOD (HISTORICAL DATA THROUGH 4-2016),EQY_US_NYSE_TRADE_RETAIL_20161031.zip,file,https://ftp.nyse.com/Historical%20Data%20Samples/NYSE%20RETRAC%20PROTRAC%20EOD%20%28HISTORICAL%C2%A0DATA%20THROUGH%204-2016%29/EQY_US_NYSE_TRADE_RETAIL_20161031.zip,122459,False,
NYSE RETRAC PROTRAC EOD (HISTORICAL DATA THROUGH 4-2016),protraceod20180402.zip,file,https://ftp.nyse.com/Historical%20Data%20Samples/NYSE%20RETRAC%20PROTRAC%20EOD%20%28HISTORICAL%C2%A0DATA%20THROUGH%204-2016%29/protraceod20180402.zip,13694,False,
NYSE RETRAC PROTRAC EOD (HISTORICAL DATA THROUGH 4-2016),retraceod20161121.zip,file,https://ftp.nyse.com/Historical%20Data%20Samples/NYSE%20RETRAC%20PROTRAC%20EOD%20%28HISTORICAL%C2%A0DATA%20THROUGH%204-2016%29/retraceod20161121.zip,7810,False,
TAQ CLOSING PRICES,EQY_US_AMEX_SUM_CLOSE_20260102.txt,file,https://ftp.nyse.com/Historical%20Data%20Samples/TAQ%20CLOSING%20PRICES/EQY_US_AMEX_SUM_CLOSE_20260102.txt,463196,False,
TAQ CLOSING PRICES,EQY_US_AMEX_SUM_CLOSE_20260102.xls,file,https://ftp.nyse.com/Historical%20Data%20Samples/TAQ%20CLOSING%20PRICES/EQY_US_AMEX_SUM_CLOSE_20260102.xls,1571840,False,
TAQ CLOSING PRICES,EQY_US_AMEX_SUM_CLOSE_20260102.xml,file,https://ftp.nyse.com/Historical%20Data%20Samples/TAQ%20CLOSING%20PRICES/EQY_US_AMEX_SUM_CLOSE_20260102.xml,3194714,False,
TAQ CLOSING PRICES,EQY_US_AMEX_SUM_CLOSE_20260105.txt,file,https://ftp.nyse.com/Historical%20Data%20Samples/TAQ%20CLOSING%20PRICES/EQY_US_AMEX_SUM_CLOSE_20260105.txt,474594,False,
TAQ CLOSING PRICES,EQY_US_AMEX_SUM_CLOSE_20260105.xls,file,https://ftp.nyse.com/Historical%20Data%20Samples/TAQ%20CLOSING%20PRICES/EQY_US_AMEX_SUM_CLOSE_20260105.xls,1613824,False,
TAQ CLOSING PRICES,EQY_US_AMEX_SUM_CLOSE_20260105.xml,file,https://ftp.nyse.com/Historical%20Data%20Samples/TAQ%20CLOSING%20PRICES/EQY_US_AMEX_SUM_CLOSE_20260105.xml,3274674,False,
TAQ CLOSING PRICES,EQY_US_ARCA_SUM_CLOSE_20260102.txt,file,https://ftp.nyse.com/Historical%20Data%20Samples/TAQ%20CLOSING%20PRICES/EQY_US_ARCA_SUM_CLOSE_20260102.txt,929362,False,
TAQ CLOSING PRICES,EQY_US_ARCA_SUM_CLOSE_20260102.xls,file,https://ftp.nyse.com/Historical%20Data%20Samples/TAQ%20CLOSING%20PRICES/EQY_US_ARCA_SUM_CLOSE_20260102.xls,3028480,False,
TAQ CLOSING PRICES,EQY_US_ARCA_SUM_CLOSE_20260102.xml,file,https://ftp.nyse.com/Historical%20Data%20Samples/TAQ%20CLOSING%20PRICES/EQY_US_ARCA_SUM_CLOSE_20260102.xml,6379466,False,
TAQ CLOSING PRICES,EQY_US_ARCA_SUM_CLOSE_20260105.txt,file,https://ftp.nyse.com/Historical%20Data%20Samples/TAQ%20CLOSING%20PRICES/EQY_US_ARCA_SUM_CLOSE_20260105.txt,930906,False,
TAQ CLOSING PRICES,EQY_US_ARCA_SUM_CLOSE_20260105.xls,file,https://ftp.nyse.com/Historical%20Data%20Samples/TAQ%20CLOSING%20PRICES/EQY_US_ARCA_SUM_CLOSE_20260105.xls,3033088,False,
TAQ CLOSING PRICES,EQY_US_ARCA_SUM_CLOSE_20260105.xml,file,https://ftp.nyse.com/Historical%20Data%20Samples/TAQ%20CLOSING%20PRICES/EQY_US_ARCA_SUM_CLOSE_20260105.xml,6385881,False,
TAQ CLOSING PRICES,EQY_US_CHICAGO_SUM_CLOSE_20250401.txt,file,https://ftp.nyse.com/Historical%20Data%20Samples/TAQ%20CLOSING%20PRICES/EQY_US_CHICAGO_SUM_CLOSE_20250401.txt,318972,False,
TAQ CLOSING PRICES,EQY_US_CHICAGO_SUM_CLOSE_20250401.xls,file,https://ftp.nyse.com/Historical%20Data%20Samples/TAQ%20CLOSING%20PRICES/EQY_US_CHICAGO_SUM_CLOSE_20250401.xls,1099264,False,
TAQ CLOSING PRICES,EQY_US_CHICAGO_SUM_CLOSE_20250401.xml,file,https://ftp.nyse.com/Historical%20Data%20Samples/TAQ%20CLOSING%20PRICES/EQY_US_CHICAGO_SUM_CLOSE_20250401.xml,2252753,False,
TAQ CLOSING PRICES,EQY_US_CHICAGO_SUM_CLOSE_20250402.txt,file,https://ftp.nyse.com/Historical%20Data%20Samples/TAQ%20CLOSING%20PRICES/EQY_US_CHICAGO_SUM_CLOSE_20250402.txt,310631,False,
TAQ CLOSING PRICES,EQY_US_CHICAGO_SUM_CLOSE_20250402.xls,file,https://ftp.nyse.com/Historical%20Data%20Samples/TAQ%20CLOSING%20PRICES/EQY_US_CHICAGO_SUM_CLOSE_20250402.xls,1070592,False,
TAQ CLOSING PRICES,EQY_US_CHICAGO_SUM_CLOSE_20250402.xml,file,https://ftp.nyse.com/Historical%20Data%20Samples/TAQ%20CLOSING%20PRICES/EQY_US_CHICAGO_SUM_CLOSE_20250402.xml,2198962,False,
TAQ CLOSING PRICES,EQY_US_NATIONAL_SUM_CLOSE_20260102.txt,file,https://ftp.nyse.com/Historical%20Data%20Samples/TAQ%20CLOSING%20PRICES/EQY_US_NATIONAL_SUM_CLOSE_20260102.txt,503116,False,
TAQ CLOSING PRICES,EQY_US_NATIONAL_SUM_CLOSE_20260102.xls,file,https://ftp.nyse.com/Historical%20Data%20Samples/TAQ%20CLOSING%20PRICES/EQY_US_NATIONAL_SUM_CLOSE_20260102.xls,1701376,False,
TAQ CLOSING PRICES,EQY_US_NATIONAL_SUM_CLOSE_20260102.xml,file,https://ftp.nyse.com/Historical%20Data%20Samples/TAQ%20CLOSING%20PRICES/EQY_US_NATIONAL_SUM_CLOSE_20260102.xml,3445638,False,
TAQ CLOSING PRICES,EQY_US_NATIONAL_SUM_CLOSE_20260105.txt,file,https://ftp.nyse.com/Historical%20Data%20Samples/TAQ%20CLOSING%20PRICES/EQY_US_NATIONAL_SUM_CLOSE_20260105.txt,517620,False,
TAQ CLOSING PRICES,EQY_US_NATIONAL_SUM_CLOSE_20260105.xls,file,https://ftp.nyse.com/Historical%20Data%20Samples/TAQ%20CLOSING%20PRICES/EQY_US_NATIONAL_SUM_CLOSE_20260105.xls,1750528,False,
TAQ CLOSING PRICES,EQY_US_NATIONAL_SUM_CLOSE_20260105.xml,file,https://ftp.nyse.com/Historical%20Data%20Samples/TAQ%20CLOSING%20PRICES/EQY_US_NATIONAL_SUM_CLOSE_20260105.xml,3546403,False,
TAQ CLOSING PRICES,EQY_US_NYSE_SUM_CLOSE_20260102.txt,file,https://ftp.nyse.com/Historical%20Data%20Samples/TAQ%20CLOSING%20PRICES/EQY_US_NYSE_SUM_CLOSE_20260102.txt,675341,False,
TAQ CLOSING PRICES,EQY_US_NYSE_SUM_CLOSE_20260102.xls,file,https://ftp.nyse.com/Historical%20Data%20Samples/TAQ%20CLOSING%20PRICES/EQY_US_NYSE_SUM_CLOSE_20260102.xls,2232320,False,
TAQ CLOSING PRICES,EQY_US_NYSE_SUM_CLOSE_20260102.xml,file,https://ftp.nyse.com/Historical%20Data%20Samples/TAQ%20CLOSING%20PRICES/EQY_US_NYSE_SUM_CLOSE_20260102.xml,4531336,False,
TAQ CLOSING PRICES,EQY_US_NYSE_SUM_CLOSE_20260105.txt,file,https://ftp.nyse.com/Historical%20Data%20Samples/TAQ%20CLOSING%20PRICES/EQY_US_NYSE_SUM_CLOSE_20260105.txt,686803,False,
TAQ CLOSING PRICES,EQY_US_NYSE_SUM_CLOSE_20260105.xls,file,https://ftp.nyse.com/Historical%20Data%20Samples/TAQ%20CLOSING%20PRICES/EQY_US_NYSE_SUM_CLOSE_20260105.xls,2268160,False,
TAQ CLOSING PRICES,EQY_US_NYSE_SUM_CLOSE_20260105.xml,file,https://ftp.nyse.com/Historical%20Data%20Samples/TAQ%20CLOSING%20PRICES/EQY_US_NYSE_SUM_CLOSE_20260105.xml,4610063,False,
TAQ GOTC BBO FEED,EQY_US_GOTC_IBF_20220510.gz,file,https://ftp.nyse.com/Historical%20Data%20Samples/TAQ%20GOTC%20BBO%20FEED/EQY_US_GOTC_IBF_20220510.gz,659057780,False,
TAQ GOTC BBO FEED,EQY_US_GOTC_IBF_20221003.gz,file,https://ftp.nyse.com/Historical%20Data%20Samples/TAQ%20GOTC%20BBO%20FEED/EQY_US_GOTC_IBF_20221003.gz,446178322,False,
TAQ GOTC BBO FEED,EQY_US_GOTC_IBF_20221004.gz,file,https://ftp.nyse.com/Historical%20Data%20Samples/TAQ%20GOTC%20BBO%20FEED/EQY_US_GOTC_IBF_20221004.gz,505335675,False,
TAQ GOTC BBO FEED,EQY_US_TAQ_AMEX_1_BBO_20260102.gz,file,https://ftp.nyse.com/Historical%20Data%20Samples/TAQ%20GOTC%20BBO%20FEED/EQY_US_TAQ_AMEX_1_BBO_20260102.gz,114165322,False,
TAQ GOTC BBO FEED,EQY_US_TAQ_AMEX_1_BBO_20260105.gz,file,https://ftp.nyse.com/Historical%20Data%20Samples/TAQ%20GOTC%20BBO%20FEED/EQY_US_TAQ_AMEX_1_BBO_20260105.gz,97017466,False,
TAQ GOTC BBO FEED,EQY_US_TAQ_AMEX_1_TRADES_20260102.gz,file,https://ftp.nyse.com/Historical%20Data%20Samples/TAQ%20GOTC%20BBO%20FEED/EQY_US_TAQ_AMEX_1_TRADES_20260102.gz,1125674,False,
TAQ GOTC BBO FEED,EQY_US_TAQ_AMEX_1_TRADES_20260105.gz,file,https://ftp.nyse.com/Historical%20Data%20Samples/TAQ%20GOTC%20BBO%20FEED/EQY_US_TAQ_AMEX_1_TRADES_20260105.gz,1440037,False,
TAQ GOTC BBO FEED,EQY_US_TAQ_AMEX_2_BBO_20260102.gz,file,https://ftp.nyse.com/Historical%20Data%20Samples/TAQ%20GOTC%20BBO%20FEED/EQY_US_TAQ_AMEX_2_BBO_20260102.gz,97465086,False,
TAQ GOTC BBO FEED,EQY_US_TAQ_AMEX_2_BBO_20260105.gz,file,https://ftp.nyse.com/Historical%20Data%20Samples/TAQ%20GOTC%20BBO%20FEED/EQY_US_TAQ_AMEX_2_BBO_20260105.gz,84832568,False,
TAQ GOTC BBO FEED,EQY_US_TAQ_AMEX_2_TRADES_20260102.gz,file,https://ftp.nyse.com/Historical%20Data%20Samples/TAQ%20GOTC%20BBO%20FEED/EQY_US_TAQ_AMEX_2_TRADES_20260102.gz,923784,False,
TAQ GOTC BBO FEED,EQY_US_TAQ_AMEX_2_TRADES_20260105.gz,file,https://ftp.nyse.com/Historical%20Data%20Samples/TAQ%20GOTC%20BBO%20FEED/EQY_US_TAQ_AMEX_2_TRADES_20260105.gz,1291482,False,
TAQ GOTC BBO FEED,EQY_US_TAQ_AMEX_3_BBO_20260102.gz,file,https://ftp.nyse.com/Historical%20Data%20Samples/TAQ%20GOTC%20BBO%20FEED/EQY_US_TAQ_AMEX_3_BBO_20260102.gz,105256470,False,
TAQ GOTC BBO FEED,EQY_US_TAQ_AMEX_3_BBO_20260105.gz,file,https://ftp.nyse.com/Historical%20Data%20Samples/TAQ%20GOTC%20BBO%20FEED/EQY_US_TAQ_AMEX_3_BBO_20260105.gz,94284757,False,
TAQ GOTC BBO FEED,EQY_US_TAQ_AMEX_3_TRADES_20260102.gz,file,https://ftp.nyse.com/Historical%20Data%20Samples/TAQ%20GOTC%20BBO%20FEED/EQY_US_TAQ_AMEX_3_TRADES_20260102.gz,1103089,False,
TAQ GOTC BBO FEED,EQY_US_TAQ_AMEX_3_TRADES_20260105.gz,file,https://ftp.nyse.com/Historical%20Data%20Samples/TAQ%20GOTC%20BBO%20FEED/EQY_US_TAQ_AMEX_3_TRADES_20260105.gz,1153631,False,
TAQ GOTC BBO FEED,EQY_US_TAQ_AMEX_4_BBO_20260102.gz,file,https://ftp.nyse.com/Historical%20Data%20Samples/TAQ%20GOTC%20BBO%20FEED/EQY_US_TAQ_AMEX_4_BBO_20260102.gz,112013197,False,
TAQ GOTC BBO FEED,EQY_US_TAQ_AMEX_4_BBO_20260105.gz,file,https://ftp.nyse.com/Historical%20Data%20Samples/TAQ%20GOTC%20BBO%20FEED/EQY_US_TAQ_AMEX_4_BBO_20260105.gz,88269318,False,
TAQ GOTC BBO FEED,EQY_US_TAQ_AMEX_4_TRADES_20260102.gz,file,https://ftp.nyse.com/Historical%20Data%20Samples/TAQ%20GOTC%20BBO%20FEED/EQY_US_TAQ_AMEX_4_TRADES_20260102.gz,923945,False,
TAQ GOTC BBO FEED,EQY_US_TAQ_AMEX_4_TRADES_20260105.gz,file,https://ftp.nyse.com/Historical%20Data%20Samples/TAQ%20GOTC%20BBO%20FEED/EQY_US_TAQ_AMEX_4_TRADES_20260105.gz,927270,False,
TAQ GOTC BBO FEED,EQY_US_TAQ_AMEX_5_BBO_20260102.gz,file,https://ftp.nyse.com/Historical%20Data%20Samples/TAQ%20GOTC%20BBO%20FEED/EQY_US_TAQ_AMEX_5_BBO_20260102.gz,63427388,False,
TAQ GOTC BBO FEED,EQY_US_TAQ_AMEX_5_BBO_20260105.gz,file,https://ftp.nyse.com/Historical%20Data%20Samples/TAQ%20GOTC%20BBO%20FEED/EQY_US_TAQ_AMEX_5_BBO_20260105.gz,58770267,False,
TAQ GOTC BBO FEED,EQY_US_TAQ_AMEX_5_TRADES_20260102.gz,file,https://ftp.nyse.com/Historical%20Data%20Samples/TAQ%20GOTC%20BBO%20FEED/EQY_US_TAQ_AMEX_5_TRADES_20260102.gz,750066,False,
TAQ GOTC BBO FEED,EQY_US_TAQ_AMEX_5_TRADES_20260105.gz,file,https://ftp.nyse.com/Historical%20Data%20Samples/TAQ%20GOTC%20BBO%20FEED/EQY_US_TAQ_AMEX_5_TRADES_20260105.gz,973622,False,
TAQ GOTC BBO FEED,EQY_US_TAQ_AMEX_6_BBO_20260102.gz,file,https://ftp.nyse.com/Historical%20Data%20Samples/TAQ%20GOTC%20BBO%20FEED/EQY_US_TAQ_AMEX_6_BBO_20260102.gz,65953073,False,
TAQ GOTC BBO FEED,EQY_US_TAQ_AMEX_6_BBO_20260105.gz,file,https://ftp.nyse.com/Historical%20Data%20Samples/TAQ%20GOTC%20BBO%20FEED/EQY_US_TAQ_AMEX_6_BBO_20260105.gz,60052299,False,
TAQ GOTC BBO FEED,EQY_US_TAQ_AMEX_6_TRADES_20260102.gz,file,https://ftp.nyse.com/Historical%20Data%20Samples/TAQ%20GOTC%20BBO%20FEED/EQY_US_TAQ_AMEX_6_TRADES_20260102.gz,900547,False,
TAQ GOTC BBO FEED,EQY_US_TAQ_AMEX_6_TRADES_20260105.gz,file,https://ftp.nyse.com/Historical%20Data%20Samples/TAQ%20GOTC%20BBO%20FEED/EQY_US_TAQ_AMEX_6_TRADES_20260105.gz,942502,False,
TAQ GOTC BBO FEED,EQY_US_TAQ_AMEX_BBO_1_20231002.gz,file,https://ftp.nyse.com/Historical%20Data%20Samples/TAQ%20GOTC%20BBO%20FEED/EQY_US_TAQ_AMEX_BBO_1_20231002.gz,397446946,False,
TAQ GOTC BBO FEED,EQY_US_TAQ_AMEX_BBO_1_20231003.gz,file,https://ftp.nyse.com/Historical%20Data%20Samples/TAQ%20GOTC%20BBO%20FEED/EQY_US_TAQ_AMEX_BBO_1_20231003.gz,391626901,False,
TAQ GOTC BBO FEED,EQY_US_TAQ_AMEX_BBO_2_20231002.gz,file,https://ftp.nyse.com/Historical%20Data%20Samples/TAQ%20GOTC%20BBO%20FEED/EQY_US_TAQ_AMEX_BBO_2_20231002.gz,486004120,False,
TAQ GOTC BBO FEED,EQY_US_TAQ_AMEX_BBO_2_20231003.gz,file,https://ftp.nyse.com/Historical%20Data%20Samples/TAQ%20GOTC%20BBO%20FEED/EQY_US_TAQ_AMEX_BBO_2_20231003.gz,481495215,False,
TAQ GOTC BBO FEED,EQY_US_TAQ_GOTC_BBO_20260102.gz,file,https://ftp.nyse.com/Historical%20Data%20Samples/TAQ%20GOTC%20BBO%20FEED/EQY_US_TAQ_GOTC_BBO_20260102.gz,37679906,False,
TAQ GOTC BBO FEED,EQY_US_TAQ_GOTC_BBO_20260105.gz,file,https://ftp.nyse.com/Historical%20Data%20Samples/TAQ%20GOTC%20BBO%20FEED/EQY_US_TAQ_GOTC_BBO_20260105.gz,44480611,False,
TAQ GROUP SHORT SALES & SHORT VOLUME,AMEXsh201910.zip,file,https://ftp.nyse.com/Historical%20Data%20Samples/TAQ%20GROUP%20SHORT%20SALES%20%26%20SHORT%20VOLUME/AMEXsh201910.zip,10359191,False,
TAQ GROUP SHORT SALES & SHORT VOLUME,AMEXsh202008.zip,file,https://ftp.nyse.com/Historical%20Data%20Samples/TAQ%20GROUP%20SHORT%20SALES%20%26%20SHORT%20VOLUME/AMEXsh202008.zip,38115804,False,
TAQ GROUP SHORT SALES & SHORT VOLUME,AMEXsh202009.zip,file,https://ftp.nyse.com/Historical%20Data%20Samples/TAQ%20GROUP%20SHORT%20SALES%20%26%20SHORT%20VOLUME/AMEXsh202009.zip,44429623,False,
TAQ GROUP SHORT SALES & SHORT VOLUME,AMEXsh202010.zip,file,https://ftp.nyse.com/Historical%20Data%20Samples/TAQ%20GROUP%20SHORT%20SALES%20%26%20SHORT%20VOLUME/AMEXsh202010.zip,44854543,False,
TAQ GROUP SHORT SALES & SHORT VOLUME,AMEXsh202101.zip,file,https://ftp.nyse.com/Historical%20Data%20Samples/TAQ%20GROUP%20SHORT%20SALES%20%26%20SHORT%20VOLUME/AMEXsh202101.zip,46600030,False,
TAQ GROUP SHORT SALES & SHORT VOLUME,AMEXsh202107.zip,file,https://ftp.nyse.com/Historical%20Data%20Samples/TAQ%20GROUP%20SHORT%20SALES%20%26%20SHORT%20VOLUME/AMEXsh202107.zip,40426070,False,
TAQ GROUP SHORT SALES & SHORT VOLUME,AMEXsh202201.zip,file,https://ftp.nyse.com/Historical%20Data%20Samples/TAQ%20GROUP%20SHORT%20SALES%20%26%20SHORT%20VOLUME/AMEXsh202201.zip,56448295,False,
TAQ GROUP SHORT SALES & SHORT VOLUME,AMEXsh202203.zip,file,https://ftp.nyse.com/Historical%20Data%20Samples/TAQ%20GROUP%20SHORT%20SALES%20%26%20SHORT%20VOLUME/AMEXsh202203.zip,73273193,False,
TAQ GROUP SHORT SALES & SHORT VOLUME,AMEXsh202207.zip,file,https://ftp.nyse.com/Historical%20Data%20Samples/TAQ%20GROUP%20SHORT%20SALES%20%26%20SHORT%20VOLUME/AMEXsh202207.zip,38264225,False,
TAQ GROUP SHORT SALES & SHORT VOLUME,AMEXsh202301.zip,file,https://ftp.nyse.com/Historical%20Data%20Samples/TAQ%20GROUP%20SHORT%20SALES%20%26%20SHORT%20VOLUME/AMEXsh202301.zip,31592572,False,
TAQ GROUP SHORT SALES & SHORT VOLUME,AMEXsh202401.zip,file,https://ftp.nyse.com/Historical%20Data%20Samples/TAQ%20GROUP%20SHORT%20SALES%20%26%20SHORT%20VOLUME/AMEXsh202401.zip,30444223,False,
TAQ GROUP SHORT SALES & SHORT VOLUME,AMEXsh202407.zip,file,https://ftp.nyse.com/Historical%20Data%20Samples/TAQ%20GROUP%20SHORT%20SALES%20%26%20SHORT%20VOLUME/AMEXsh202407.zip,27355804,False,
TAQ GROUP SHORT SALES & SHORT VOLUME,AMEXsh202501.zip,file,https://ftp.nyse.com/Historical%20Data%20Samples/TAQ%20GROUP%20SHORT%20SALES%20%26%20SHORT%20VOLUME/AMEXsh202501.zip,23942300,False,
TAQ GROUP SHORT SALES & SHORT VOLUME,AMEXsh202507.zip,file,https://ftp.nyse.com/Historical%20Data%20Samples/TAQ%20GROUP%20SHORT%20SALES%20%26%20SHORT%20VOLUME/AMEXsh202507.zip,29495852,False,
TAQ GROUP SHORT SALES & SHORT VOLUME,ARCAsh201910.zip,file,https://ftp.nyse.com/Historical%20Data%20Samples/TAQ%20GROUP%20SHORT%20SALES%20%26%20SHORT%20VOLUME/ARCAsh201910.zip,206004781,False,
TAQ GROUP SHORT SALES & SHORT VOLUME,ARCAsh202008.zip,file,https://ftp.nyse.com/Historical%20Data%20Samples/TAQ%20GROUP%20SHORT%20SALES%20%26%20SHORT%20VOLUME/ARCAsh202008.zip,538295661,False,
TAQ GROUP SHORT SALES & SHORT VOLUME,ARCAsh202009.zip,file,https://ftp.nyse.com/Historical%20Data%20Samples/TAQ%20GROUP%20SHORT%20SALES%20%26%20SHORT%20VOLUME/ARCAsh202009.zip,604382065,False,
TAQ GROUP SHORT SALES & SHORT VOLUME,ARCAsh202010.zip,file,https://ftp.nyse.com/Historical%20Data%20Samples/TAQ%20GROUP%20SHORT%20SALES%20%26%20SHORT%20VOLUME/ARCAsh202010.zip,527646211,False,
TAQ GROUP SHORT SALES & SHORT VOLUME,ARCAsh202101.zip,file,https://ftp.nyse.com/Historical%20Data%20Samples/TAQ%20GROUP%20SHORT%20SALES%20%26%20SHORT%20VOLUME/ARCAsh202101.zip,647488361,False,
TAQ GROUP SHORT SALES & SHORT VOLUME,ARCAsh202107.zip,file,https://ftp.nyse.com/Historical%20Data%20Samples/TAQ%20GROUP%20SHORT%20SALES%20%26%20SHORT%20VOLUME/ARCAsh202107.zip,592619847,False,
TAQ GROUP SHORT SALES & SHORT VOLUME,ARCAsh202201.zip,file,https://ftp.nyse.com/Historical%20Data%20Samples/TAQ%20GROUP%20SHORT%20SALES%20%26%20SHORT%20VOLUME/ARCAsh202201.zip,794502319,False,
TAQ GROUP SHORT SALES & SHORT VOLUME,ARCAsh202203.zip,file,https://ftp.nyse.com/Historical%20Data%20Samples/TAQ%20GROUP%20SHORT%20SALES%20%26%20SHORT%20VOLUME/ARCAsh202203.zip,959888995,False,
TAQ GROUP SHORT SALES & SHORT VOLUME,ARCAsh202207.zip,file,https://ftp.nyse.com/Historical%20Data%20Samples/TAQ%20GROUP%20SHORT%20SALES%20%26%20SHORT%20VOLUME/ARCAsh202207.zip,600389623,False,
TAQ GROUP SHORT SALES & SHORT VOLUME,ARCAsh202301.zip,file,https://ftp.nyse.com/Historical%20Data%20Samples/TAQ%20GROUP%20SHORT%20SALES%20%26%20SHORT%20VOLUME/ARCAsh202301.zip,594958949,False,
TAQ GROUP SHORT SALES & SHORT VOLUME,ARCAsh202401.zip,file,https://ftp.nyse.com/Historical%20Data%20Samples/TAQ%20GROUP%20SHORT%20SALES%20%26%20SHORT%20VOLUME/ARCAsh202401.zip,651390067,False,
TAQ GROUP SHORT SALES & SHORT VOLUME,ARCAsh202407.zip,file,https://ftp.nyse.com/Historical%20Data%20Samples/TAQ%20GROUP%20SHORT%20SALES%20%26%20SHORT%20VOLUME/ARCAsh202407.zip,643576602,False,
TAQ GROUP SHORT SALES & SHORT VOLUME,ARCAsh202501.zip,file,https://ftp.nyse.com/Historical%20Data%20Samples/TAQ%20GROUP%20SHORT%20SALES%20%26%20SHORT%20VOLUME/ARCAsh202501.zip,687418376,False,
TAQ GROUP SHORT SALES & SHORT VOLUME,ARCAsh202507.zip,file,https://ftp.nyse.com/Historical%20Data%20Samples/TAQ%20GROUP%20SHORT%20SALES%20%26%20SHORT%20VOLUME/ARCAsh202507.zip,978706675,False,
TAQ GROUP SHORT SALES & SHORT VOLUME,ARCAshvol20221003.txt,file,https://ftp.nyse.com/Historical%20Data%20Samples/TAQ%20GROUP%20SHORT%20SALES%20%26%20SHORT%20VOLUME/ARCAshvol20221003.txt,291158,False,
TAQ GROUP SHORT SALES & SHORT VOLUME,ARCAshvol20221003.xls,file,https://ftp.nyse.com/Historical%20Data%20Samples/TAQ%20GROUP%20SHORT%20SALES%20%26%20SHORT%20VOLUME/ARCAshvol20221003.xls,1235968,False,
TAQ GROUP SHORT SALES & SHORT VOLUME,ARCAshvol20221003.xml,file,https://ftp.nyse.com/Historical%20Data%20Samples/TAQ%20GROUP%20SHORT%20SALES%20%26%20SHORT%20VOLUME/ARCAshvol20221003.xml,1972266,False,
TAQ GROUP SHORT SALES & SHORT VOLUME,ARCAshvol20221004.txt,file,https://ftp.nyse.com/Historical%20Data%20Samples/TAQ%20GROUP%20SHORT%20SALES%20%26%20SHORT%20VOLUME/ARCAshvol20221004.txt,292376,False,
TAQ GROUP SHORT SALES & SHORT VOLUME,ARCAshvol20221004.xls,file,https://ftp.nyse.com/Historical%20Data%20Samples/TAQ%20GROUP%20SHORT%20SALES%20%26%20SHORT%20VOLUME/ARCAshvol20221004.xls,1237504,False,
TAQ GROUP SHORT SALES & SHORT VOLUME,ARCAshvol20221004.xml,file,https://ftp.nyse.com/Historical%20Data%20Samples/TAQ%20GROUP%20SHORT%20SALES%20%26%20SHORT%20VOLUME/ARCAshvol20221004.xml,1973822,False,
TAQ GROUP SHORT SALES & SHORT VOLUME,Amexshvol20221003.txt,file,https://ftp.nyse.com/Historical%20Data%20Samples/TAQ%20GROUP%20SHORT%20SALES%20%26%20SHORT%20VOLUME/Amexshvol20221003.txt,155087,False,
TAQ GROUP SHORT SALES & SHORT VOLUME,Amexshvol20221003.xls,file,https://ftp.nyse.com/Historical%20Data%20Samples/TAQ%20GROUP%20SHORT%20SALES%20%26%20SHORT%20VOLUME/Amexshvol20221003.xls,681984,False,
TAQ GROUP SHORT SALES & SHORT VOLUME,Amexshvol20221003.xml,file,https://ftp.nyse.com/Historical%20Data%20Samples/TAQ%20GROUP%20SHORT%20SALES%20%26%20SHORT%20VOLUME/Amexshvol20221003.xml,1111354,False,
TAQ GROUP SHORT SALES & SHORT VOLUME,Amexshvol20221004.txt,file,https://ftp.nyse.com/Historical%20Data%20Samples/TAQ%20GROUP%20SHORT%20SALES%20%26%20SHORT%20VOLUME/Amexshvol20221004.txt,157066,False,
TAQ GROUP SHORT SALES & SHORT VOLUME,Amexshvol20221004.xls,file,https://ftp.nyse.com/Historical%20Data%20Samples/TAQ%20GROUP%20SHORT%20SALES%20%26%20SHORT%20VOLUME/Amexshvol20221004.xls,691200,False,
TAQ GROUP SHORT SALES & SHORT VOLUME,Amexshvol20221004.xml,file,https://ftp.nyse.com/Historical%20Data%20Samples/TAQ%20GROUP%20SHORT%20SALES%20%26%20SHORT%20VOLUME/Amexshvol20221004.xml,1126684,False,
TAQ GROUP SHORT SALES & SHORT VOLUME,Chicagoshvol20221003.txt,file,https://ftp.nyse.com/Historical%20Data%20Samples/TAQ%20GROUP%20SHORT%20SALES%20%26%20SHORT%20VOLUME/Chicagoshvol20221003.txt,104336,False,
TAQ GROUP SHORT SALES & SHORT VOLUME,Chicagoshvol20221003.xls,file,https://ftp.nyse.com/Historical%20Data%20Samples/TAQ%20GROUP%20SHORT%20SALES%20%26%20SHORT%20VOLUME/Chicagoshvol20221003.xls,465408,False,
TAQ GROUP SHORT SALES & SHORT VOLUME,Chicagoshvol20221003.xml,file,https://ftp.nyse.com/Historical%20Data%20Samples/TAQ%20GROUP%20SHORT%20SALES%20%26%20SHORT%20VOLUME/Chicagoshvol20221003.xml,755727,False,
TAQ GROUP SHORT SALES & SHORT VOLUME,Chicagoshvol20221004.txt,file,https://ftp.nyse.com/Historical%20Data%20Samples/TAQ%20GROUP%20SHORT%20SALES%20%26%20SHORT%20VOLUME/Chicagoshvol20221004.txt,106784,False,
TAQ GROUP SHORT SALES & SHORT VOLUME,Chicagoshvol20221004.xls,file,https://ftp.nyse.com/Historical%20Data%20Samples/TAQ%20GROUP%20SHORT%20SALES%20%26%20SHORT%20VOLUME/Chicagoshvol20221004.xls,474624,False,
TAQ GROUP SHORT SALES & SHORT VOLUME,Chicagoshvol20221004.xml,file,https://ftp.nyse.com/Historical%20Data%20Samples/TAQ%20GROUP%20SHORT%20SALES%20%26%20SHORT%20VOLUME/Chicagoshvol20221004.xml,770850,False,
TAQ GROUP SHORT SALES & SHORT VOLUME,NYSEsh201910.zip,file,https://ftp.nyse.com/Historical%20Data%20Samples/TAQ%20GROUP%20SHORT%20SALES%20%26%20SHORT%20VOLUME/NYSEsh201910.zip,375337691,False,
TAQ GROUP SHORT SALES & SHORT VOLUME,NYSEsh202008.zip,file,https://ftp.nyse.com/Historical%20Data%20Samples/TAQ%20GROUP%20SHORT%20SALES%20%26%20SHORT%20VOLUME/NYSEsh202008.zip,600357419,False,
TAQ GROUP SHORT SALES & SHORT VOLUME,NYSEsh202009.zip,file,https://ftp.nyse.com/Historical%20Data%20Samples/TAQ%20GROUP%20SHORT%20SALES%20%26%20SHORT%20VOLUME/NYSEsh202009.zip,711380979,False,
TAQ GROUP SHORT SALES & SHORT VOLUME,NYSEsh202010.zip,file,https://ftp.nyse.com/Historical%20Data%20Samples/TAQ%20GROUP%20SHORT%20SALES%20%26%20SHORT%20VOLUME/NYSEsh202010.zip,654211671,False,
TAQ GROUP SHORT SALES & SHORT VOLUME,NYSEsh202101.zip,file,https://ftp.nyse.com/Historical%20Data%20Samples/TAQ%20GROUP%20SHORT%20SALES%20%26%20SHORT%20VOLUME/NYSEsh202101.zip,752790441,False,
TAQ GROUP SHORT SALES & SHORT VOLUME,NYSEsh202107.zip,file,https://ftp.nyse.com/Historical%20Data%20Samples/TAQ%20GROUP%20SHORT%20SALES%20%26%20SHORT%20VOLUME/NYSEsh202107.zip,717689384,False,
TAQ GROUP SHORT SALES & SHORT VOLUME,NYSEsh202201.zip,file,https://ftp.nyse.com/Historical%20Data%20Samples/TAQ%20GROUP%20SHORT%20SALES%20%26%20SHORT%20VOLUME/NYSEsh202201.zip,952876169,False,
TAQ GROUP SHORT SALES & SHORT VOLUME,NYSEsh202203.zip,file,https://ftp.nyse.com/Historical%20Data%20Samples/TAQ%20GROUP%20SHORT%20SALES%20%26%20SHORT%20VOLUME/NYSEsh202203.zip,1163919442,False,
TAQ GROUP SHORT SALES & SHORT VOLUME,NYSEsh202207.zip,file,https://ftp.nyse.com/Historical%20Data%20Samples/TAQ%20GROUP%20SHORT%20SALES%20%26%20SHORT%20VOLUME/NYSEsh202207.zip,817555508,False,
TAQ GROUP SHORT SALES & SHORT VOLUME,NYSEsh202301.zip,file,https://ftp.nyse.com/Historical%20Data%20Samples/TAQ%20GROUP%20SHORT%20SALES%20%26%20SHORT%20VOLUME/NYSEsh202301.zip,742151283,False,
TAQ GROUP SHORT SALES & SHORT VOLUME,NYSEsh202401.zip,file,https://ftp.nyse.com/Historical%20Data%20Samples/TAQ%20GROUP%20SHORT%20SALES%20%26%20SHORT%20VOLUME/NYSEsh202401.zip,793602739,False,
TAQ GROUP SHORT SALES & SHORT VOLUME,NYSEsh202407.zip,file,https://ftp.nyse.com/Historical%20Data%20Samples/TAQ%20GROUP%20SHORT%20SALES%20%26%20SHORT%20VOLUME/NYSEsh202407.zip,758820989,False,
TAQ GROUP SHORT SALES & SHORT VOLUME,NYSEsh202501.zip,file,https://ftp.nyse.com/Historical%20Data%20Samples/TAQ%20GROUP%20SHORT%20SALES%20%26%20SHORT%20VOLUME/NYSEsh202501.zip,711356854,False,
TAQ GROUP SHORT SALES & SHORT VOLUME,NYSEsh202507.zip,file,https://ftp.nyse.com/Historical%20Data%20Samples/TAQ%20GROUP%20SHORT%20SALES%20%26%20SHORT%20VOLUME/NYSEsh202507.zip,919991340,False,
TAQ GROUP SHORT SALES & SHORT VOLUME,NYSEshvol20221003.txt,file,https://ftp.nyse.com/Historical%20Data%20Samples/TAQ%20GROUP%20SHORT%20SALES%20%26%20SHORT%20VOLUME/NYSEshvol20221003.txt,232473,False,
TAQ GROUP SHORT SALES & SHORT VOLUME,NYSEshvol20221003.xls,file,https://ftp.nyse.com/Historical%20Data%20Samples/TAQ%20GROUP%20SHORT%20SALES%20%26%20SHORT%20VOLUME/NYSEshvol20221003.xls,973824,False,
TAQ GROUP SHORT SALES & SHORT VOLUME,NYSEshvol20221003.xml,file,https://ftp.nyse.com/Historical%20Data%20Samples/TAQ%20GROUP%20SHORT%20SALES%20%26%20SHORT%20VOLUME/NYSEshvol20221003.xml,1542119,False,
TAQ GROUP SHORT SALES & SHORT VOLUME,NYSEshvol20221004.txt,file,https://ftp.nyse.com/Historical%20Data%20Samples/TAQ%20GROUP%20SHORT%20SALES%20%26%20SHORT%20VOLUME/NYSEshvol20221004.txt,231727,False,
TAQ GROUP SHORT SALES & SHORT VOLUME,NYSEshvol20221004.xls,file,https://ftp.nyse.com/Historical%20Data%20Samples/TAQ%20GROUP%20SHORT%20SALES%20%26%20SHORT%20VOLUME/NYSEshvol20221004.xls,969728,False,
TAQ GROUP SHORT SALES & SHORT VOLUME,NYSEshvol20221004.xml,file,https://ftp.nyse.com/Historical%20Data%20Samples/TAQ%20GROUP%20SHORT%20SALES%20%26%20SHORT%20VOLUME/NYSEshvol20221004.xml,1534613,False,
TAQ GROUP SHORT SALES & SHORT VOLUME,Nationalshvol20221003.txt,file,https://ftp.nyse.com/Historical%20Data%20Samples/TAQ%20GROUP%20SHORT%20SALES%20%26%20SHORT%20VOLUME/Nationalshvol20221003.txt,163626,False,
TAQ GROUP SHORT SALES & SHORT VOLUME,Nationalshvol20221003.xls,file,https://ftp.nyse.com/Historical%20Data%20Samples/TAQ%20GROUP%20SHORT%20SALES%20%26%20SHORT%20VOLUME/Nationalshvol20221003.xls,720384,False,
TAQ GROUP SHORT SALES & SHORT VOLUME,Nationalshvol20221003.xml,file,https://ftp.nyse.com/Historical%20Data%20Samples/TAQ%20GROUP%20SHORT%20SALES%20%26%20SHORT%20VOLUME/Nationalshvol20221003.xml,1166368,False,
TAQ GROUP SHORT SALES & SHORT VOLUME,Nationalshvol20221004.txt,file,https://ftp.nyse.com/Historical%20Data%20Samples/TAQ%20GROUP%20SHORT%20SALES%20%26%20SHORT%20VOLUME/Nationalshvol20221004.txt,165592,False,
TAQ GROUP SHORT SALES & SHORT VOLUME,Nationalshvol20221004.xls,file,https://ftp.nyse.com/Historical%20Data%20Samples/TAQ%20GROUP%20SHORT%20SALES%20%26%20SHORT%20VOLUME/Nationalshvol20221004.xls,729088,False,
TAQ GROUP SHORT SALES & SHORT VOLUME,Nationalshvol20221004.xml,file,https://ftp.nyse.com/Historical%20Data%20Samples/TAQ%20GROUP%20SHORT%20SALES%20%26%20SHORT%20VOLUME/Nationalshvol20221004.xml,1182868,False,
TAQ GROUP SHORT SALES & SHORT VOLUME,chicagosh201910.zip,file,https://ftp.nyse.com/Historical%20Data%20Samples/TAQ%20GROUP%20SHORT%20SALES%20%26%20SHORT%20VOLUME/chicagosh201910.zip,2241,False,
TAQ GROUP SHORT SALES & SHORT VOLUME,chicagosh202008.zip,file,https://ftp.nyse.com/Historical%20Data%20Samples/TAQ%20GROUP%20SHORT%20SALES%20%26%20SHORT%20VOLUME/chicagosh202008.zip,2265380,False,
TAQ GROUP SHORT SALES & SHORT VOLUME,chicagosh202009.zip,file,https://ftp.nyse.com/Historical%20Data%20Samples/TAQ%20GROUP%20SHORT%20SALES%20%26%20SHORT%20VOLUME/chicagosh202009.zip,2594735,False,
TAQ GROUP SHORT SALES & SHORT VOLUME,chicagosh202010.zip,file,https://ftp.nyse.com/Historical%20Data%20Samples/TAQ%20GROUP%20SHORT%20SALES%20%26%20SHORT%20VOLUME/chicagosh202010.zip,2762885,False,
TAQ GROUP SHORT SALES & SHORT VOLUME,chicagosh202101.zip,file,https://ftp.nyse.com/Historical%20Data%20Samples/TAQ%20GROUP%20SHORT%20SALES%20%26%20SHORT%20VOLUME/chicagosh202101.zip,3462023,False,
TAQ GROUP SHORT SALES & SHORT VOLUME,chicagosh202107.zip,file,https://ftp.nyse.com/Historical%20Data%20Samples/TAQ%20GROUP%20SHORT%20SALES%20%26%20SHORT%20VOLUME/chicagosh202107.zip,4026104,False,
TAQ GROUP SHORT SALES & SHORT VOLUME,chicagosh202201.zip,file,https://ftp.nyse.com/Historical%20Data%20Samples/TAQ%20GROUP%20SHORT%20SALES%20%26%20SHORT%20VOLUME/chicagosh202201.zip,15831884,False,
TAQ GROUP SHORT SALES & SHORT VOLUME,chicagosh202203.zip,file,https://ftp.nyse.com/Historical%20Data%20Samples/TAQ%20GROUP%20SHORT%20SALES%20%26%20SHORT%20VOLUME/chicagosh202203.zip,25590466,False,
TAQ GROUP SHORT SALES & SHORT VOLUME,chicagosh202207.zip,file,https://ftp.nyse.com/Historical%20Data%20Samples/TAQ%20GROUP%20SHORT%20SALES%20%26%20SHORT%20VOLUME/chicagosh202207.zip,14079832,False,
TAQ GROUP SHORT SALES & SHORT VOLUME,chicagosh202301.zip,file,https://ftp.nyse.com/Historical%20Data%20Samples/TAQ%20GROUP%20SHORT%20SALES%20%26%20SHORT%20VOLUME/chicagosh202301.zip,21930736,False,
TAQ GROUP SHORT SALES & SHORT VOLUME,chicagosh202401.zip,file,https://ftp.nyse.com/Historical%20Data%20Samples/TAQ%20GROUP%20SHORT%20SALES%20%26%20SHORT%20VOLUME/chicagosh202401.zip,29334442,False,
TAQ GROUP SHORT SALES & SHORT VOLUME,chicagosh202407.zip,file,https://ftp.nyse.com/Historical%20Data%20Samples/TAQ%20GROUP%20SHORT%20SALES%20%26%20SHORT%20VOLUME/chicagosh202407.zip,48825587,False,
TAQ GROUP SHORT SALES & SHORT VOLUME,chicagosh202501.zip,file,https://ftp.nyse.com/Historical%20Data%20Samples/TAQ%20GROUP%20SHORT%20SALES%20%26%20SHORT%20VOLUME/chicagosh202501.zip,13151208,False,
TAQ GROUP SHORT SALES & SHORT VOLUME,nationalsh201910.zip,file,https://ftp.nyse.com/Historical%20Data%20Samples/TAQ%20GROUP%20SHORT%20SALES%20%26%20SHORT%20VOLUME/nationalsh201910.zip,82303139,False,
TAQ GROUP SHORT SALES & SHORT VOLUME,nationalsh202008.zip,file,https://ftp.nyse.com/Historical%20Data%20Samples/TAQ%20GROUP%20SHORT%20SALES%20%26%20SHORT%20VOLUME/nationalsh202008.zip,124133893,False,
TAQ GROUP SHORT SALES & SHORT VOLUME,nationalsh202009.zip,file,https://ftp.nyse.com/Historical%20Data%20Samples/TAQ%20GROUP%20SHORT%20SALES%20%26%20SHORT%20VOLUME/nationalsh202009.zip,128538218,False,
TAQ GROUP SHORT SALES & SHORT VOLUME,nationalsh202010.zip,file,https://ftp.nyse.com/Historical%20Data%20Samples/TAQ%20GROUP%20SHORT%20SALES%20%26%20SHORT%20VOLUME/nationalsh202010.zip,122154676,False,
TAQ GROUP SHORT SALES & SHORT VOLUME,nationalsh202101.zip,file,https://ftp.nyse.com/Historical%20Data%20Samples/TAQ%20GROUP%20SHORT%20SALES%20%26%20SHORT%20VOLUME/nationalsh202101.zip,105325657,False,
TAQ GROUP SHORT SALES & SHORT VOLUME,nationalsh202107.zip,file,https://ftp.nyse.com/Historical%20Data%20Samples/TAQ%20GROUP%20SHORT%20SALES%20%26%20SHORT%20VOLUME/nationalsh202107.zip,125007400,False,
TAQ GROUP SHORT SALES & SHORT VOLUME,nationalsh202201.zip,file,https://ftp.nyse.com/Historical%20Data%20Samples/TAQ%20GROUP%20SHORT%20SALES%20%26%20SHORT%20VOLUME/nationalsh202201.zip,129474407,False,
TAQ GROUP SHORT SALES & SHORT VOLUME,nationalsh202203.zip,file,https://ftp.nyse.com/Historical%20Data%20Samples/TAQ%20GROUP%20SHORT%20SALES%20%26%20SHORT%20VOLUME/nationalsh202203.zip,163367695,False,
TAQ GROUP SHORT SALES & SHORT VOLUME,nationalsh202207.zip,file,https://ftp.nyse.com/Historical%20Data%20Samples/TAQ%20GROUP%20SHORT%20SALES%20%26%20SHORT%20VOLUME/nationalsh202207.zip,96336864,False,
TAQ GROUP SHORT SALES & SHORT VOLUME,nationalsh202301.zip,file,https://ftp.nyse.com/Historical%20Data%20Samples/TAQ%20GROUP%20SHORT%20SALES%20%26%20SHORT%20VOLUME/nationalsh202301.zip,80827664,False,
TAQ GROUP SHORT SALES & SHORT VOLUME,nationalsh202401.zip,file,https://ftp.nyse.com/Historical%20Data%20Samples/TAQ%20GROUP%20SHORT%20SALES%20%26%20SHORT%20VOLUME/nationalsh202401.zip,65673878,False,
TAQ GROUP SHORT SALES & SHORT VOLUME,nationalsh202407.zip,file,https://ftp.nyse.com/Historical%20Data%20Samples/TAQ%20GROUP%20SHORT%20SALES%20%26%20SHORT%20VOLUME/nationalsh202407.zip,49259107,False,
TAQ GROUP SHORT SALES & SHORT VOLUME,nationalsh202501.zip,file,https://ftp.nyse.com/Historical%20Data%20Samples/TAQ%20GROUP%20SHORT%20SALES%20%26%20SHORT%20VOLUME/nationalsh202501.zip,57790478,False,
TAQ GROUP SHORT SALES & SHORT VOLUME,nationalsh202507.zip,file,https://ftp.nyse.com/Historical%20Data%20Samples/TAQ%20GROUP%20SHORT%20SALES%20%26%20SHORT%20VOLUME/nationalsh202507.zip,90441455,False,
TAQ NYSE ALERTS,EQY_US_NYSE_REF_ALERTS_20190822.txt,file,https://ftp.nyse.com/Historical%20Data%20Samples/TAQ%20NYSE%20ALERTS/EQY_US_NYSE_REF_ALERTS_20190822.txt,6632,False,
TAQ NYSE ALERTS,EQY_US_NYSE_REF_ALERTS_20190822.xls,file,https://ftp.nyse.com/Historical%20Data%20Samples/TAQ%20NYSE%20ALERTS/EQY_US_NYSE_REF_ALERTS_20190822.xls,23552,False,
TAQ NYSE ALERTS,EQY_US_NYSE_REF_ALERTS_20190822.xml,file,https://ftp.nyse.com/Historical%20Data%20Samples/TAQ%20NYSE%20ALERTS/EQY_US_NYSE_REF_ALERTS_20190822.xml,44413,False,
TAQ NYSE ALERTS,EQY_US_NYSE_REF_ALERTS_20190823.txt,file,https://ftp.nyse.com/Historical%20Data%20Samples/TAQ%20NYSE%20ALERTS/EQY_US_NYSE_REF_ALERTS_20190823.txt,6632,False,
TAQ NYSE ALERTS,EQY_US_NYSE_REF_ALERTS_20190823.xls,file,https://ftp.nyse.com/Historical%20Data%20Samples/TAQ%20NYSE%20ALERTS/EQY_US_NYSE_REF_ALERTS_20190823.xls,23552,False,
TAQ NYSE ALERTS,EQY_US_NYSE_REF_ALERTS_20190823.xml,file,https://ftp.nyse.com/Historical%20Data%20Samples/TAQ%20NYSE%20ALERTS/EQY_US_NYSE_REF_ALERTS_20190823.xml,44413,False,
TAQ NYSE AMERICAN BBO,EQY_US_TAQ_AMEX_BBO_1_20191007.gz,file,https://ftp.nyse.com/Historical%20Data%20Samples/TAQ%20NYSE%20AMERICAN%20BBO/EQY_US_TAQ_AMEX_BBO_1_20191007.gz,84959431,False,
TAQ NYSE AMERICAN BBO,EQY_US_TAQ_AMEX_BBO_1_20191008.gz,file,https://ftp.nyse.com/Historical%20Data%20Samples/TAQ%20NYSE%20AMERICAN%20BBO/EQY_US_TAQ_AMEX_BBO_1_20191008.gz,99708381,False,
TAQ NYSE AMERICAN BBO,EQY_US_TAQ_AMEX_BBO_2_20191007.gz,file,https://ftp.nyse.com/Historical%20Data%20Samples/TAQ%20NYSE%20AMERICAN%20BBO/EQY_US_TAQ_AMEX_BBO_2_20191007.gz,102315171,False,
TAQ NYSE AMERICAN BBO,EQY_US_TAQ_AMEX_BBO_2_20191008.gz,file,https://ftp.nyse.com/Historical%20Data%20Samples/TAQ%20NYSE%20AMERICAN%20BBO/EQY_US_TAQ_AMEX_BBO_2_20191008.gz,132501264,False,
TAQ NYSE AMERICAN INTEGRATED FEED,EQY_US_AMEX_IBF_1_20260102.gz,file,https://ftp.nyse.com/Historical%20Data%20Samples/TAQ%20NYSE%20AMERICAN%20INTEGRATED%20FEED/EQY_US_AMEX_IBF_1_20260102.gz,170562999,False,
TAQ NYSE AMERICAN INTEGRATED FEED,EQY_US_AMEX_IBF_1_20260105.gz,file,https://ftp.nyse.com/Historical%20Data%20Samples/TAQ%20NYSE%20AMERICAN%20INTEGRATED%20FEED/EQY_US_AMEX_IBF_1_20260105.gz,143348247,False,
TAQ NYSE AMERICAN INTEGRATED FEED,EQY_US_AMEX_IBF_2_20260102.gz,file,https://ftp.nyse.com/Historical%20Data%20Samples/TAQ%20NYSE%20AMERICAN%20INTEGRATED%20FEED/EQY_US_AMEX_IBF_2_20260102.gz,146149205,False,
TAQ NYSE AMERICAN INTEGRATED FEED,EQY_US_AMEX_IBF_2_20260105.gz,file,https://ftp.nyse.com/Historical%20Data%20Samples/TAQ%20NYSE%20AMERICAN%20INTEGRATED%20FEED/EQY_US_AMEX_IBF_2_20260105.gz,128241360,False,
TAQ NYSE AMERICAN INTEGRATED FEED,EQY_US_AMEX_IBF_3_20260102.gz,file,https://ftp.nyse.com/Historical%20Data%20Samples/TAQ%20NYSE%20AMERICAN%20INTEGRATED%20FEED/EQY_US_AMEX_IBF_3_20260102.gz,156994316,False,
TAQ NYSE AMERICAN INTEGRATED FEED,EQY_US_AMEX_IBF_3_20260105.gz,file,https://ftp.nyse.com/Historical%20Data%20Samples/TAQ%20NYSE%20AMERICAN%20INTEGRATED%20FEED/EQY_US_AMEX_IBF_3_20260105.gz,137644162,False,
TAQ NYSE AMERICAN INTEGRATED FEED,EQY_US_AMEX_IBF_4_20260102.gz,file,https://ftp.nyse.com/Historical%20Data%20Samples/TAQ%20NYSE%20AMERICAN%20INTEGRATED%20FEED/EQY_US_AMEX_IBF_4_20260102.gz,167174663,False,
TAQ NYSE AMERICAN INTEGRATED FEED,EQY_US_AMEX_IBF_4_20260105.gz,file,https://ftp.nyse.com/Historical%20Data%20Samples/TAQ%20NYSE%20AMERICAN%20INTEGRATED%20FEED/EQY_US_AMEX_IBF_4_20260105.gz,126719049,False,
TAQ NYSE AMERICAN INTEGRATED FEED,EQY_US_AMEX_IBF_5_20260102.gz,file,https://ftp.nyse.com/Historical%20Data%20Samples/TAQ%20NYSE%20AMERICAN%20INTEGRATED%20FEED/EQY_US_AMEX_IBF_5_20260102.gz,93441930,False,
TAQ NYSE AMERICAN INTEGRATED FEED,EQY_US_AMEX_IBF_5_20260105.gz,file,https://ftp.nyse.com/Historical%20Data%20Samples/TAQ%20NYSE%20AMERICAN%20INTEGRATED%20FEED/EQY_US_AMEX_IBF_5_20260105.gz,80884558,False,
TAQ NYSE AMERICAN INTEGRATED FEED,EQY_US_AMEX_IBF_6_20260102.gz,file,https://ftp.nyse.com/Historical%20Data%20Samples/TAQ%20NYSE%20AMERICAN%20INTEGRATED%20FEED/EQY_US_AMEX_IBF_6_20260102.gz,99606970,False,
TAQ NYSE AMERICAN INTEGRATED FEED,EQY_US_AMEX_IBF_6_20260105.gz,file,https://ftp.nyse.com/Historical%20Data%20Samples/TAQ%20NYSE%20AMERICAN%20INTEGRATED%20FEED/EQY_US_AMEX_IBF_6_20260105.gz,86291582,False,
TAQ NYSE AMERICAN INTEGRATED FEED,EQY_US_AMEX_STOCKSUM_20260102.gz,file,https://ftp.nyse.com/Historical%20Data%20Samples/TAQ%20NYSE%20AMERICAN%20INTEGRATED%20FEED/EQY_US_AMEX_STOCKSUM_20260102.gz,84506368,False,
TAQ NYSE AMERICAN INTEGRATED FEED,EQY_US_AMEX_STOCKSUM_20260105.gz,file,https://ftp.nyse.com/Historical%20Data%20Samples/TAQ%20NYSE%20AMERICAN%20INTEGRATED%20FEED/EQY_US_AMEX_STOCKSUM_20260105.gz,87091854,False,
TAQ NYSE AMERICAN OPENBOOK,EQY_US_MKT_BOOK_1_20260102.gz,file,https://ftp.nyse.com/Historical%20Data%20Samples/TAQ%20NYSE%20AMERICAN%20OPENBOOK/EQY_US_MKT_BOOK_1_20260102.gz,151833281,False,
TAQ NYSE AMERICAN OPENBOOK,EQY_US_MKT_BOOK_1_20260105.gz,file,https://ftp.nyse.com/Historical%20Data%20Samples/TAQ%20NYSE%20AMERICAN%20OPENBOOK/EQY_US_MKT_BOOK_1_20260105.gz,127685497,False,
TAQ NYSE AMERICAN OPENBOOK,EQY_US_MKT_BOOK_2_20260102.gz,file,https://ftp.nyse.com/Historical%20Data%20Samples/TAQ%20NYSE%20AMERICAN%20OPENBOOK/EQY_US_MKT_BOOK_2_20260102.gz,274392605,False,
TAQ NYSE AMERICAN OPENBOOK,EQY_US_MKT_BOOK_2_20260105.gz,file,https://ftp.nyse.com/Historical%20Data%20Samples/TAQ%20NYSE%20AMERICAN%20OPENBOOK/EQY_US_MKT_BOOK_2_20260105.gz,227660145,False,
TAQ NYSE AMERICAN OPENBOOK,EQY_US_MKT_BOOK_3_20260102.gz,file,https://ftp.nyse.com/Historical%20Data%20Samples/TAQ%20NYSE%20AMERICAN%20OPENBOOK/EQY_US_MKT_BOOK_3_20260102.gz,161780800,False,
TAQ NYSE AMERICAN OPENBOOK,EQY_US_MKT_BOOK_3_20260105.gz,file,https://ftp.nyse.com/Historical%20Data%20Samples/TAQ%20NYSE%20AMERICAN%20OPENBOOK/EQY_US_MKT_BOOK_3_20260105.gz,146126780,False,
TAQ NYSE AMERICAN OPENBOOK,EQY_US_MKT_BOOK_4_20260102.gz,file,https://ftp.nyse.com/Historical%20Data%20Samples/TAQ%20NYSE%20AMERICAN%20OPENBOOK/EQY_US_MKT_BOOK_4_20260102.gz,306330090,False,
TAQ NYSE AMERICAN OPENBOOK,EQY_US_MKT_BOOK_4_20260105.gz,file,https://ftp.nyse.com/Historical%20Data%20Samples/TAQ%20NYSE%20AMERICAN%20OPENBOOK/EQY_US_MKT_BOOK_4_20260105.gz,249592790,False,
TAQ NYSE AMERICAN OPENBOOK,EQY_US_MKT_BOOK_AGGR_20260102.gz,file,https://ftp.nyse.com/Historical%20Data%20Samples/TAQ%20NYSE%20AMERICAN%20OPENBOOK/EQY_US_MKT_BOOK_AGGR_20260102.gz,163718291,False,
TAQ NYSE AMERICAN OPENBOOK,EQY_US_MKT_BOOK_AGGR_20260105.gz,file,https://ftp.nyse.com/Historical%20Data%20Samples/TAQ%20NYSE%20AMERICAN%20OPENBOOK/EQY_US_MKT_BOOK_AGGR_20260105.gz,145066861,False,
TAQ NYSE AMERICAN ORDER IMBALANCES,EQY_US_AMEX_REF_IMBALANCES_20260102.gz,file,https://ftp.nyse.com/Historical%20Data%20Samples/TAQ%20NYSE%20AMERICAN%20ORDER%20IMBALANCES/EQY_US_AMEX_REF_IMBALANCES_20260102.gz,2632230,False,
TAQ NYSE AMERICAN ORDER IMBALANCES,EQY_US_AMEX_REF_IMBALANCES_20260105.gz,file,https://ftp.nyse.com/Historical%20Data%20Samples/TAQ%20NYSE%20AMERICAN%20ORDER%20IMBALANCES/EQY_US_AMEX_REF_IMBALANCES_20260105.gz,2862310,False,
TAQ NYSE AMERICAN TRADES,EQY_US_AMEX_STOCKSUM_20260102.gz,file,https://ftp.nyse.com/Historical%20Data%20Samples/TAQ%20NYSE%20AMERICAN%20TRADES/EQY_US_AMEX_STOCKSUM_20260102.gz,84506368,False,
TAQ NYSE AMERICAN TRADES,EQY_US_AMEX_STOCKSUM_20260105.gz,file,https://ftp.nyse.com/Historical%20Data%20Samples/TAQ%20NYSE%20AMERICAN%20TRADES/EQY_US_AMEX_STOCKSUM_20260105.gz,87091854,False,
TAQ NYSE AMERICAN TRADES,EQY_US_TAQ_AMEX_TRADES_20231002.gz,file,https://ftp.nyse.com/Historical%20Data%20Samples/TAQ%20NYSE%20AMERICAN%20TRADES/EQY_US_TAQ_AMEX_TRADES_20231002.gz,6435770,False,
TAQ NYSE AMERICAN TRADES,EQY_US_TAQ_AMEX_TRADES_20231003.gz,file,https://ftp.nyse.com/Historical%20Data%20Samples/TAQ%20NYSE%20AMERICAN%20TRADES/EQY_US_TAQ_AMEX_TRADES_20231003.gz,6293278,False,
TAQ NYSE ARCA BBO,EQY_US_TAQ_ARCA_BBO_1_20260102.gz,file,https://ftp.nyse.com/Historical%20Data%20Samples/TAQ%20NYSE%20ARCA%20BBO/EQY_US_TAQ_ARCA_BBO_1_20260102.gz,436069121,False,
TAQ NYSE ARCA BBO,EQY_US_TAQ_ARCA_BBO_1_20260105.gz,file,https://ftp.nyse.com/Historical%20Data%20Samples/TAQ%20NYSE%20ARCA%20BBO/EQY_US_TAQ_ARCA_BBO_1_20260105.gz,375032492,False,
TAQ NYSE ARCA BBO,EQY_US_TAQ_ARCA_BBO_2_20260102.gz,file,https://ftp.nyse.com/Historical%20Data%20Samples/TAQ%20NYSE%20ARCA%20BBO/EQY_US_TAQ_ARCA_BBO_2_20260102.gz,365353938,False,
TAQ NYSE ARCA BBO,EQY_US_TAQ_ARCA_BBO_2_20260105.gz,file,https://ftp.nyse.com/Historical%20Data%20Samples/TAQ%20NYSE%20ARCA%20BBO/EQY_US_TAQ_ARCA_BBO_2_20260105.gz,350417359,False,
TAQ NYSE ARCA INTEGRATED FEED,EQY_US_ALL_ARCA_BOOK_20091123.csv.gz,file,https://ftp.nyse.com/Historical%20Data%20Samples/TAQ%20NYSE%20ARCA%20INTEGRATED%20FEED/EQY_US_ALL_ARCA_BOOK_20091123.csv.gz,3171526929,False,
TAQ NYSE ARCA INTEGRATED FEED,EQY_US_ALL_ARCA_BOOK_20110308.csv.gz,file,https://ftp.nyse.com/Historical%20Data%20Samples/TAQ%20NYSE%20ARCA%20INTEGRATED%20FEED/EQY_US_ALL_ARCA_BOOK_20110308.csv.gz,3871729409,False,
TAQ NYSE ARCA INTEGRATED FEED,EQY_US_ALL_ARCA_BOOK_20150618.csv.gz,file,https://ftp.nyse.com/Historical%20Data%20Samples/TAQ%20NYSE%20ARCA%20INTEGRATED%20FEED/EQY_US_ALL_ARCA_BOOK_20150618.csv.gz,20,False,
TAQ NYSE ARCA INTEGRATED FEED,EQY_US_ALL_ARCA_BOOK_20150618.csv.gz.MD5,file,https://ftp.nyse.com/Historical%20Data%20Samples/TAQ%20NYSE%20ARCA%20INTEGRATED%20FEED/EQY_US_ALL_ARCA_BOOK_20150618.csv.gz.MD5,33,False,
TAQ NYSE ARCA INTEGRATED FEED,EQY_US_ALL_ARCA_BOOK_20150619.csv.gz,file,https://ftp.nyse.com/Historical%20Data%20Samples/TAQ%20NYSE%20ARCA%20INTEGRATED%20FEED/EQY_US_ALL_ARCA_BOOK_20150619.csv.gz,20,False,
TAQ NYSE ARCA INTEGRATED FEED,EQY_US_ALL_ARCA_BOOK_20150619.csv.gz.MD5,file,https://ftp.nyse.com/Historical%20Data%20Samples/TAQ%20NYSE%20ARCA%20INTEGRATED%20FEED/EQY_US_ALL_ARCA_BOOK_20150619.csv.gz.MD5,33,False,
TAQ NYSE ARCA INTEGRATED FEED,EQY_US_ARCA_IBF_10_20200803.gz,file,https://ftp.nyse.com/Historical%20Data%20Samples/TAQ%20NYSE%20ARCA%20INTEGRATED%20FEED/EQY_US_ARCA_IBF_10_20200803.gz,401461491,False,
TAQ NYSE ARCA INTEGRATED FEED,EQY_US_ARCA_IBF_10_20210104.gz,file,https://ftp.nyse.com/Historical%20Data%20Samples/TAQ%20NYSE%20ARCA%20INTEGRATED%20FEED/EQY_US_ARCA_IBF_10_20210104.gz,637755250,False,
TAQ NYSE ARCA INTEGRATED FEED,EQY_US_ARCA_IBF_10_20210105.gz,file,https://ftp.nyse.com/Historical%20Data%20Samples/TAQ%20NYSE%20ARCA%20INTEGRATED%20FEED/EQY_US_ARCA_IBF_10_20210105.gz,487246530,False,
TAQ NYSE ARCA INTEGRATED FEED,EQY_US_ARCA_IBF_10_20220401.gz,file,https://ftp.nyse.com/Historical%20Data%20Samples/TAQ%20NYSE%20ARCA%20INTEGRATED%20FEED/EQY_US_ARCA_IBF_10_20220401.gz,771038243,False,
TAQ NYSE ARCA INTEGRATED FEED,EQY_US_ARCA_IBF_10_20220404.gz,file,https://ftp.nyse.com/Historical%20Data%20Samples/TAQ%20NYSE%20ARCA%20INTEGRATED%20FEED/EQY_US_ARCA_IBF_10_20220404.gz,634462683,False,
TAQ NYSE ARCA INTEGRATED FEED,EQY_US_ARCA_IBF_11_20200803.gz,file,https://ftp.nyse.com/Historical%20Data%20Samples/TAQ%20NYSE%20ARCA%20INTEGRATED%20FEED/EQY_US_ARCA_IBF_11_20200803.gz,411228024,False,
TAQ NYSE ARCA INTEGRATED FEED,EQY_US_ARCA_IBF_11_20210104.gz,file,https://ftp.nyse.com/Historical%20Data%20Samples/TAQ%20NYSE%20ARCA%20INTEGRATED%20FEED/EQY_US_ARCA_IBF_11_20210104.gz,634675402,False,
TAQ NYSE ARCA INTEGRATED FEED,EQY_US_ARCA_IBF_11_20210105.gz,file,https://ftp.nyse.com/Historical%20Data%20Samples/TAQ%20NYSE%20ARCA%20INTEGRATED%20FEED/EQY_US_ARCA_IBF_11_20210105.gz,474712221,False,
TAQ NYSE ARCA INTEGRATED FEED,EQY_US_ARCA_IBF_11_20220401.gz,file,https://ftp.nyse.com/Historical%20Data%20Samples/TAQ%20NYSE%20ARCA%20INTEGRATED%20FEED/EQY_US_ARCA_IBF_11_20220401.gz,702266035,False,
TAQ NYSE ARCA INTEGRATED FEED,EQY_US_ARCA_IBF_11_20220404.gz,file,https://ftp.nyse.com/Historical%20Data%20Samples/TAQ%20NYSE%20ARCA%20INTEGRATED%20FEED/EQY_US_ARCA_IBF_11_20220404.gz,604607395,False,
TAQ NYSE ARCA INTEGRATED FEED,EQY_US_ARCA_IBF_1_20260102.gz,file,https://ftp.nyse.com/Historical%20Data%20Samples/TAQ%20NYSE%20ARCA%20INTEGRATED%20FEED/EQY_US_ARCA_IBF_1_20260102.gz,983084178,False,
TAQ NYSE ARCA INTEGRATED FEED,EQY_US_ARCA_IBF_1_20260105.gz,file,https://ftp.nyse.com/Historical%20Data%20Samples/TAQ%20NYSE%20ARCA%20INTEGRATED%20FEED/EQY_US_ARCA_IBF_1_20260105.gz,892782891,False,
TAQ NYSE ARCA INTEGRATED FEED,EQY_US_ARCA_IBF_2_20260102.gz,file,https://ftp.nyse.com/Historical%20Data%20Samples/TAQ%20NYSE%20ARCA%20INTEGRATED%20FEED/EQY_US_ARCA_IBF_2_20260102.gz,901224619,False,
TAQ NYSE ARCA INTEGRATED FEED,EQY_US_ARCA_IBF_2_20260105.gz,file,https://ftp.nyse.com/Historical%20Data%20Samples/TAQ%20NYSE%20ARCA%20INTEGRATED%20FEED/EQY_US_ARCA_IBF_2_20260105.gz,815320066,False,
TAQ NYSE ARCA INTEGRATED FEED,EQY_US_ARCA_IBF_3_20260102.gz,file,https://ftp.nyse.com/Historical%20Data%20Samples/TAQ%20NYSE%20ARCA%20INTEGRATED%20FEED/EQY_US_ARCA_IBF_3_20260102.gz,909737646,False,
TAQ NYSE ARCA INTEGRATED FEED,EQY_US_ARCA_IBF_3_20260105.gz,file,https://ftp.nyse.com/Historical%20Data%20Samples/TAQ%20NYSE%20ARCA%20INTEGRATED%20FEED/EQY_US_ARCA_IBF_3_20260105.gz,819851530,False,
TAQ NYSE ARCA INTEGRATED FEED,EQY_US_ARCA_IBF_4_20260102.gz,file,https://ftp.nyse.com/Historical%20Data%20Samples/TAQ%20NYSE%20ARCA%20INTEGRATED%20FEED/EQY_US_ARCA_IBF_4_20260102.gz,978887669,False,
TAQ NYSE ARCA INTEGRATED FEED,EQY_US_ARCA_IBF_4_20260105.gz,file,https://ftp.nyse.com/Historical%20Data%20Samples/TAQ%20NYSE%20ARCA%20INTEGRATED%20FEED/EQY_US_ARCA_IBF_4_20260105.gz,762289556,False,
TAQ NYSE ARCA INTEGRATED FEED,EQY_US_ARCA_IBF_5_20260102.gz,file,https://ftp.nyse.com/Historical%20Data%20Samples/TAQ%20NYSE%20ARCA%20INTEGRATED%20FEED/EQY_US_ARCA_IBF_5_20260102.gz,940656034,False,
TAQ NYSE ARCA INTEGRATED FEED,EQY_US_ARCA_IBF_5_20260105.gz,file,https://ftp.nyse.com/Historical%20Data%20Samples/TAQ%20NYSE%20ARCA%20INTEGRATED%20FEED/EQY_US_ARCA_IBF_5_20260105.gz,825747177,False,
TAQ NYSE ARCA INTEGRATED FEED,EQY_US_ARCA_IBF_6_20260102.gz,file,https://ftp.nyse.com/Historical%20Data%20Samples/TAQ%20NYSE%20ARCA%20INTEGRATED%20FEED/EQY_US_ARCA_IBF_6_20260102.gz,811877751,False,
TAQ NYSE ARCA INTEGRATED FEED,EQY_US_ARCA_IBF_6_20260105.gz,file,https://ftp.nyse.com/Historical%20Data%20Samples/TAQ%20NYSE%20ARCA%20INTEGRATED%20FEED/EQY_US_ARCA_IBF_6_20260105.gz,791112218,False,
TAQ NYSE ARCA INTEGRATED FEED,EQY_US_ARCA_IBF_7_20260102.gz,file,https://ftp.nyse.com/Historical%20Data%20Samples/TAQ%20NYSE%20ARCA%20INTEGRATED%20FEED/EQY_US_ARCA_IBF_7_20260102.gz,940197428,False,
TAQ NYSE ARCA INTEGRATED FEED,EQY_US_ARCA_IBF_7_20260105.gz,file,https://ftp.nyse.com/Historical%20Data%20Samples/TAQ%20NYSE%20ARCA%20INTEGRATED%20FEED/EQY_US_ARCA_IBF_7_20260105.gz,865557195,False,
TAQ NYSE ARCA INTEGRATED FEED,EQY_US_ARCA_IBF_8_20260102.gz,file,https://ftp.nyse.com/Historical%20Data%20Samples/TAQ%20NYSE%20ARCA%20INTEGRATED%20FEED/EQY_US_ARCA_IBF_8_20260102.gz,764689217,False,
TAQ NYSE ARCA INTEGRATED FEED,EQY_US_ARCA_IBF_8_20260105.gz,file,https://ftp.nyse.com/Historical%20Data%20Samples/TAQ%20NYSE%20ARCA%20INTEGRATED%20FEED/EQY_US_ARCA_IBF_8_20260105.gz,748434470,False,
TAQ NYSE ARCA INTEGRATED FEED,EQY_US_ARCA_IBF_9_20200803.gz,file,https://ftp.nyse.com/Historical%20Data%20Samples/TAQ%20NYSE%20ARCA%20INTEGRATED%20FEED/EQY_US_ARCA_IBF_9_20200803.gz,373475466,False,
TAQ NYSE ARCA INTEGRATED FEED,EQY_US_ARCA_IBF_9_20210104.gz,file,https://ftp.nyse.com/Historical%20Data%20Samples/TAQ%20NYSE%20ARCA%20INTEGRATED%20FEED/EQY_US_ARCA_IBF_9_20210104.gz,590250893,False,
TAQ NYSE ARCA INTEGRATED FEED,EQY_US_ARCA_IBF_9_20210105.gz,file,https://ftp.nyse.com/Historical%20Data%20Samples/TAQ%20NYSE%20ARCA%20INTEGRATED%20FEED/EQY_US_ARCA_IBF_9_20210105.gz,442249956,False,
TAQ NYSE ARCA INTEGRATED FEED,EQY_US_ARCA_IBF_9_20220401.gz,file,https://ftp.nyse.com/Historical%20Data%20Samples/TAQ%20NYSE%20ARCA%20INTEGRATED%20FEED/EQY_US_ARCA_IBF_9_20220401.gz,805905221,False,
TAQ NYSE ARCA INTEGRATED FEED,EQY_US_ARCA_IBF_9_20220404.gz,file,https://ftp.nyse.com/Historical%20Data%20Samples/TAQ%20NYSE%20ARCA%20INTEGRATED%20FEED/EQY_US_ARCA_IBF_9_20220404.gz,666489597,False,
TAQ NYSE ARCA INTEGRATED FEED,EQY_US_ARCA_STOCKSUM_20260102.gz,file,https://ftp.nyse.com/Historical%20Data%20Samples/TAQ%20NYSE%20ARCA%20INTEGRATED%20FEED/EQY_US_ARCA_STOCKSUM_20260102.gz,202670676,False,
TAQ NYSE ARCA INTEGRATED FEED,EQY_US_ARCA_STOCKSUM_20260105.gz,file,https://ftp.nyse.com/Historical%20Data%20Samples/TAQ%20NYSE%20ARCA%20INTEGRATED%20FEED/EQY_US_ARCA_STOCKSUM_20260105.gz,210259358,False,
TAQ NYSE ARCA ORDER IMBALANCES,EQY_US_ARCA_REF_IMBALANCES_20260102.gz,file,https://ftp.nyse.com/Historical%20Data%20Samples/TAQ%20NYSE%20ARCA%20ORDER%20IMBALANCES/EQY_US_ARCA_REF_IMBALANCES_20260102.gz,101861750,False,
TAQ NYSE ARCA ORDER IMBALANCES,EQY_US_ARCA_REF_IMBALANCES_20260105.gz,file,https://ftp.nyse.com/Historical%20Data%20Samples/TAQ%20NYSE%20ARCA%20ORDER%20IMBALANCES/EQY_US_ARCA_REF_IMBALANCES_20260105.gz,103945460,False,
TAQ NYSE ARCA TRADES,EQY_US_ALL_ARCA_TRADE_20091123.csv.gz,file,https://ftp.nyse.com/Historical%20Data%20Samples/TAQ%20NYSE%20ARCA%20TRADES/EQY_US_ALL_ARCA_TRADE_20091123.csv.gz,201885004,False,
TAQ NYSE ARCA TRADES,EQY_US_ALL_ARCA_TRADE_20110308.csv.gz,file,https://ftp.nyse.com/Historical%20Data%20Samples/TAQ%20NYSE%20ARCA%20TRADES/EQY_US_ALL_ARCA_TRADE_20110308.csv.gz,238287060,False,
TAQ NYSE ARCA TRADES,EQY_US_ALL_ARCA_TRADE_BUST_20091123.csv.gz,file,https://ftp.nyse.com/Historical%20Data%20Samples/TAQ%20NYSE%20ARCA%20TRADES/EQY_US_ALL_ARCA_TRADE_BUST_20091123.csv.gz,708,False,
TAQ NYSE ARCA TRADES,EQY_US_ALL_ARCA_TRADE_BUST_20110308.csv.gz,file,https://ftp.nyse.com/Historical%20Data%20Samples/TAQ%20NYSE%20ARCA%20TRADES/EQY_US_ALL_ARCA_TRADE_BUST_20110308.csv.gz,347,False,
TAQ NYSE ARCA TRADES,EQY_US_ARCA_STOCKSUM_20260102.gz,file,https://ftp.nyse.com/Historical%20Data%20Samples/TAQ%20NYSE%20ARCA%20TRADES/EQY_US_ARCA_STOCKSUM_20260102.gz,202670676,False,
TAQ NYSE ARCA TRADES,EQY_US_ARCA_STOCKSUM_20260105.gz,file,https://ftp.nyse.com/Historical%20Data%20Samples/TAQ%20NYSE%20ARCA%20TRADES/EQY_US_ARCA_STOCKSUM_20260105.gz,210259358,False,
TAQ NYSE ARCA TRADES,EQY_US_TAQ_ARCA_TRADES_10_20260102.gz,file,https://ftp.nyse.com/Historical%20Data%20Samples/TAQ%20NYSE%20ARCA%20TRADES/EQY_US_TAQ_ARCA_TRADES_10_20260102.gz,23405578,False,
TAQ NYSE ARCA TRADES,EQY_US_TAQ_ARCA_TRADES_10_20260105.gz,file,https://ftp.nyse.com/Historical%20Data%20Samples/TAQ%20NYSE%20ARCA%20TRADES/EQY_US_TAQ_ARCA_TRADES_10_20260105.gz,21849171,False,
TAQ NYSE ARCA TRADES,EQY_US_TAQ_ARCA_TRADES_11_20260102.gz,file,https://ftp.nyse.com/Historical%20Data%20Samples/TAQ%20NYSE%20ARCA%20TRADES/EQY_US_TAQ_ARCA_TRADES_11_20260102.gz,19512728,False,
TAQ NYSE ARCA TRADES,EQY_US_TAQ_ARCA_TRADES_11_20260105.gz,file,https://ftp.nyse.com/Historical%20Data%20Samples/TAQ%20NYSE%20ARCA%20TRADES/EQY_US_TAQ_ARCA_TRADES_11_20260105.gz,22133170,False,
TAQ NYSE ARCA TRADES,EQY_US_TAQ_ARCA_TRADES_12_20260102.gz,file,https://ftp.nyse.com/Historical%20Data%20Samples/TAQ%20NYSE%20ARCA%20TRADES/EQY_US_TAQ_ARCA_TRADES_12_20260102.gz,22358376,False,
TAQ NYSE ARCA TRADES,EQY_US_TAQ_ARCA_TRADES_12_20260105.gz,file,https://ftp.nyse.com/Historical%20Data%20Samples/TAQ%20NYSE%20ARCA%20TRADES/EQY_US_TAQ_ARCA_TRADES_12_20260105.gz,24108572,False,
TAQ NYSE ARCA TRADES,EQY_US_TAQ_ARCA_TRADES_13_20260102.gz,file,https://ftp.nyse.com/Historical%20Data%20Samples/TAQ%20NYSE%20ARCA%20TRADES/EQY_US_TAQ_ARCA_TRADES_13_20260102.gz,18179157,False,
TAQ NYSE ARCA TRADES,EQY_US_TAQ_ARCA_TRADES_13_20260105.gz,file,https://ftp.nyse.com/Historical%20Data%20Samples/TAQ%20NYSE%20ARCA%20TRADES/EQY_US_TAQ_ARCA_TRADES_13_20260105.gz,25915336,False,
TAQ NYSE ARCA TRADES,EQY_US_TAQ_ARCA_TRADES_14_20260102.gz,file,https://ftp.nyse.com/Historical%20Data%20Samples/TAQ%20NYSE%20ARCA%20TRADES/EQY_US_TAQ_ARCA_TRADES_14_20260102.gz,22227404,False,
TAQ NYSE ARCA TRADES,EQY_US_TAQ_ARCA_TRADES_14_20260105.gz,file,https://ftp.nyse.com/Historical%20Data%20Samples/TAQ%20NYSE%20ARCA%20TRADES/EQY_US_TAQ_ARCA_TRADES_14_20260105.gz,21338718,False,
TAQ NYSE ARCA TRADES,EQY_US_TAQ_ARCA_TRADES_1_20260102.gz,file,https://ftp.nyse.com/Historical%20Data%20Samples/TAQ%20NYSE%20ARCA%20TRADES/EQY_US_TAQ_ARCA_TRADES_1_20260102.gz,14646789,False,
TAQ NYSE ARCA TRADES,EQY_US_TAQ_ARCA_TRADES_1_20260105.gz,file,https://ftp.nyse.com/Historical%20Data%20Samples/TAQ%20NYSE%20ARCA%20TRADES/EQY_US_TAQ_ARCA_TRADES_1_20260105.gz,14601904,False,
TAQ NYSE ARCA TRADES,EQY_US_TAQ_ARCA_TRADES_2_20260102.gz,file,https://ftp.nyse.com/Historical%20Data%20Samples/TAQ%20NYSE%20ARCA%20TRADES/EQY_US_TAQ_ARCA_TRADES_2_20260102.gz,11709050,False,
TAQ NYSE ARCA TRADES,EQY_US_TAQ_ARCA_TRADES_2_20260105.gz,file,https://ftp.nyse.com/Historical%20Data%20Samples/TAQ%20NYSE%20ARCA%20TRADES/EQY_US_TAQ_ARCA_TRADES_2_20260105.gz,16158510,False,
TAQ NYSE ARCA TRADES,EQY_US_TAQ_ARCA_TRADES_3_20260102.gz,file,https://ftp.nyse.com/Historical%20Data%20Samples/TAQ%20NYSE%20ARCA%20TRADES/EQY_US_TAQ_ARCA_TRADES_3_20260102.gz,11943467,False,
TAQ NYSE ARCA TRADES,EQY_US_TAQ_ARCA_TRADES_3_20260105.gz,file,https://ftp.nyse.com/Historical%20Data%20Samples/TAQ%20NYSE%20ARCA%20TRADES/EQY_US_TAQ_ARCA_TRADES_3_20260105.gz,12829725,False,
TAQ NYSE ARCA TRADES,EQY_US_TAQ_ARCA_TRADES_4_20260102.gz,file,https://ftp.nyse.com/Historical%20Data%20Samples/TAQ%20NYSE%20ARCA%20TRADES/EQY_US_TAQ_ARCA_TRADES_4_20260102.gz,14140075,False,
TAQ NYSE ARCA TRADES,EQY_US_TAQ_ARCA_TRADES_4_20260105.gz,file,https://ftp.nyse.com/Historical%20Data%20Samples/TAQ%20NYSE%20ARCA%20TRADES/EQY_US_TAQ_ARCA_TRADES_4_20260105.gz,12289855,False,
TAQ NYSE ARCA TRADES,EQY_US_TAQ_ARCA_TRADES_5_20260102.gz,file,https://ftp.nyse.com/Historical%20Data%20Samples/TAQ%20NYSE%20ARCA%20TRADES/EQY_US_TAQ_ARCA_TRADES_5_20260102.gz,11583659,False,
TAQ NYSE ARCA TRADES,EQY_US_TAQ_ARCA_TRADES_5_20260105.gz,file,https://ftp.nyse.com/Historical%20Data%20Samples/TAQ%20NYSE%20ARCA%20TRADES/EQY_US_TAQ_ARCA_TRADES_5_20260105.gz,13484943,False,
TAQ NYSE ARCA TRADES,EQY_US_TAQ_ARCA_TRADES_6_20260102.gz,file,https://ftp.nyse.com/Historical%20Data%20Samples/TAQ%20NYSE%20ARCA%20TRADES/EQY_US_TAQ_ARCA_TRADES_6_20260102.gz,10255441,False,
TAQ NYSE ARCA TRADES,EQY_US_TAQ_ARCA_TRADES_6_20260105.gz,file,https://ftp.nyse.com/Historical%20Data%20Samples/TAQ%20NYSE%20ARCA%20TRADES/EQY_US_TAQ_ARCA_TRADES_6_20260105.gz,14024329,False,
TAQ NYSE ARCA TRADES,EQY_US_TAQ_ARCA_TRADES_7_20260102.gz,file,https://ftp.nyse.com/Historical%20Data%20Samples/TAQ%20NYSE%20ARCA%20TRADES/EQY_US_TAQ_ARCA_TRADES_7_20260102.gz,10401979,False,
TAQ NYSE ARCA TRADES,EQY_US_TAQ_ARCA_TRADES_7_20260105.gz,file,https://ftp.nyse.com/Historical%20Data%20Samples/TAQ%20NYSE%20ARCA%20TRADES/EQY_US_TAQ_ARCA_TRADES_7_20260105.gz,14947384,False,
TAQ NYSE ARCA TRADES,EQY_US_TAQ_ARCA_TRADES_8_20260102.gz,file,https://ftp.nyse.com/Historical%20Data%20Samples/TAQ%20NYSE%20ARCA%20TRADES/EQY_US_TAQ_ARCA_TRADES_8_20260102.gz,11091779,False,
TAQ NYSE ARCA TRADES,EQY_US_TAQ_ARCA_TRADES_8_20260105.gz,file,https://ftp.nyse.com/Historical%20Data%20Samples/TAQ%20NYSE%20ARCA%20TRADES/EQY_US_TAQ_ARCA_TRADES_8_20260105.gz,12270125,False,
TAQ NYSE ARCA TRADES,EQY_US_TAQ_ARCA_TRADES_9_20260102.gz,file,https://ftp.nyse.com/Historical%20Data%20Samples/TAQ%20NYSE%20ARCA%20TRADES/EQY_US_TAQ_ARCA_TRADES_9_20260102.gz,10183833,False,
TAQ NYSE ARCA TRADES,EQY_US_TAQ_ARCA_TRADES_9_20260105.gz,file,https://ftp.nyse.com/Historical%20Data%20Samples/TAQ%20NYSE%20ARCA%20TRADES/EQY_US_TAQ_ARCA_TRADES_9_20260105.gz,13170252,False,
TAQ NYSE BBO,EQY_US_TAQ_NYSE_10_BBO_20260102.gz,file,https://ftp.nyse.com/Historical%20Data%20Samples/TAQ%20NYSE%20BBO/EQY_US_TAQ_NYSE_10_BBO_20260102.gz,533441762,False,
TAQ NYSE BBO,EQY_US_TAQ_NYSE_10_BBO_20260105.gz,file,https://ftp.nyse.com/Historical%20Data%20Samples/TAQ%20NYSE%20BBO/EQY_US_TAQ_NYSE_10_BBO_20260105.gz,421578585,False,
TAQ NYSE BBO,EQY_US_TAQ_NYSE_10_TRADES_20260102.gz,file,https://ftp.nyse.com/Historical%20Data%20Samples/TAQ%20NYSE%20BBO/EQY_US_TAQ_NYSE_10_TRADES_20260102.gz,4329064,False,
TAQ NYSE BBO,EQY_US_TAQ_NYSE_10_TRADES_20260105.gz,file,https://ftp.nyse.com/Historical%20Data%20Samples/TAQ%20NYSE%20BBO/EQY_US_TAQ_NYSE_10_TRADES_20260105.gz,3885127,False,
TAQ NYSE BBO,EQY_US_TAQ_NYSE_11_BBO_20260102.gz,file,https://ftp.nyse.com/Historical%20Data%20Samples/TAQ%20NYSE%20BBO/EQY_US_TAQ_NYSE_11_BBO_20260102.gz,536994946,False,
TAQ NYSE BBO,EQY_US_TAQ_NYSE_11_BBO_20260105.gz,file,https://ftp.nyse.com/Historical%20Data%20Samples/TAQ%20NYSE%20BBO/EQY_US_TAQ_NYSE_11_BBO_20260105.gz,402680610,False,
TAQ NYSE BBO,EQY_US_TAQ_NYSE_11_TRADES_20260102.gz,file,https://ftp.nyse.com/Historical%20Data%20Samples/TAQ%20NYSE%20BBO/EQY_US_TAQ_NYSE_11_TRADES_20260102.gz,3601624,False,
TAQ NYSE BBO,EQY_US_TAQ_NYSE_11_TRADES_20260105.gz,file,https://ftp.nyse.com/Historical%20Data%20Samples/TAQ%20NYSE%20BBO/EQY_US_TAQ_NYSE_11_TRADES_20260105.gz,3601688,False,
TAQ NYSE BBO,EQY_US_TAQ_NYSE_12_BBO_20260102.gz,file,https://ftp.nyse.com/Historical%20Data%20Samples/TAQ%20NYSE%20BBO/EQY_US_TAQ_NYSE_12_BBO_20260102.gz,487738221,False,
TAQ NYSE BBO,EQY_US_TAQ_NYSE_12_BBO_20260105.gz,file,https://ftp.nyse.com/Historical%20Data%20Samples/TAQ%20NYSE%20BBO/EQY_US_TAQ_NYSE_12_BBO_20260105.gz,422368453,False,
TAQ NYSE BBO,EQY_US_TAQ_NYSE_12_TRADES_20260102.gz,file,https://ftp.nyse.com/Historical%20Data%20Samples/TAQ%20NYSE%20BBO/EQY_US_TAQ_NYSE_12_TRADES_20260102.gz,3491469,False,
TAQ NYSE BBO,EQY_US_TAQ_NYSE_12_TRADES_20260105.gz,file,https://ftp.nyse.com/Historical%20Data%20Samples/TAQ%20NYSE%20BBO/EQY_US_TAQ_NYSE_12_TRADES_20260105.gz,3549863,False,
TAQ NYSE BBO,EQY_US_TAQ_NYSE_13_BBO_20260102.gz,file,https://ftp.nyse.com/Historical%20Data%20Samples/TAQ%20NYSE%20BBO/EQY_US_TAQ_NYSE_13_BBO_20260102.gz,409752123,False,
TAQ NYSE BBO,EQY_US_TAQ_NYSE_13_BBO_20260105.gz,file,https://ftp.nyse.com/Historical%20Data%20Samples/TAQ%20NYSE%20BBO/EQY_US_TAQ_NYSE_13_BBO_20260105.gz,323108194,False,
TAQ NYSE BBO,EQY_US_TAQ_NYSE_13_TRADES_20260102.gz,file,https://ftp.nyse.com/Historical%20Data%20Samples/TAQ%20NYSE%20BBO/EQY_US_TAQ_NYSE_13_TRADES_20260102.gz,12585523,False,
TAQ NYSE BBO,EQY_US_TAQ_NYSE_13_TRADES_20260105.gz,file,https://ftp.nyse.com/Historical%20Data%20Samples/TAQ%20NYSE%20BBO/EQY_US_TAQ_NYSE_13_TRADES_20260105.gz,13663742,False,
TAQ NYSE BBO,EQY_US_TAQ_NYSE_14_BBO_20260102.gz,file,https://ftp.nyse.com/Historical%20Data%20Samples/TAQ%20NYSE%20BBO/EQY_US_TAQ_NYSE_14_BBO_20260102.gz,394301431,False,
TAQ NYSE BBO,EQY_US_TAQ_NYSE_14_BBO_20260105.gz,file,https://ftp.nyse.com/Historical%20Data%20Samples/TAQ%20NYSE%20BBO/EQY_US_TAQ_NYSE_14_BBO_20260105.gz,360252080,False,
TAQ NYSE BBO,EQY_US_TAQ_NYSE_14_TRADES_20260102.gz,file,https://ftp.nyse.com/Historical%20Data%20Samples/TAQ%20NYSE%20BBO/EQY_US_TAQ_NYSE_14_TRADES_20260102.gz,12413684,False,
TAQ NYSE BBO,EQY_US_TAQ_NYSE_14_TRADES_20260105.gz,file,https://ftp.nyse.com/Historical%20Data%20Samples/TAQ%20NYSE%20BBO/EQY_US_TAQ_NYSE_14_TRADES_20260105.gz,13036030,False,
TAQ NYSE BBO,EQY_US_TAQ_NYSE_1_BBO_20260102.gz,file,https://ftp.nyse.com/Historical%20Data%20Samples/TAQ%20NYSE%20BBO/EQY_US_TAQ_NYSE_1_BBO_20260102.gz,78938740,False,
TAQ NYSE BBO,EQY_US_TAQ_NYSE_1_BBO_20260105.gz,file,https://ftp.nyse.com/Historical%20Data%20Samples/TAQ%20NYSE%20BBO/EQY_US_TAQ_NYSE_1_BBO_20260105.gz,87306959,False,
TAQ NYSE BBO,EQY_US_TAQ_NYSE_1_TRADES_20260102.gz,file,https://ftp.nyse.com/Historical%20Data%20Samples/TAQ%20NYSE%20BBO/EQY_US_TAQ_NYSE_1_TRADES_20260102.gz,11759229,False,
TAQ NYSE BBO,EQY_US_TAQ_NYSE_1_TRADES_20260105.gz,file,https://ftp.nyse.com/Historical%20Data%20Samples/TAQ%20NYSE%20BBO/EQY_US_TAQ_NYSE_1_TRADES_20260105.gz,13608890,False,
TAQ NYSE BBO,EQY_US_TAQ_NYSE_2_BBO_20260102.gz,file,https://ftp.nyse.com/Historical%20Data%20Samples/TAQ%20NYSE%20BBO/EQY_US_TAQ_NYSE_2_BBO_20260102.gz,78382452,False,
TAQ NYSE BBO,EQY_US_TAQ_NYSE_2_BBO_20260105.gz,file,https://ftp.nyse.com/Historical%20Data%20Samples/TAQ%20NYSE%20BBO/EQY_US_TAQ_NYSE_2_BBO_20260105.gz,85135082,False,
TAQ NYSE BBO,EQY_US_TAQ_NYSE_2_TRADES_20260102.gz,file,https://ftp.nyse.com/Historical%20Data%20Samples/TAQ%20NYSE%20BBO/EQY_US_TAQ_NYSE_2_TRADES_20260102.gz,10659144,False,
TAQ NYSE BBO,EQY_US_TAQ_NYSE_2_TRADES_20260105.gz,file,https://ftp.nyse.com/Historical%20Data%20Samples/TAQ%20NYSE%20BBO/EQY_US_TAQ_NYSE_2_TRADES_20260105.gz,13499022,False,
TAQ NYSE BBO,EQY_US_TAQ_NYSE_3_BBO_20260102.gz,file,https://ftp.nyse.com/Historical%20Data%20Samples/TAQ%20NYSE%20BBO/EQY_US_TAQ_NYSE_3_BBO_20260102.gz,75881041,False,
TAQ NYSE BBO,EQY_US_TAQ_NYSE_3_BBO_20260105.gz,file,https://ftp.nyse.com/Historical%20Data%20Samples/TAQ%20NYSE%20BBO/EQY_US_TAQ_NYSE_3_BBO_20260105.gz,83568644,False,
TAQ NYSE BBO,EQY_US_TAQ_NYSE_3_TRADES_20260102.gz,file,https://ftp.nyse.com/Historical%20Data%20Samples/TAQ%20NYSE%20BBO/EQY_US_TAQ_NYSE_3_TRADES_20260102.gz,11234432,False,
TAQ NYSE BBO,EQY_US_TAQ_NYSE_3_TRADES_20260105.gz,file,https://ftp.nyse.com/Historical%20Data%20Samples/TAQ%20NYSE%20BBO/EQY_US_TAQ_NYSE_3_TRADES_20260105.gz,13625055,False,
TAQ NYSE BBO,EQY_US_TAQ_NYSE_4_BBO_20260102.gz,file,https://ftp.nyse.com/Historical%20Data%20Samples/TAQ%20NYSE%20BBO/EQY_US_TAQ_NYSE_4_BBO_20260102.gz,73015489,False,
TAQ NYSE BBO,EQY_US_TAQ_NYSE_4_BBO_20260105.gz,file,https://ftp.nyse.com/Historical%20Data%20Samples/TAQ%20NYSE%20BBO/EQY_US_TAQ_NYSE_4_BBO_20260105.gz,83051266,False,
TAQ NYSE BBO,EQY_US_TAQ_NYSE_4_TRADES_20240401.gz,file,https://ftp.nyse.com/Historical%20Data%20Samples/TAQ%20NYSE%20BBO/EQY_US_TAQ_NYSE_4_TRADES_20240401.gz,6818200,False,
TAQ NYSE BBO,EQY_US_TAQ_NYSE_4_TRADES_20240701.gz,file,https://ftp.nyse.com/Historical%20Data%20Samples/TAQ%20NYSE%20BBO/EQY_US_TAQ_NYSE_4_TRADES_20240701.gz,7191831,False,
TAQ NYSE BBO,EQY_US_TAQ_NYSE_4_TRADES_20250102.gz,file,https://ftp.nyse.com/Historical%20Data%20Samples/TAQ%20NYSE%20BBO/EQY_US_TAQ_NYSE_4_TRADES_20250102.gz,7221681,False,
TAQ NYSE BBO,EQY_US_TAQ_NYSE_4_TRADES_20250401.gz,file,https://ftp.nyse.com/Historical%20Data%20Samples/TAQ%20NYSE%20BBO/EQY_US_TAQ_NYSE_4_TRADES_20250401.gz,8396423,False,
TAQ NYSE BBO,EQY_US_TAQ_NYSE_4_TRADES_20250701.gz,file,https://ftp.nyse.com/Historical%20Data%20Samples/TAQ%20NYSE%20BBO/EQY_US_TAQ_NYSE_4_TRADES_20250701.gz,10010276,False,
TAQ NYSE BBO,EQY_US_TAQ_NYSE_4_TRADES_20251002.gz,file,https://ftp.nyse.com/Historical%20Data%20Samples/TAQ%20NYSE%20BBO/EQY_US_TAQ_NYSE_4_TRADES_20251002.gz,12538336,False,
TAQ NYSE BBO,EQY_US_TAQ_NYSE_4_TRADES_20260102.gz,file,https://ftp.nyse.com/Historical%20Data%20Samples/TAQ%20NYSE%20BBO/EQY_US_TAQ_NYSE_4_TRADES_20260102.gz,10535612,False,
TAQ NYSE BBO,EQY_US_TAQ_NYSE_5_BBO_20260102.gz,file,https://ftp.nyse.com/Historical%20Data%20Samples/TAQ%20NYSE%20BBO/EQY_US_TAQ_NYSE_5_BBO_20260102.gz,73826417,False,
TAQ NYSE BBO,EQY_US_TAQ_NYSE_5_BBO_20260105.gz,file,https://ftp.nyse.com/Historical%20Data%20Samples/TAQ%20NYSE%20BBO/EQY_US_TAQ_NYSE_5_BBO_20260105.gz,91201311,False,
TAQ NYSE BBO,EQY_US_TAQ_NYSE_5_TRADES_20260102.gz,file,https://ftp.nyse.com/Historical%20Data%20Samples/TAQ%20NYSE%20BBO/EQY_US_TAQ_NYSE_5_TRADES_20260102.gz,11573924,False,
TAQ NYSE BBO,EQY_US_TAQ_NYSE_5_TRADES_20260105.gz,file,https://ftp.nyse.com/Historical%20Data%20Samples/TAQ%20NYSE%20BBO/EQY_US_TAQ_NYSE_5_TRADES_20260105.gz,14440113,False,
TAQ NYSE BBO,EQY_US_TAQ_NYSE_6_BBO_20260102.gz,file,https://ftp.nyse.com/Historical%20Data%20Samples/TAQ%20NYSE%20BBO/EQY_US_TAQ_NYSE_6_BBO_20260102.gz,82765880,False,
TAQ NYSE BBO,EQY_US_TAQ_NYSE_6_BBO_20260105.gz,file,https://ftp.nyse.com/Historical%20Data%20Samples/TAQ%20NYSE%20BBO/EQY_US_TAQ_NYSE_6_BBO_20260105.gz,88810067,False,
TAQ NYSE BBO,EQY_US_TAQ_NYSE_6_TRADES_20260102.gz,file,https://ftp.nyse.com/Historical%20Data%20Samples/TAQ%20NYSE%20BBO/EQY_US_TAQ_NYSE_6_TRADES_20260102.gz,11382249,False,
TAQ NYSE BBO,EQY_US_TAQ_NYSE_6_TRADES_20260105.gz,file,https://ftp.nyse.com/Historical%20Data%20Samples/TAQ%20NYSE%20BBO/EQY_US_TAQ_NYSE_6_TRADES_20260105.gz,13828109,False,
TAQ NYSE BBO,EQY_US_TAQ_NYSE_7_BBO_20260102.gz,file,https://ftp.nyse.com/Historical%20Data%20Samples/TAQ%20NYSE%20BBO/EQY_US_TAQ_NYSE_7_BBO_20260102.gz,69820163,False,
TAQ NYSE BBO,EQY_US_TAQ_NYSE_7_BBO_20260105.gz,file,https://ftp.nyse.com/Historical%20Data%20Samples/TAQ%20NYSE%20BBO/EQY_US_TAQ_NYSE_7_BBO_20260105.gz,93949473,False,
TAQ NYSE BBO,EQY_US_TAQ_NYSE_7_TRADES_20260102.gz,file,https://ftp.nyse.com/Historical%20Data%20Samples/TAQ%20NYSE%20BBO/EQY_US_TAQ_NYSE_7_TRADES_20260102.gz,10905193,False,
TAQ NYSE BBO,EQY_US_TAQ_NYSE_7_TRADES_20260105.gz,file,https://ftp.nyse.com/Historical%20Data%20Samples/TAQ%20NYSE%20BBO/EQY_US_TAQ_NYSE_7_TRADES_20260105.gz,13427135,False,
TAQ NYSE BBO,EQY_US_TAQ_NYSE_8_BBO_20260102.gz,file,https://ftp.nyse.com/Historical%20Data%20Samples/TAQ%20NYSE%20BBO/EQY_US_TAQ_NYSE_8_BBO_20260102.gz,75131199,False,
TAQ NYSE BBO,EQY_US_TAQ_NYSE_8_BBO_20260105.gz,file,https://ftp.nyse.com/Historical%20Data%20Samples/TAQ%20NYSE%20BBO/EQY_US_TAQ_NYSE_8_BBO_20260105.gz,88524538,False,
TAQ NYSE BBO,EQY_US_TAQ_NYSE_8_TRADES_20260102.gz,file,https://ftp.nyse.com/Historical%20Data%20Samples/TAQ%20NYSE%20BBO/EQY_US_TAQ_NYSE_8_TRADES_20260102.gz,11717678,False,
TAQ NYSE BBO,EQY_US_TAQ_NYSE_8_TRADES_20260105.gz,file,https://ftp.nyse.com/Historical%20Data%20Samples/TAQ%20NYSE%20BBO/EQY_US_TAQ_NYSE_8_TRADES_20260105.gz,13298676,False,
TAQ NYSE BBO,EQY_US_TAQ_NYSE_9_BBO_20260102.gz,file,https://ftp.nyse.com/Historical%20Data%20Samples/TAQ%20NYSE%20BBO/EQY_US_TAQ_NYSE_9_BBO_20260102.gz,73124428,False,
TAQ NYSE BBO,EQY_US_TAQ_NYSE_9_BBO_20260105.gz,file,https://ftp.nyse.com/Historical%20Data%20Samples/TAQ%20NYSE%20BBO/EQY_US_TAQ_NYSE_9_BBO_20260105.gz,85750767,False,
TAQ NYSE BBO,EQY_US_TAQ_NYSE_9_TRADES_20260102.gz,file,https://ftp.nyse.com/Historical%20Data%20Samples/TAQ%20NYSE%20BBO/EQY_US_TAQ_NYSE_9_TRADES_20260102.gz,10949641,False,
TAQ NYSE BBO,EQY_US_TAQ_NYSE_9_TRADES_20260105.gz,file,https://ftp.nyse.com/Historical%20Data%20Samples/TAQ%20NYSE%20BBO/EQY_US_TAQ_NYSE_9_TRADES_20260105.gz,13223881,False,
TAQ NYSE BBO,EQY_US_TAQ_NYSE_BBO_1_20231002.gz,file,https://ftp.nyse.com/Historical%20Data%20Samples/TAQ%20NYSE%20BBO/EQY_US_TAQ_NYSE_BBO_1_20231002.gz,1657498194,True,data/nyse_taq_samples/EQY_US_TAQ_NYSE_BBO_1_20231002.gz
TAQ NYSE BBO,EQY_US_TAQ_NYSE_BBO_1_20231003.gz,file,https://ftp.nyse.com/Historical%20Data%20Samples/TAQ%20NYSE%20BBO/EQY_US_TAQ_NYSE_BBO_1_20231003.gz,1612389600,False,
TAQ NYSE BBO,EQY_US_TAQ_NYSE_BBO_2_20231002.gz,file,https://ftp.nyse.com/Historical%20Data%20Samples/TAQ%20NYSE%20BBO/EQY_US_TAQ_NYSE_BBO_2_20231002.gz,2163579163,False,
TAQ NYSE BBO,EQY_US_TAQ_NYSE_BBO_2_20231003.gz,file,https://ftp.nyse.com/Historical%20Data%20Samples/TAQ%20NYSE%20BBO/EQY_US_TAQ_NYSE_BBO_2_20231003.gz,2104239929,False,
TAQ NYSE BONDS,BND_US_ARCA_BOOK_20260102.csv.gz,file,https://ftp.nyse.com/Historical%20Data%20Samples/TAQ%20NYSE%20BONDS/BND_US_ARCA_BOOK_20260102.csv.gz,40,False,
TAQ NYSE BONDS,BND_US_ARCA_BOOK_20260105.csv.gz,file,https://ftp.nyse.com/Historical%20Data%20Samples/TAQ%20NYSE%20BONDS/BND_US_ARCA_BOOK_20260105.csv.gz,40,False,
TAQ NYSE BONDS,BND_US_ARCA_REF_MASTER_20260102.txt,file,https://ftp.nyse.com/Historical%20Data%20Samples/TAQ%20NYSE%20BONDS/BND_US_ARCA_REF_MASTER_20260102.txt,1078586,False,
TAQ NYSE BONDS,BND_US_ARCA_REF_MASTER_20260102.xls,file,https://ftp.nyse.com/Historical%20Data%20Samples/TAQ%20NYSE%20BONDS/BND_US_ARCA_REF_MASTER_20260102.xls,2530816,False,
TAQ NYSE BONDS,BND_US_ARCA_REF_MASTER_20260102.xml,file,https://ftp.nyse.com/Historical%20Data%20Samples/TAQ%20NYSE%20BONDS/BND_US_ARCA_REF_MASTER_20260102.xml,3994067,False,
TAQ NYSE BONDS,BND_US_ARCA_REF_MASTER_20260102_delta.txt,file,https://ftp.nyse.com/Historical%20Data%20Samples/TAQ%20NYSE%20BONDS/BND_US_ARCA_REF_MASTER_20260102_delta.txt,286,False,
TAQ NYSE BONDS,BND_US_ARCA_REF_MASTER_20260102_delta.xls,file,https://ftp.nyse.com/Historical%20Data%20Samples/TAQ%20NYSE%20BONDS/BND_US_ARCA_REF_MASTER_20260102_delta.xls,5632,False,
TAQ NYSE BONDS,BND_US_ARCA_REF_MASTER_20260102_delta.xml,file,https://ftp.nyse.com/Historical%20Data%20Samples/TAQ%20NYSE%20BONDS/BND_US_ARCA_REF_MASTER_20260102_delta.xml,1201,False,
TAQ NYSE BONDS,BND_US_ARCA_REF_MASTER_20260105.txt,file,https://ftp.nyse.com/Historical%20Data%20Samples/TAQ%20NYSE%20BONDS/BND_US_ARCA_REF_MASTER_20260105.txt,1078458,False,
TAQ NYSE BONDS,BND_US_ARCA_REF_MASTER_20260105.xls,file,https://ftp.nyse.com/Historical%20Data%20Samples/TAQ%20NYSE%20BONDS/BND_US_ARCA_REF_MASTER_20260105.xls,2530304,False,
TAQ NYSE BONDS,BND_US_ARCA_REF_MASTER_20260105.xml,file,https://ftp.nyse.com/Historical%20Data%20Samples/TAQ%20NYSE%20BONDS/BND_US_ARCA_REF_MASTER_20260105.xml,3993582,False,
TAQ NYSE BONDS,BND_US_ARCA_REF_MASTER_20260105_delta.txt,file,https://ftp.nyse.com/Historical%20Data%20Samples/TAQ%20NYSE%20BONDS/BND_US_ARCA_REF_MASTER_20260105_delta.txt,322,False,
TAQ NYSE BONDS,BND_US_ARCA_REF_MASTER_20260105_delta.xls,file,https://ftp.nyse.com/Historical%20Data%20Samples/TAQ%20NYSE%20BONDS/BND_US_ARCA_REF_MASTER_20260105_delta.xls,5632,False,
TAQ NYSE BONDS,BND_US_ARCA_REF_MASTER_20260105_delta.xml,file,https://ftp.nyse.com/Historical%20Data%20Samples/TAQ%20NYSE%20BONDS/BND_US_ARCA_REF_MASTER_20260105_delta.xml,1235,False,
TAQ NYSE BONDS,BND_US_ARCA_TRADE_20260102.csv.gz,file,https://ftp.nyse.com/Historical%20Data%20Samples/TAQ%20NYSE%20BONDS/BND_US_ARCA_TRADE_20260102.csv.gz,46,False,
TAQ NYSE BONDS,BND_US_ARCA_TRADE_20260105.csv.gz,file,https://ftp.nyse.com/Historical%20Data%20Samples/TAQ%20NYSE%20BONDS/BND_US_ARCA_TRADE_20260105.csv.gz,46,False,
TAQ NYSE BONDS,BND_US_ARCA_TRADE_BUST_20260102.csv.gz,file,https://ftp.nyse.com/Historical%20Data%20Samples/TAQ%20NYSE%20BONDS/BND_US_ARCA_TRADE_BUST_20260102.csv.gz,50,False,
TAQ NYSE INTEGRATED FEED,EQY_US_NYSE_IBF_10_20260102.gz,file,https://ftp.nyse.com/Historical%20Data%20Samples/TAQ%20NYSE%20INTEGRATED%20FEED/EQY_US_NYSE_IBF_10_20260102.gz,837532776,False,
TAQ NYSE INTEGRATED FEED,EQY_US_NYSE_IBF_10_20260105.gz,file,https://ftp.nyse.com/Historical%20Data%20Samples/TAQ%20NYSE%20INTEGRATED%20FEED/EQY_US_NYSE_IBF_10_20260105.gz,645673874,False,
TAQ NYSE INTEGRATED FEED,EQY_US_NYSE_IBF_11_20260102.gz,file,https://ftp.nyse.com/Historical%20Data%20Samples/TAQ%20NYSE%20INTEGRATED%20FEED/EQY_US_NYSE_IBF_11_20260102.gz,828194583,False,
TAQ NYSE INTEGRATED FEED,EQY_US_NYSE_IBF_11_20260105.gz,file,https://ftp.nyse.com/Historical%20Data%20Samples/TAQ%20NYSE%20INTEGRATED%20FEED/EQY_US_NYSE_IBF_11_20260105.gz,616311639,False,
TAQ NYSE INTEGRATED FEED,EQY_US_NYSE_IBF_12_20260102.gz,file,https://ftp.nyse.com/Historical%20Data%20Samples/TAQ%20NYSE%20INTEGRATED%20FEED/EQY_US_NYSE_IBF_12_20260102.gz,753889141,False,
TAQ NYSE INTEGRATED FEED,EQY_US_NYSE_IBF_12_20260105.gz,file,https://ftp.nyse.com/Historical%20Data%20Samples/TAQ%20NYSE%20INTEGRATED%20FEED/EQY_US_NYSE_IBF_12_20260105.gz,664683440,False,
TAQ NYSE INTEGRATED FEED,EQY_US_NYSE_IBF_13_20260102.gz,file,https://ftp.nyse.com/Historical%20Data%20Samples/TAQ%20NYSE%20INTEGRATED%20FEED/EQY_US_NYSE_IBF_13_20260102.gz,763957340,False,
TAQ NYSE INTEGRATED FEED,EQY_US_NYSE_IBF_13_20260105.gz,file,https://ftp.nyse.com/Historical%20Data%20Samples/TAQ%20NYSE%20INTEGRATED%20FEED/EQY_US_NYSE_IBF_13_20260105.gz,680034745,False,
TAQ NYSE INTEGRATED FEED,EQY_US_NYSE_IBF_14_20260102.gz,file,https://ftp.nyse.com/Historical%20Data%20Samples/TAQ%20NYSE%20INTEGRATED%20FEED/EQY_US_NYSE_IBF_14_20260102.gz,728710516,False,
TAQ NYSE INTEGRATED FEED,EQY_US_NYSE_IBF_14_20260105.gz,file,https://ftp.nyse.com/Historical%20Data%20Samples/TAQ%20NYSE%20INTEGRATED%20FEED/EQY_US_NYSE_IBF_14_20260105.gz,627373849,False,
TAQ NYSE INTEGRATED FEED,EQY_US_NYSE_IBF_1_20260102.gz,file,https://ftp.nyse.com/Historical%20Data%20Samples/TAQ%20NYSE%20INTEGRATED%20FEED/EQY_US_NYSE_IBF_1_20260102.gz,232090396,False,
TAQ NYSE INTEGRATED FEED,EQY_US_NYSE_IBF_1_20260105.gz,file,https://ftp.nyse.com/Historical%20Data%20Samples/TAQ%20NYSE%20INTEGRATED%20FEED/EQY_US_NYSE_IBF_1_20260105.gz,259810503,False,
TAQ NYSE INTEGRATED FEED,EQY_US_NYSE_IBF_2_20260102.gz,file,https://ftp.nyse.com/Historical%20Data%20Samples/TAQ%20NYSE%20INTEGRATED%20FEED/EQY_US_NYSE_IBF_2_20260102.gz,222622808,False,
TAQ NYSE INTEGRATED FEED,EQY_US_NYSE_IBF_2_20260105.gz,file,https://ftp.nyse.com/Historical%20Data%20Samples/TAQ%20NYSE%20INTEGRATED%20FEED/EQY_US_NYSE_IBF_2_20260105.gz,259688627,False,
TAQ NYSE INTEGRATED FEED,EQY_US_NYSE_IBF_3_20260102.gz,file,https://ftp.nyse.com/Historical%20Data%20Samples/TAQ%20NYSE%20INTEGRATED%20FEED/EQY_US_NYSE_IBF_3_20260102.gz,215954806,False,
TAQ NYSE INTEGRATED FEED,EQY_US_NYSE_IBF_3_20260105.gz,file,https://ftp.nyse.com/Historical%20Data%20Samples/TAQ%20NYSE%20INTEGRATED%20FEED/EQY_US_NYSE_IBF_3_20260105.gz,254212328,False,
TAQ NYSE INTEGRATED FEED,EQY_US_NYSE_IBF_4_20260102.gz,file,https://ftp.nyse.com/Historical%20Data%20Samples/TAQ%20NYSE%20INTEGRATED%20FEED/EQY_US_NYSE_IBF_4_20260102.gz,211841539,False,
TAQ NYSE INTEGRATED FEED,EQY_US_NYSE_IBF_4_20260105.gz,file,https://ftp.nyse.com/Historical%20Data%20Samples/TAQ%20NYSE%20INTEGRATED%20FEED/EQY_US_NYSE_IBF_4_20260105.gz,256946271,False,
TAQ NYSE INTEGRATED FEED,EQY_US_NYSE_IBF_5_20260102.gz,file,https://ftp.nyse.com/Historical%20Data%20Samples/TAQ%20NYSE%20INTEGRATED%20FEED/EQY_US_NYSE_IBF_5_20260102.gz,234791273,False,
TAQ NYSE INTEGRATED FEED,EQY_US_NYSE_IBF_5_20260105.gz,file,https://ftp.nyse.com/Historical%20Data%20Samples/TAQ%20NYSE%20INTEGRATED%20FEED/EQY_US_NYSE_IBF_5_20260105.gz,299918002,False,
TAQ NYSE INTEGRATED FEED,EQY_US_NYSE_IBF_6_20260102.gz,file,https://ftp.nyse.com/Historical%20Data%20Samples/TAQ%20NYSE%20INTEGRATED%20FEED/EQY_US_NYSE_IBF_6_20260102.gz,235029857,False,
TAQ NYSE INTEGRATED FEED,EQY_US_NYSE_IBF_6_20260105.gz,file,https://ftp.nyse.com/Historical%20Data%20Samples/TAQ%20NYSE%20INTEGRATED%20FEED/EQY_US_NYSE_IBF_6_20260105.gz,264173202,False,
TAQ NYSE INTEGRATED FEED,EQY_US_NYSE_IBF_7_20260102.gz,file,https://ftp.nyse.com/Historical%20Data%20Samples/TAQ%20NYSE%20INTEGRATED%20FEED/EQY_US_NYSE_IBF_7_20260102.gz,225225230,False,
TAQ NYSE INTEGRATED FEED,EQY_US_NYSE_IBF_7_20260105.gz,file,https://ftp.nyse.com/Historical%20Data%20Samples/TAQ%20NYSE%20INTEGRATED%20FEED/EQY_US_NYSE_IBF_7_20260105.gz,275250411,False,
TAQ NYSE INTEGRATED FEED,EQY_US_NYSE_IBF_8_20260102.gz,file,https://ftp.nyse.com/Historical%20Data%20Samples/TAQ%20NYSE%20INTEGRATED%20FEED/EQY_US_NYSE_IBF_8_20260102.gz,221125392,False,
TAQ NYSE INTEGRATED FEED,EQY_US_NYSE_IBF_8_20260105.gz,file,https://ftp.nyse.com/Historical%20Data%20Samples/TAQ%20NYSE%20INTEGRATED%20FEED/EQY_US_NYSE_IBF_8_20260105.gz,261432319,False,
TAQ NYSE INTEGRATED FEED,EQY_US_NYSE_IBF_9_20260102.gz,file,https://ftp.nyse.com/Historical%20Data%20Samples/TAQ%20NYSE%20INTEGRATED%20FEED/EQY_US_NYSE_IBF_9_20260102.gz,219511078,False,
TAQ NYSE INTEGRATED FEED,EQY_US_NYSE_IBF_9_20260105.gz,file,https://ftp.nyse.com/Historical%20Data%20Samples/TAQ%20NYSE%20INTEGRATED%20FEED/EQY_US_NYSE_IBF_9_20260105.gz,260041134,False,
TAQ NYSE INTEGRATED FEED,EQY_US_NYSE_STOCKSUM_20260102.gz,file,https://ftp.nyse.com/Historical%20Data%20Samples/TAQ%20NYSE%20INTEGRATED%20FEED/EQY_US_NYSE_STOCKSUM_20260102.gz,114571154,False,
TAQ NYSE INTEGRATED FEED,EQY_US_NYSE_STOCKSUM_20260105.gz,file,https://ftp.nyse.com/Historical%20Data%20Samples/TAQ%20NYSE%20INTEGRATED%20FEED/EQY_US_NYSE_STOCKSUM_20260105.gz,117255024,False,
TAQ NYSE NATIONAL BBO,EQY_US_TAQ_NATIONAL_1_BBO_20260102.gz,file,https://ftp.nyse.com/Historical%20Data%20Samples/TAQ%20NYSE%20NATIONAL%20BBO/EQY_US_TAQ_NATIONAL_1_BBO_20260102.gz,135582281,False,
TAQ NYSE NATIONAL BBO,EQY_US_TAQ_NATIONAL_1_BBO_20260105.gz,file,https://ftp.nyse.com/Historical%20Data%20Samples/TAQ%20NYSE%20NATIONAL%20BBO/EQY_US_TAQ_NATIONAL_1_BBO_20260105.gz,108371902,False,
TAQ NYSE NATIONAL BBO,EQY_US_TAQ_NATIONAL_1_TRADES_20260102.gz,file,https://ftp.nyse.com/Historical%20Data%20Samples/TAQ%20NYSE%20NATIONAL%20BBO/EQY_US_TAQ_NATIONAL_1_TRADES_20260102.gz,1660178,False,
TAQ NYSE NATIONAL BBO,EQY_US_TAQ_NATIONAL_1_TRADES_20260105.gz,file,https://ftp.nyse.com/Historical%20Data%20Samples/TAQ%20NYSE%20NATIONAL%20BBO/EQY_US_TAQ_NATIONAL_1_TRADES_20260105.gz,2091579,False,
TAQ NYSE NATIONAL BBO,EQY_US_TAQ_NATIONAL_2_BBO_20260102.gz,file,https://ftp.nyse.com/Historical%20Data%20Samples/TAQ%20NYSE%20NATIONAL%20BBO/EQY_US_TAQ_NATIONAL_2_BBO_20260102.gz,142442796,False,
TAQ NYSE NATIONAL BBO,EQY_US_TAQ_NATIONAL_2_BBO_20260105.gz,file,https://ftp.nyse.com/Historical%20Data%20Samples/TAQ%20NYSE%20NATIONAL%20BBO/EQY_US_TAQ_NATIONAL_2_BBO_20260105.gz,111108211,False,
TAQ NYSE NATIONAL BBO,EQY_US_TAQ_NATIONAL_2_TRADES_20260102.gz,file,https://ftp.nyse.com/Historical%20Data%20Samples/TAQ%20NYSE%20NATIONAL%20BBO/EQY_US_TAQ_NATIONAL_2_TRADES_20260102.gz,1643630,False,
TAQ NYSE NATIONAL BBO,EQY_US_TAQ_NATIONAL_2_TRADES_20260105.gz,file,https://ftp.nyse.com/Historical%20Data%20Samples/TAQ%20NYSE%20NATIONAL%20BBO/EQY_US_TAQ_NATIONAL_2_TRADES_20260105.gz,1810623,False,
TAQ NYSE NATIONAL BBO,EQY_US_TAQ_NATIONAL_3_BBO_20260102.gz,file,https://ftp.nyse.com/Historical%20Data%20Samples/TAQ%20NYSE%20NATIONAL%20BBO/EQY_US_TAQ_NATIONAL_3_BBO_20260102.gz,129291843,False,
TAQ NYSE NATIONAL BBO,EQY_US_TAQ_NATIONAL_3_BBO_20260105.gz,file,https://ftp.nyse.com/Historical%20Data%20Samples/TAQ%20NYSE%20NATIONAL%20BBO/EQY_US_TAQ_NATIONAL_3_BBO_20260105.gz,107540395,False,
TAQ NYSE NATIONAL BBO,EQY_US_TAQ_NATIONAL_3_TRADES_20260102.gz,file,https://ftp.nyse.com/Historical%20Data%20Samples/TAQ%20NYSE%20NATIONAL%20BBO/EQY_US_TAQ_NATIONAL_3_TRADES_20260102.gz,1670405,False,
TAQ NYSE NATIONAL BBO,EQY_US_TAQ_NATIONAL_3_TRADES_20260105.gz,file,https://ftp.nyse.com/Historical%20Data%20Samples/TAQ%20NYSE%20NATIONAL%20BBO/EQY_US_TAQ_NATIONAL_3_TRADES_20260105.gz,2009045,False,
TAQ NYSE NATIONAL BBO,EQY_US_TAQ_NATIONAL_4_BBO_20260102.gz,file,https://ftp.nyse.com/Historical%20Data%20Samples/TAQ%20NYSE%20NATIONAL%20BBO/EQY_US_TAQ_NATIONAL_4_BBO_20260102.gz,127809574,False,
TAQ NYSE NATIONAL BBO,EQY_US_TAQ_NATIONAL_4_BBO_20260105.gz,file,https://ftp.nyse.com/Historical%20Data%20Samples/TAQ%20NYSE%20NATIONAL%20BBO/EQY_US_TAQ_NATIONAL_4_BBO_20260105.gz,120209457,False,
TAQ NYSE NATIONAL BBO,EQY_US_TAQ_NATIONAL_4_TRADES_20260102.gz,file,https://ftp.nyse.com/Historical%20Data%20Samples/TAQ%20NYSE%20NATIONAL%20BBO/EQY_US_TAQ_NATIONAL_4_TRADES_20260102.gz,1867992,False,
TAQ NYSE NATIONAL BBO,EQY_US_TAQ_NATIONAL_4_TRADES_20260105.gz,file,https://ftp.nyse.com/Historical%20Data%20Samples/TAQ%20NYSE%20NATIONAL%20BBO/EQY_US_TAQ_NATIONAL_4_TRADES_20260105.gz,2202878,False,
TAQ NYSE NATIONAL BBO,EQY_US_TAQ_NATIONAL_5_BBO_20260102.gz,file,https://ftp.nyse.com/Historical%20Data%20Samples/TAQ%20NYSE%20NATIONAL%20BBO/EQY_US_TAQ_NATIONAL_5_BBO_20260102.gz,93834300,False,
TAQ NYSE NATIONAL BBO,EQY_US_TAQ_NATIONAL_5_BBO_20260105.gz,file,https://ftp.nyse.com/Historical%20Data%20Samples/TAQ%20NYSE%20NATIONAL%20BBO/EQY_US_TAQ_NATIONAL_5_BBO_20260105.gz,77433339,False,
TAQ NYSE NATIONAL BBO,EQY_US_TAQ_NATIONAL_5_TRADES_20260102.gz,file,https://ftp.nyse.com/Historical%20Data%20Samples/TAQ%20NYSE%20NATIONAL%20BBO/EQY_US_TAQ_NATIONAL_5_TRADES_20260102.gz,2479375,False,
TAQ NYSE NATIONAL BBO,EQY_US_TAQ_NATIONAL_5_TRADES_20260105.gz,file,https://ftp.nyse.com/Historical%20Data%20Samples/TAQ%20NYSE%20NATIONAL%20BBO/EQY_US_TAQ_NATIONAL_5_TRADES_20260105.gz,2794894,False,
TAQ NYSE NATIONAL BBO,EQY_US_TAQ_NATIONAL_6_BBO_20260102.gz,file,https://ftp.nyse.com/Historical%20Data%20Samples/TAQ%20NYSE%20NATIONAL%20BBO/EQY_US_TAQ_NATIONAL_6_BBO_20260102.gz,85768470,False,
TAQ NYSE NATIONAL BBO,EQY_US_TAQ_NATIONAL_6_BBO_20260105.gz,file,https://ftp.nyse.com/Historical%20Data%20Samples/TAQ%20NYSE%20NATIONAL%20BBO/EQY_US_TAQ_NATIONAL_6_BBO_20260105.gz,76285641,False,
TAQ NYSE NATIONAL BBO,EQY_US_TAQ_NATIONAL_6_TRADES_20260102.gz,file,https://ftp.nyse.com/Historical%20Data%20Samples/TAQ%20NYSE%20NATIONAL%20BBO/EQY_US_TAQ_NATIONAL_6_TRADES_20260102.gz,2603712,False,
TAQ NYSE NATIONAL BBO,EQY_US_TAQ_NATIONAL_6_TRADES_20260105.gz,file,https://ftp.nyse.com/Historical%20Data%20Samples/TAQ%20NYSE%20NATIONAL%20BBO/EQY_US_TAQ_NATIONAL_6_TRADES_20260105.gz,2746702,False,
TAQ NYSE NATIONAL BBO,EQY_US_TAQ_NATIONAL_BBO_1_20231002.gz,file,https://ftp.nyse.com/Historical%20Data%20Samples/TAQ%20NYSE%20NATIONAL%20BBO/EQY_US_TAQ_NATIONAL_BBO_1_20231002.gz,189410588,False,
TAQ NYSE NATIONAL BBO,EQY_US_TAQ_NATIONAL_BBO_1_20231003.gz,file,https://ftp.nyse.com/Historical%20Data%20Samples/TAQ%20NYSE%20NATIONAL%20BBO/EQY_US_TAQ_NATIONAL_BBO_1_20231003.gz,182556093,False,
TAQ NYSE NATIONAL BBO,EQY_US_TAQ_NATIONAL_BBO_2_20231002.gz,file,https://ftp.nyse.com/Historical%20Data%20Samples/TAQ%20NYSE%20NATIONAL%20BBO/EQY_US_TAQ_NATIONAL_BBO_2_20231002.gz,304595786,False,
TAQ NYSE NATIONAL BBO,EQY_US_TAQ_NATIONAL_BBO_2_20231003.gz,file,https://ftp.nyse.com/Historical%20Data%20Samples/TAQ%20NYSE%20NATIONAL%20BBO/EQY_US_TAQ_NATIONAL_BBO_2_20231003.gz,300721793,False,
TAQ NYSE NATIONAL INTEGRATED FEED,EQY_US_NATIONAL_IBF_1_20260102.gz,file,https://ftp.nyse.com/Historical%20Data%20Samples/TAQ%20NYSE%20NATIONAL%20INTEGRATED%20FEED/EQY_US_NATIONAL_IBF_1_20260102.gz,195022495,False,
TAQ NYSE NATIONAL INTEGRATED FEED,EQY_US_NATIONAL_IBF_1_20260105.gz,file,https://ftp.nyse.com/Historical%20Data%20Samples/TAQ%20NYSE%20NATIONAL%20INTEGRATED%20FEED/EQY_US_NATIONAL_IBF_1_20260105.gz,160245048,False,
TAQ NYSE NATIONAL INTEGRATED FEED,EQY_US_NATIONAL_IBF_2_20260102.gz,file,https://ftp.nyse.com/Historical%20Data%20Samples/TAQ%20NYSE%20NATIONAL%20INTEGRATED%20FEED/EQY_US_NATIONAL_IBF_2_20260102.gz,205901839,False,
TAQ NYSE NATIONAL INTEGRATED FEED,EQY_US_NATIONAL_IBF_2_20260105.gz,file,https://ftp.nyse.com/Historical%20Data%20Samples/TAQ%20NYSE%20NATIONAL%20INTEGRATED%20FEED/EQY_US_NATIONAL_IBF_2_20260105.gz,161828078,False,
TAQ NYSE NATIONAL INTEGRATED FEED,EQY_US_NATIONAL_IBF_3_20260102.gz,file,https://ftp.nyse.com/Historical%20Data%20Samples/TAQ%20NYSE%20NATIONAL%20INTEGRATED%20FEED/EQY_US_NATIONAL_IBF_3_20260102.gz,190043182,False,
TAQ NYSE NATIONAL INTEGRATED FEED,EQY_US_NATIONAL_IBF_3_20260105.gz,file,https://ftp.nyse.com/Historical%20Data%20Samples/TAQ%20NYSE%20NATIONAL%20INTEGRATED%20FEED/EQY_US_NATIONAL_IBF_3_20260105.gz,153935742,False,
TAQ NYSE NATIONAL INTEGRATED FEED,EQY_US_NATIONAL_IBF_4_20260102.gz,file,https://ftp.nyse.com/Historical%20Data%20Samples/TAQ%20NYSE%20NATIONAL%20INTEGRATED%20FEED/EQY_US_NATIONAL_IBF_4_20260102.gz,186456121,False,
TAQ NYSE NATIONAL INTEGRATED FEED,EQY_US_NATIONAL_IBF_4_20260105.gz,file,https://ftp.nyse.com/Historical%20Data%20Samples/TAQ%20NYSE%20NATIONAL%20INTEGRATED%20FEED/EQY_US_NATIONAL_IBF_4_20260105.gz,172641064,False,
TAQ NYSE NATIONAL INTEGRATED FEED,EQY_US_NATIONAL_IBF_5_20260102.gz,file,https://ftp.nyse.com/Historical%20Data%20Samples/TAQ%20NYSE%20NATIONAL%20INTEGRATED%20FEED/EQY_US_NATIONAL_IBF_5_20260102.gz,146629181,False,
TAQ NYSE NATIONAL INTEGRATED FEED,EQY_US_NATIONAL_IBF_5_20260105.gz,file,https://ftp.nyse.com/Historical%20Data%20Samples/TAQ%20NYSE%20NATIONAL%20INTEGRATED%20FEED/EQY_US_NATIONAL_IBF_5_20260105.gz,124542369,False,
TAQ NYSE NATIONAL INTEGRATED FEED,EQY_US_NATIONAL_IBF_6_20260102.gz,file,https://ftp.nyse.com/Historical%20Data%20Samples/TAQ%20NYSE%20NATIONAL%20INTEGRATED%20FEED/EQY_US_NATIONAL_IBF_6_20260102.gz,134765340,False,
TAQ NYSE NATIONAL INTEGRATED FEED,EQY_US_NATIONAL_IBF_6_20260105.gz,file,https://ftp.nyse.com/Historical%20Data%20Samples/TAQ%20NYSE%20NATIONAL%20INTEGRATED%20FEED/EQY_US_NATIONAL_IBF_6_20260105.gz,114214473,False,
TAQ NYSE NATIONAL INTEGRATED FEED,EQY_US_NATIONAL_STOCKSUM_20260102.gz,file,https://ftp.nyse.com/Historical%20Data%20Samples/TAQ%20NYSE%20NATIONAL%20INTEGRATED%20FEED/EQY_US_NATIONAL_STOCKSUM_20260102.gz,94174227,False,
TAQ NYSE NATIONAL INTEGRATED FEED,EQY_US_NATIONAL_STOCKSUM_20260105.gz,file,https://ftp.nyse.com/Historical%20Data%20Samples/TAQ%20NYSE%20NATIONAL%20INTEGRATED%20FEED/EQY_US_NATIONAL_STOCKSUM_20260105.gz,96888518,False,
TAQ NYSE NATIONAL TRADES,EQY_US_NATIONAL_STOCKSUM_20260102.gz,file,https://ftp.nyse.com/Historical%20Data%20Samples/TAQ%20NYSE%20NATIONAL%20TRADES/EQY_US_NATIONAL_STOCKSUM_20260102.gz,94174227,False,
TAQ NYSE NATIONAL TRADES,EQY_US_NATIONAL_STOCKSUM_20260105.gz,file,https://ftp.nyse.com/Historical%20Data%20Samples/TAQ%20NYSE%20NATIONAL%20TRADES/EQY_US_NATIONAL_STOCKSUM_20260105.gz,96888518,False,
TAQ NYSE NATIONAL TRADES,EQY_US_TAQ_NATIONAL_TRADES_20231002.gz,file,https://ftp.nyse.com/Historical%20Data%20Samples/TAQ%20NYSE%20NATIONAL%20TRADES/EQY_US_TAQ_NATIONAL_TRADES_20231002.gz,14249533,False,
TAQ NYSE NATIONAL TRADES,EQY_US_TAQ_NATIONAL_TRADES_20231003.gz,file,https://ftp.nyse.com/Historical%20Data%20Samples/TAQ%20NYSE%20NATIONAL%20TRADES/EQY_US_TAQ_NATIONAL_TRADES_20231003.gz,14746741,False,
TAQ NYSE OPENBOOK,EQY_US_NYSE_BOOK_1_20260102.gz,file,https://ftp.nyse.com/Historical%20Data%20Samples/TAQ%20NYSE%20OPENBOOK/EQY_US_NYSE_BOOK_1_20260102.gz,780405769,False,
TAQ NYSE OPENBOOK,EQY_US_NYSE_BOOK_1_20260105.gz,file,https://ftp.nyse.com/Historical%20Data%20Samples/TAQ%20NYSE%20OPENBOOK/EQY_US_NYSE_BOOK_1_20260105.gz,751207180,False,
TAQ NYSE OPENBOOK,EQY_US_NYSE_BOOK_2_20260102.gz,file,https://ftp.nyse.com/Historical%20Data%20Samples/TAQ%20NYSE%20OPENBOOK/EQY_US_NYSE_BOOK_2_20260102.gz,323617890,False,
TAQ NYSE OPENBOOK,EQY_US_NYSE_BOOK_2_20260105.gz,file,https://ftp.nyse.com/Historical%20Data%20Samples/TAQ%20NYSE%20OPENBOOK/EQY_US_NYSE_BOOK_2_20260105.gz,386329918,False,
TAQ NYSE OPENBOOK,EQY_US_NYSE_BOOK_3_20260102.gz,file,https://ftp.nyse.com/Historical%20Data%20Samples/TAQ%20NYSE%20OPENBOOK/EQY_US_NYSE_BOOK_3_20260102.gz,746205720,False,
TAQ NYSE OPENBOOK,EQY_US_NYSE_BOOK_3_20260105.gz,file,https://ftp.nyse.com/Historical%20Data%20Samples/TAQ%20NYSE%20OPENBOOK/EQY_US_NYSE_BOOK_3_20260105.gz,705446917,False,
TAQ NYSE OPENBOOK,EQY_US_NYSE_BOOK_4_20260102.gz,file,https://ftp.nyse.com/Historical%20Data%20Samples/TAQ%20NYSE%20OPENBOOK/EQY_US_NYSE_BOOK_4_20260102.gz,824461487,False,
TAQ NYSE OPENBOOK,EQY_US_NYSE_BOOK_4_20260105.gz,file,https://ftp.nyse.com/Historical%20Data%20Samples/TAQ%20NYSE%20OPENBOOK/EQY_US_NYSE_BOOK_4_20260105.gz,794368319,False,
TAQ NYSE OPENBOOK,EQY_US_NYSE_BOOK_5_20260102.gz,file,https://ftp.nyse.com/Historical%20Data%20Samples/TAQ%20NYSE%20OPENBOOK/EQY_US_NYSE_BOOK_5_20260102.gz,415467173,False,
TAQ NYSE OPENBOOK,EQY_US_NYSE_BOOK_5_20260105.gz,file,https://ftp.nyse.com/Historical%20Data%20Samples/TAQ%20NYSE%20OPENBOOK/EQY_US_NYSE_BOOK_5_20260105.gz,440273957,False,
TAQ NYSE OPENBOOK,EQY_US_NYSE_BOOK_6_20260102.gz,file,https://ftp.nyse.com/Historical%20Data%20Samples/TAQ%20NYSE%20OPENBOOK/EQY_US_NYSE_BOOK_6_20260102.gz,929898259,False,
TAQ NYSE OPENBOOK,EQY_US_NYSE_BOOK_6_20260105.gz,file,https://ftp.nyse.com/Historical%20Data%20Samples/TAQ%20NYSE%20OPENBOOK/EQY_US_NYSE_BOOK_6_20260105.gz,892105313,False,
TAQ NYSE OPENBOOK,EQY_US_NYSE_BOOK_7_20260102.gz,file,https://ftp.nyse.com/Historical%20Data%20Samples/TAQ%20NYSE%20OPENBOOK/EQY_US_NYSE_BOOK_7_20260102.gz,1185557528,False,
TAQ NYSE OPENBOOK,EQY_US_NYSE_BOOK_7_20260105.gz,file,https://ftp.nyse.com/Historical%20Data%20Samples/TAQ%20NYSE%20OPENBOOK/EQY_US_NYSE_BOOK_7_20260105.gz,955645217,False,
TAQ NYSE OPENBOOK,EQY_US_NYSE_BOOK_8_20260102.gz,file,https://ftp.nyse.com/Historical%20Data%20Samples/TAQ%20NYSE%20OPENBOOK/EQY_US_NYSE_BOOK_8_20260102.gz,630096109,False,
TAQ NYSE OPENBOOK,EQY_US_NYSE_BOOK_8_20260105.gz,file,https://ftp.nyse.com/Historical%20Data%20Samples/TAQ%20NYSE%20OPENBOOK/EQY_US_NYSE_BOOK_8_20260105.gz,604859692,False,
TAQ NYSE OPENBOOK,EQY_US_NYSE_BOOK_AGGR_20260102.gz,file,https://ftp.nyse.com/Historical%20Data%20Samples/TAQ%20NYSE%20OPENBOOK/EQY_US_NYSE_BOOK_AGGR_20260102.gz,848494540,False,
TAQ NYSE OPENBOOK,EQY_US_NYSE_BOOK_AGGR_20260105.gz,file,https://ftp.nyse.com/Historical%20Data%20Samples/TAQ%20NYSE%20OPENBOOK/EQY_US_NYSE_BOOK_AGGR_20260105.gz,861793844,False,
TAQ NYSE ORDER IMBALANCES,EQY_US_NYSE_REF_IMBALANCES_20260102.gz,file,https://ftp.nyse.com/Historical%20Data%20Samples/TAQ%20NYSE%20ORDER%20IMBALANCES/EQY_US_NYSE_REF_IMBALANCES_20260102.gz,15010549,False,
TAQ NYSE ORDER IMBALANCES,EQY_US_NYSE_REF_IMBALANCES_20260105.gz,file,https://ftp.nyse.com/Historical%20Data%20Samples/TAQ%20NYSE%20ORDER%20IMBALANCES/EQY_US_NYSE_REF_IMBALANCES_20260105.gz,17758801,False,
TAQ NYSE ORDER IMBALANCES,NYSE_IMBALANCES_20200909,file,https://ftp.nyse.com/Historical%20Data%20Samples/TAQ%20NYSE%20ORDER%20IMBALANCES/NYSE_IMBALANCES_20200909,54448882,False,
TAQ NYSE TEXAS BBO,EQY_US_TAQ_CHICAGO_1_BBO_20250402.gz,file,https://ftp.nyse.com/Historical%20Data%20Samples/TAQ%20NYSE%20TEXAS%20BBO/EQY_US_TAQ_CHICAGO_1_BBO_20250402.gz,107860760,False,
TAQ NYSE TEXAS BBO,EQY_US_TAQ_CHICAGO_1_BBO_20250403.gz,file,https://ftp.nyse.com/Historical%20Data%20Samples/TAQ%20NYSE%20TEXAS%20BBO/EQY_US_TAQ_CHICAGO_1_BBO_20250403.gz,134734367,False,
TAQ NYSE TEXAS BBO,EQY_US_TAQ_CHICAGO_2_BBO_20250402.gz,file,https://ftp.nyse.com/Historical%20Data%20Samples/TAQ%20NYSE%20TEXAS%20BBO/EQY_US_TAQ_CHICAGO_2_BBO_20250402.gz,102182077,False,
TAQ NYSE TEXAS BBO,EQY_US_TAQ_CHICAGO_2_BBO_20250403.gz,file,https://ftp.nyse.com/Historical%20Data%20Samples/TAQ%20NYSE%20TEXAS%20BBO/EQY_US_TAQ_CHICAGO_2_BBO_20250403.gz,145603665,False,
TAQ NYSE TEXAS BBO,EQY_US_TAQ_CHICAGO_3_BBO_20250402.gz,file,https://ftp.nyse.com/Historical%20Data%20Samples/TAQ%20NYSE%20TEXAS%20BBO/EQY_US_TAQ_CHICAGO_3_BBO_20250402.gz,108375219,False,
TAQ NYSE TEXAS BBO,EQY_US_TAQ_CHICAGO_3_BBO_20250403.gz,file,https://ftp.nyse.com/Historical%20Data%20Samples/TAQ%20NYSE%20TEXAS%20BBO/EQY_US_TAQ_CHICAGO_3_BBO_20250403.gz,137167392,False,
TAQ NYSE TEXAS BBO,EQY_US_TAQ_CHICAGO_4_BBO_20250402.gz,file,https://ftp.nyse.com/Historical%20Data%20Samples/TAQ%20NYSE%20TEXAS%20BBO/EQY_US_TAQ_CHICAGO_4_BBO_20250402.gz,97912326,False,
TAQ NYSE TEXAS BBO,EQY_US_TAQ_CHICAGO_4_BBO_20250403.gz,file,https://ftp.nyse.com/Historical%20Data%20Samples/TAQ%20NYSE%20TEXAS%20BBO/EQY_US_TAQ_CHICAGO_4_BBO_20250403.gz,142341074,False,
TAQ NYSE TEXAS BBO,EQY_US_TAQ_CHICAGO_5_BBO_20250402.gz,file,https://ftp.nyse.com/Historical%20Data%20Samples/TAQ%20NYSE%20TEXAS%20BBO/EQY_US_TAQ_CHICAGO_5_BBO_20250402.gz,80399114,False,
TAQ NYSE TEXAS BBO,EQY_US_TAQ_CHICAGO_5_BBO_20250403.gz,file,https://ftp.nyse.com/Historical%20Data%20Samples/TAQ%20NYSE%20TEXAS%20BBO/EQY_US_TAQ_CHICAGO_5_BBO_20250403.gz,117939962,False,
TAQ NYSE TEXAS BBO,EQY_US_TAQ_CHICAGO_6_BBO_20250402.gz,file,https://ftp.nyse.com/Historical%20Data%20Samples/TAQ%20NYSE%20TEXAS%20BBO/EQY_US_TAQ_CHICAGO_6_BBO_20250402.gz,91984600,False,
TAQ NYSE TEXAS BBO,EQY_US_TAQ_CHICAGO_6_BBO_20250403.gz,file,https://ftp.nyse.com/Historical%20Data%20Samples/TAQ%20NYSE%20TEXAS%20BBO/EQY_US_TAQ_CHICAGO_6_BBO_20250403.gz,99357439,False,
TAQ NYSE TEXAS BBO,EQY_US_TAQ_TEXAS_BBO_1_20260102.gz,file,https://ftp.nyse.com/Historical%20Data%20Samples/TAQ%20NYSE%20TEXAS%20BBO/EQY_US_TAQ_TEXAS_BBO_1_20260102.gz,72461768,False,
TAQ NYSE TEXAS BBO,EQY_US_TAQ_TEXAS_BBO_1_20260105.gz,file,https://ftp.nyse.com/Historical%20Data%20Samples/TAQ%20NYSE%20TEXAS%20BBO/EQY_US_TAQ_TEXAS_BBO_1_20260105.gz,81584942,False,
TAQ NYSE TEXAS BBO,EQY_US_TAQ_TEXAS_BBO_2_20260102.gz,file,https://ftp.nyse.com/Historical%20Data%20Samples/TAQ%20NYSE%20TEXAS%20BBO/EQY_US_TAQ_TEXAS_BBO_2_20260102.gz,74408697,False,
TAQ NYSE TEXAS BBO,EQY_US_TAQ_TEXAS_BBO_2_20260105.gz,file,https://ftp.nyse.com/Historical%20Data%20Samples/TAQ%20NYSE%20TEXAS%20BBO/EQY_US_TAQ_TEXAS_BBO_2_20260105.gz,62373669,False,
TAQ NYSE TEXAS BBO,EQY_US_TAQ_TEXAS_BBO_3_20260102.gz,file,https://ftp.nyse.com/Historical%20Data%20Samples/TAQ%20NYSE%20TEXAS%20BBO/EQY_US_TAQ_TEXAS_BBO_3_20260102.gz,69902798,False,
TAQ NYSE TEXAS BBO,EQY_US_TAQ_TEXAS_BBO_3_20260105.gz,file,https://ftp.nyse.com/Historical%20Data%20Samples/TAQ%20NYSE%20TEXAS%20BBO/EQY_US_TAQ_TEXAS_BBO_3_20260105.gz,60089027,False,
TAQ NYSE TEXAS BBO,EQY_US_TAQ_TEXAS_BBO_4_20260102.gz,file,https://ftp.nyse.com/Historical%20Data%20Samples/TAQ%20NYSE%20TEXAS%20BBO/EQY_US_TAQ_TEXAS_BBO_4_20260102.gz,81671022,False,
TAQ NYSE TEXAS BBO,EQY_US_TAQ_TEXAS_BBO_4_20260105.gz,file,https://ftp.nyse.com/Historical%20Data%20Samples/TAQ%20NYSE%20TEXAS%20BBO/EQY_US_TAQ_TEXAS_BBO_4_20260105.gz,70223190,False,
TAQ NYSE TEXAS BBO,EQY_US_TAQ_TEXAS_BBO_5_20260102.gz,file,https://ftp.nyse.com/Historical%20Data%20Samples/TAQ%20NYSE%20TEXAS%20BBO/EQY_US_TAQ_TEXAS_BBO_5_20260102.gz,41520861,False,
TAQ NYSE TEXAS BBO,EQY_US_TAQ_TEXAS_BBO_5_20260105.gz,file,https://ftp.nyse.com/Historical%20Data%20Samples/TAQ%20NYSE%20TEXAS%20BBO/EQY_US_TAQ_TEXAS_BBO_5_20260105.gz,39828840,False,
TAQ NYSE TEXAS BBO,EQY_US_TAQ_TEXAS_BBO_6_20260102.gz,file,https://ftp.nyse.com/Historical%20Data%20Samples/TAQ%20NYSE%20TEXAS%20BBO/EQY_US_TAQ_TEXAS_BBO_6_20260102.gz,49915658,False,
TAQ NYSE TEXAS BBO,EQY_US_TAQ_TEXAS_BBO_6_20260105.gz,file,https://ftp.nyse.com/Historical%20Data%20Samples/TAQ%20NYSE%20TEXAS%20BBO/EQY_US_TAQ_TEXAS_BBO_6_20260105.gz,49229089,False,
TAQ NYSE TEXAS INTEGRATED FEED,EQY_US_CHICAGO_IBF_1_20250402.gz,file,https://ftp.nyse.com/Historical%20Data%20Samples/TAQ%20NYSE%20TEXAS%20INTEGRATED%20FEED/EQY_US_CHICAGO_IBF_1_20250402.gz,154522450,False,
TAQ NYSE TEXAS INTEGRATED FEED,EQY_US_CHICAGO_IBF_1_20250403.gz,file,https://ftp.nyse.com/Historical%20Data%20Samples/TAQ%20NYSE%20TEXAS%20INTEGRATED%20FEED/EQY_US_CHICAGO_IBF_1_20250403.gz,195921446,False,
TAQ NYSE TEXAS INTEGRATED FEED,EQY_US_CHICAGO_IBF_2_20250402.gz,file,https://ftp.nyse.com/Historical%20Data%20Samples/TAQ%20NYSE%20TEXAS%20INTEGRATED%20FEED/EQY_US_CHICAGO_IBF_2_20250402.gz,160167488,False,
TAQ NYSE TEXAS INTEGRATED FEED,EQY_US_CHICAGO_IBF_2_20250403.gz,file,https://ftp.nyse.com/Historical%20Data%20Samples/TAQ%20NYSE%20TEXAS%20INTEGRATED%20FEED/EQY_US_CHICAGO_IBF_2_20250403.gz,214699108,False,
TAQ NYSE TEXAS INTEGRATED FEED,EQY_US_CHICAGO_IBF_3_20250402.gz,file,https://ftp.nyse.com/Historical%20Data%20Samples/TAQ%20NYSE%20TEXAS%20INTEGRATED%20FEED/EQY_US_CHICAGO_IBF_3_20250402.gz,154500506,False,
TAQ NYSE TEXAS INTEGRATED FEED,EQY_US_CHICAGO_IBF_3_20250403.gz,file,https://ftp.nyse.com/Historical%20Data%20Samples/TAQ%20NYSE%20TEXAS%20INTEGRATED%20FEED/EQY_US_CHICAGO_IBF_3_20250403.gz,220056136,False,
TAQ NYSE TEXAS INTEGRATED FEED,EQY_US_CHICAGO_IBF_4_20250402.gz,file,https://ftp.nyse.com/Historical%20Data%20Samples/TAQ%20NYSE%20TEXAS%20INTEGRATED%20FEED/EQY_US_CHICAGO_IBF_4_20250402.gz,149466327,False,
TAQ NYSE TEXAS INTEGRATED FEED,EQY_US_CHICAGO_IBF_4_20250403.gz,file,https://ftp.nyse.com/Historical%20Data%20Samples/TAQ%20NYSE%20TEXAS%20INTEGRATED%20FEED/EQY_US_CHICAGO_IBF_4_20250403.gz,209065584,False,
TAQ NYSE TEXAS INTEGRATED FEED,EQY_US_CHICAGO_IBF_5_20250402.gz,file,https://ftp.nyse.com/Historical%20Data%20Samples/TAQ%20NYSE%20TEXAS%20INTEGRATED%20FEED/EQY_US_CHICAGO_IBF_5_20250402.gz,121012693,False,
TAQ NYSE TEXAS INTEGRATED FEED,EQY_US_CHICAGO_IBF_5_20250403.gz,file,https://ftp.nyse.com/Historical%20Data%20Samples/TAQ%20NYSE%20TEXAS%20INTEGRATED%20FEED/EQY_US_CHICAGO_IBF_5_20250403.gz,182235316,False,
TAQ NYSE TEXAS INTEGRATED FEED,EQY_US_CHICAGO_IBF_6_20250402.gz,file,https://ftp.nyse.com/Historical%20Data%20Samples/TAQ%20NYSE%20TEXAS%20INTEGRATED%20FEED/EQY_US_CHICAGO_IBF_6_20250402.gz,134275146,False,
TAQ NYSE TEXAS INTEGRATED FEED,EQY_US_CHICAGO_IBF_6_20250403.gz,file,https://ftp.nyse.com/Historical%20Data%20Samples/TAQ%20NYSE%20TEXAS%20INTEGRATED%20FEED/EQY_US_CHICAGO_IBF_6_20250403.gz,146681693,False,
TAQ NYSE TEXAS INTEGRATED FEED,EQY_US_CHICAGO_STOCKSUM_20250402.gz,file,https://ftp.nyse.com/Historical%20Data%20Samples/TAQ%20NYSE%20TEXAS%20INTEGRATED%20FEED/EQY_US_CHICAGO_STOCKSUM_20250402.gz,52802830,False,
TAQ NYSE TEXAS INTEGRATED FEED,EQY_US_CHICAGO_STOCKSUM_20250403.gz,file,https://ftp.nyse.com/Historical%20Data%20Samples/TAQ%20NYSE%20TEXAS%20INTEGRATED%20FEED/EQY_US_CHICAGO_STOCKSUM_20250403.gz,57431860,False,
TAQ NYSE TEXAS INTEGRATED FEED,EQY_US_TEXAS_IBF_1_20260102.gz,file,https://ftp.nyse.com/Historical%20Data%20Samples/TAQ%20NYSE%20TEXAS%20INTEGRATED%20FEED/EQY_US_TEXAS_IBF_1_20260102.gz,110301854,False,
TAQ NYSE TEXAS INTEGRATED FEED,EQY_US_TEXAS_IBF_1_20260105.gz,file,https://ftp.nyse.com/Historical%20Data%20Samples/TAQ%20NYSE%20TEXAS%20INTEGRATED%20FEED/EQY_US_TEXAS_IBF_1_20260105.gz,119358854,False,
TAQ NYSE TEXAS INTEGRATED FEED,EQY_US_TEXAS_IBF_2_20260102.gz,file,https://ftp.nyse.com/Historical%20Data%20Samples/TAQ%20NYSE%20TEXAS%20INTEGRATED%20FEED/EQY_US_TEXAS_IBF_2_20260102.gz,115665999,False,
TAQ NYSE TEXAS INTEGRATED FEED,EQY_US_TEXAS_IBF_2_20260105.gz,file,https://ftp.nyse.com/Historical%20Data%20Samples/TAQ%20NYSE%20TEXAS%20INTEGRATED%20FEED/EQY_US_TEXAS_IBF_2_20260105.gz,92729867,False,
TAQ NYSE TEXAS INTEGRATED FEED,EQY_US_TEXAS_IBF_3_20260102.gz,file,https://ftp.nyse.com/Historical%20Data%20Samples/TAQ%20NYSE%20TEXAS%20INTEGRATED%20FEED/EQY_US_TEXAS_IBF_3_20260102.gz,105122373,False,
TAQ NYSE TEXAS INTEGRATED FEED,EQY_US_TEXAS_IBF_3_20260105.gz,file,https://ftp.nyse.com/Historical%20Data%20Samples/TAQ%20NYSE%20TEXAS%20INTEGRATED%20FEED/EQY_US_TEXAS_IBF_3_20260105.gz,89598851,False,
TAQ NYSE TEXAS INTEGRATED FEED,EQY_US_TEXAS_IBF_4_20260102.gz,file,https://ftp.nyse.com/Historical%20Data%20Samples/TAQ%20NYSE%20TEXAS%20INTEGRATED%20FEED/EQY_US_TEXAS_IBF_4_20260102.gz,119031114,False,
TAQ NYSE TEXAS INTEGRATED FEED,EQY_US_TEXAS_IBF_4_20260105.gz,file,https://ftp.nyse.com/Historical%20Data%20Samples/TAQ%20NYSE%20TEXAS%20INTEGRATED%20FEED/EQY_US_TEXAS_IBF_4_20260105.gz,102331199,False,
TAQ NYSE TEXAS INTEGRATED FEED,EQY_US_TEXAS_IBF_5_20260102.gz,file,https://ftp.nyse.com/Historical%20Data%20Samples/TAQ%20NYSE%20TEXAS%20INTEGRATED%20FEED/EQY_US_TEXAS_IBF_5_20260102.gz,64082795,False,
TAQ NYSE TEXAS INTEGRATED FEED,EQY_US_TEXAS_IBF_5_20260105.gz,file,https://ftp.nyse.com/Historical%20Data%20Samples/TAQ%20NYSE%20TEXAS%20INTEGRATED%20FEED/EQY_US_TEXAS_IBF_5_20260105.gz,56593993,False,
TAQ NYSE TEXAS INTEGRATED FEED,EQY_US_TEXAS_IBF_6_20260102.gz,file,https://ftp.nyse.com/Historical%20Data%20Samples/TAQ%20NYSE%20TEXAS%20INTEGRATED%20FEED/EQY_US_TEXAS_IBF_6_20260102.gz,81115401,False,
TAQ NYSE TEXAS INTEGRATED FEED,EQY_US_TEXAS_IBF_6_20260105.gz,file,https://ftp.nyse.com/Historical%20Data%20Samples/TAQ%20NYSE%20TEXAS%20INTEGRATED%20FEED/EQY_US_TEXAS_IBF_6_20260105.gz,74542841,False,
TAQ NYSE TEXAS INTEGRATED FEED,EQY_US_TEXAS_STOCKSUM_20260102.gz,file,https://ftp.nyse.com/Historical%20Data%20Samples/TAQ%20NYSE%20TEXAS%20INTEGRATED%20FEED/EQY_US_TEXAS_STOCKSUM_20260102.gz,58206008,False,
TAQ NYSE TEXAS INTEGRATED FEED,EQY_US_TEXAS_STOCKSUM_20260105.gz,file,https://ftp.nyse.com/Historical%20Data%20Samples/TAQ%20NYSE%20TEXAS%20INTEGRATED%20FEED/EQY_US_TEXAS_STOCKSUM_20260105.gz,65622398,False,
TAQ NYSE TEXAS ORDER IMBALANCES,EQY_US_TEXAS_REF_IMBALANCES_20260102.gz,file,https://ftp.nyse.com/Historical%20Data%20Samples/TAQ%20NYSE%20TEXAS%20ORDER%20IMBALANCES/EQY_US_TEXAS_REF_IMBALANCES_20260102.gz,967354,False,
TAQ NYSE TEXAS ORDER IMBALANCES,EQY_US_TEXAS_REF_IMBALANCES_20260105.gz,file,https://ftp.nyse.com/Historical%20Data%20Samples/TAQ%20NYSE%20TEXAS%20ORDER%20IMBALANCES/EQY_US_TEXAS_REF_IMBALANCES_20260105.gz,964400,False,
TAQ NYSE TEXAS TRADES,EQY_US_TAQ_TEXAS_TRADES_1_20260102.gz,file,https://ftp.nyse.com/Historical%20Data%20Samples/TAQ%20NYSE%20TEXAS%20TRADES/EQY_US_TAQ_TEXAS_TRADES_1_20260102.gz,110301854,False,
TAQ NYSE TEXAS TRADES,EQY_US_TAQ_TEXAS_TRADES_1_20260105.gz,file,https://ftp.nyse.com/Historical%20Data%20Samples/TAQ%20NYSE%20TEXAS%20TRADES/EQY_US_TAQ_TEXAS_TRADES_1_20260105.gz,119358854,False,
TAQ NYSE TEXAS TRADES,EQY_US_TAQ_TEXAS_TRADES_2_20260102.gz,file,https://ftp.nyse.com/Historical%20Data%20Samples/TAQ%20NYSE%20TEXAS%20TRADES/EQY_US_TAQ_TEXAS_TRADES_2_20260102.gz,115665999,False,
TAQ NYSE TEXAS TRADES,EQY_US_TAQ_TEXAS_TRADES_2_20260105.gz,file,https://ftp.nyse.com/Historical%20Data%20Samples/TAQ%20NYSE%20TEXAS%20TRADES/EQY_US_TAQ_TEXAS_TRADES_2_20260105.gz,92729867,False,
TAQ NYSE TEXAS TRADES,EQY_US_TAQ_TEXAS_TRADES_3_20260102.gz,file,https://ftp.nyse.com/Historical%20Data%20Samples/TAQ%20NYSE%20TEXAS%20TRADES/EQY_US_TAQ_TEXAS_TRADES_3_20260102.gz,105122373,False,
TAQ NYSE TEXAS TRADES,EQY_US_TAQ_TEXAS_TRADES_3_20260105.gz,file,https://ftp.nyse.com/Historical%20Data%20Samples/TAQ%20NYSE%20TEXAS%20TRADES/EQY_US_TAQ_TEXAS_TRADES_3_20260105.gz,89598851,False,
TAQ NYSE TEXAS TRADES,EQY_US_TAQ_TEXAS_TRADES_4_20260102.gz,file,https://ftp.nyse.com/Historical%20Data%20Samples/TAQ%20NYSE%20TEXAS%20TRADES/EQY_US_TAQ_TEXAS_TRADES_4_20260102.gz,119031114,False,
TAQ NYSE TEXAS TRADES,EQY_US_TAQ_TEXAS_TRADES_4_20260105.gz,file,https://ftp.nyse.com/Historical%20Data%20Samples/TAQ%20NYSE%20TEXAS%20TRADES/EQY_US_TAQ_TEXAS_TRADES_4_20260105.gz,102331199,False,
TAQ NYSE TEXAS TRADES,EQY_US_TAQ_TEXAS_TRADES_5_20260102.gz,file,https://ftp.nyse.com/Historical%20Data%20Samples/TAQ%20NYSE%20TEXAS%20TRADES/EQY_US_TAQ_TEXAS_TRADES_5_20260102.gz,64082795,False,
TAQ NYSE TEXAS TRADES,EQY_US_TAQ_TEXAS_TRADES_5_20260105.gz,file,https://ftp.nyse.com/Historical%20Data%20Samples/TAQ%20NYSE%20TEXAS%20TRADES/EQY_US_TAQ_TEXAS_TRADES_5_20260105.gz,56593993,False,
TAQ NYSE TEXAS TRADES,EQY_US_TAQ_TEXAS_TRADES_6_20260102.gz,file,https://ftp.nyse.com/Historical%20Data%20Samples/TAQ%20NYSE%20TEXAS%20TRADES/EQY_US_TAQ_TEXAS_TRADES_6_20260102.gz,81115401,False,
TAQ NYSE TEXAS TRADES,EQY_US_TAQ_TEXAS_TRADES_6_20260105.gz,file,https://ftp.nyse.com/Historical%20Data%20Samples/TAQ%20NYSE%20TEXAS%20TRADES/EQY_US_TAQ_TEXAS_TRADES_6_20260105.gz,74542841,False,
TAQ NYSE TEXAS TRADES,EQY_US_TEXAS_STOCKSUM_20260102.gz,file,https://ftp.nyse.com/Historical%20Data%20Samples/TAQ%20NYSE%20TEXAS%20TRADES/EQY_US_TEXAS_STOCKSUM_20260102.gz,58206008,False,
TAQ NYSE TEXAS TRADES,EQY_US_TEXAS_STOCKSUM_20260105.gz,file,https://ftp.nyse.com/Historical%20Data%20Samples/TAQ%20NYSE%20TEXAS%20TRADES/EQY_US_TEXAS_STOCKSUM_20260105.gz,65622398,False,
TAQ NYSE TRADES,EQY_US_NYSE_STOCKSUM_20260102.gz,file,https://ftp.nyse.com/Historical%20Data%20Samples/TAQ%20NYSE%20TRADES/EQY_US_NYSE_STOCKSUM_20260102.gz,114571154,False,
TAQ NYSE TRADES,EQY_US_NYSE_STOCKSUM_20260105.gz,file,https://ftp.nyse.com/Historical%20Data%20Samples/TAQ%20NYSE%20TRADES/EQY_US_NYSE_STOCKSUM_20260105.gz,117255024,False,
TAQ NYSE TRADES,EQY_US_TAQ_NYSE_TRADES_20231002.gz,file,https://ftp.nyse.com/Historical%20Data%20Samples/TAQ%20NYSE%20TRADES/EQY_US_TAQ_NYSE_TRADES_20231002.gz,100125513,True,data/nyse_taq_samples/EQY_US_TAQ_NYSE_TRADES_20231002.gz
TAQ NYSE TRADES,EQY_US_TAQ_NYSE_TRADES_20231003.gz,file,https://ftp.nyse.com/Historical%20Data%20Samples/TAQ%20NYSE%20TRADES/EQY_US_TAQ_NYSE_TRADES_20231003.gz,101573682,False,
TAQ NYSE TRADES,EQY_US_TAQ_NYSE_TRADES_TRF_20260102.gz,file,https://ftp.nyse.com/Historical%20Data%20Samples/TAQ%20NYSE%20TRADES/EQY_US_TAQ_NYSE_TRADES_TRF_20260102.gz,41253812,False,
VOLUME SUMMARY,ARCAshvol20260102.txt,file,https://ftp.nyse.com/Historical%20Data%20Samples/VOLUME%20SUMMARY/ARCAshvol20260102.txt,317131,False,
VOLUME SUMMARY,ARCAshvol20260102.xls,file,https://ftp.nyse.com/Historical%20Data%20Samples/VOLUME%20SUMMARY/ARCAshvol20260102.xls,1337856,False,
VOLUME SUMMARY,ARCAshvol20260102.xml,file,https://ftp.nyse.com/Historical%20Data%20Samples/VOLUME%20SUMMARY/ARCAshvol20260102.xml,2133608,False,
VOLUME SUMMARY,ARCAshvol20260105.txt,file,https://ftp.nyse.com/Historical%20Data%20Samples/VOLUME%20SUMMARY/ARCAshvol20260105.txt,325188,False,
VOLUME SUMMARY,ARCAshvol20260105.xls,file,https://ftp.nyse.com/Historical%20Data%20Samples/VOLUME%20SUMMARY/ARCAshvol20260105.xls,1363968,False,
VOLUME SUMMARY,ARCAshvol20260105.xml,file,https://ftp.nyse.com/Historical%20Data%20Samples/VOLUME%20SUMMARY/ARCAshvol20260105.xml,2172085,False,
VOLUME SUMMARY,Amexshvol20260102.txt,file,https://ftp.nyse.com/Historical%20Data%20Samples/VOLUME%20SUMMARY/Amexshvol20260102.txt,162351,False,
VOLUME SUMMARY,Amexshvol20260102.xls,file,https://ftp.nyse.com/Historical%20Data%20Samples/VOLUME%20SUMMARY/Amexshvol20260102.xls,718848,False,
VOLUME SUMMARY,Amexshvol20260102.xml,file,https://ftp.nyse.com/Historical%20Data%20Samples/VOLUME%20SUMMARY/Amexshvol20260102.xml,1181486,False,
VOLUME SUMMARY,Amexshvol20260105.txt,file,https://ftp.nyse.com/Historical%20Data%20Samples/VOLUME%20SUMMARY/Amexshvol20260105.txt,168064,False,
VOLUME SUMMARY,Amexshvol20260105.xls,file,https://ftp.nyse.com/Historical%20Data%20Samples/VOLUME%20SUMMARY/Amexshvol20260105.xls,741376,False,
VOLUME SUMMARY,Amexshvol20260105.xml,file,https://ftp.nyse.com/Historical%20Data%20Samples/VOLUME%20SUMMARY/Amexshvol20260105.xml,1215084,False,
VOLUME SUMMARY,Chicagoshvol20250401.txt,file,https://ftp.nyse.com/Historical%20Data%20Samples/VOLUME%20SUMMARY/Chicagoshvol20250401.txt,96008,False,
VOLUME SUMMARY,Chicagoshvol20250401.xls,file,https://ftp.nyse.com/Historical%20Data%20Samples/VOLUME%20SUMMARY/Chicagoshvol20250401.xls,432128,False,
VOLUME SUMMARY,Chicagoshvol20250401.xml,file,https://ftp.nyse.com/Historical%20Data%20Samples/VOLUME%20SUMMARY/Chicagoshvol20250401.xml,708022,False,
VOLUME SUMMARY,Chicagoshvol20250402.txt,file,https://ftp.nyse.com/Historical%20Data%20Samples/VOLUME%20SUMMARY/Chicagoshvol20250402.txt,101846,False,
VOLUME SUMMARY,Chicagoshvol20250402.xls,file,https://ftp.nyse.com/Historical%20Data%20Samples/VOLUME%20SUMMARY/Chicagoshvol20250402.xls,458752,False,
VOLUME SUMMARY,Chicagoshvol20250402.xml,file,https://ftp.nyse.com/Historical%20Data%20Samples/VOLUME%20SUMMARY/Chicagoshvol20250402.xml,753575,False,
VOLUME SUMMARY,EQY_US_ALL_SUM_DOLVOL_20260102.txt,file,https://ftp.nyse.com/Historical%20Data%20Samples/VOLUME%20SUMMARY/EQY_US_ALL_SUM_DOLVOL_20260102.txt,2880625,False,
VOLUME SUMMARY,EQY_US_ALL_SUM_DOLVOL_20260102.xls,file,https://ftp.nyse.com/Historical%20Data%20Samples/VOLUME%20SUMMARY/EQY_US_ALL_SUM_DOLVOL_20260102.xls,13146112,False,
VOLUME SUMMARY,EQY_US_ALL_SUM_DOLVOL_20260102.xml,file,https://ftp.nyse.com/Historical%20Data%20Samples/VOLUME%20SUMMARY/EQY_US_ALL_SUM_DOLVOL_20260102.xml,21932279,False,
VOLUME SUMMARY,EQY_US_ALL_SUM_DOLVOL_20260105.txt,file,https://ftp.nyse.com/Historical%20Data%20Samples/VOLUME%20SUMMARY/EQY_US_ALL_SUM_DOLVOL_20260105.txt,2930120,False,
VOLUME SUMMARY,EQY_US_ALL_SUM_DOLVOL_20260105.xls,file,https://ftp.nyse.com/Historical%20Data%20Samples/VOLUME%20SUMMARY/EQY_US_ALL_SUM_DOLVOL_20260105.xls,13221888,False,
VOLUME SUMMARY,EQY_US_ALL_SUM_DOLVOL_20260105.xml,file,https://ftp.nyse.com/Historical%20Data%20Samples/VOLUME%20SUMMARY/EQY_US_ALL_SUM_DOLVOL_20260105.xml,21970777,False,
VOLUME SUMMARY,EQY_US_AMEX_SUM_VOLUME_20260102.txt,file,https://ftp.nyse.com/Historical%20Data%20Samples/VOLUME%20SUMMARY/EQY_US_AMEX_SUM_VOLUME_20260102.txt,1025793,False,
VOLUME SUMMARY,EQY_US_AMEX_SUM_VOLUME_20260102.xls,file,https://ftp.nyse.com/Historical%20Data%20Samples/VOLUME%20SUMMARY/EQY_US_AMEX_SUM_VOLUME_20260102.xls,4103680,False,
VOLUME SUMMARY,EQY_US_AMEX_SUM_VOLUME_20260102.xml,file,https://ftp.nyse.com/Historical%20Data%20Samples/VOLUME%20SUMMARY/EQY_US_AMEX_SUM_VOLUME_20260102.xml,7849837,False,
VOLUME SUMMARY,EQY_US_AMEX_SUM_VOLUME_20260105.txt,file,https://ftp.nyse.com/Historical%20Data%20Samples/VOLUME%20SUMMARY/EQY_US_AMEX_SUM_VOLUME_20260105.txt,1039048,False,
VOLUME SUMMARY,EQY_US_AMEX_SUM_VOLUME_20260105.xls,file,https://ftp.nyse.com/Historical%20Data%20Samples/VOLUME%20SUMMARY/EQY_US_AMEX_SUM_VOLUME_20260105.xls,4136960,False,
VOLUME SUMMARY,EQY_US_AMEX_SUM_VOLUME_20260105.xml,file,https://ftp.nyse.com/Historical%20Data%20Samples/VOLUME%20SUMMARY/EQY_US_AMEX_SUM_VOLUME_20260105.xml,7908096,False,
VOLUME SUMMARY,EQY_US_ARCA_SUM_VOLUME_20260102.txt,file,https://ftp.nyse.com/Historical%20Data%20Samples/VOLUME%20SUMMARY/EQY_US_ARCA_SUM_VOLUME_20260102.txt,1381562,False,
VOLUME SUMMARY,EQY_US_ARCA_SUM_VOLUME_20260102.xls,file,https://ftp.nyse.com/Historical%20Data%20Samples/VOLUME%20SUMMARY/EQY_US_ARCA_SUM_VOLUME_20260102.xls,4985856,False,
VOLUME SUMMARY,EQY_US_ARCA_SUM_VOLUME_20260102.xml,file,https://ftp.nyse.com/Historical%20Data%20Samples/VOLUME%20SUMMARY/EQY_US_ARCA_SUM_VOLUME_20260102.xml,9471149,False,
VOLUME SUMMARY,EQY_US_ARCA_SUM_VOLUME_20260105.txt,file,https://ftp.nyse.com/Historical%20Data%20Samples/VOLUME%20SUMMARY/EQY_US_ARCA_SUM_VOLUME_20260105.txt,1394675,False,
VOLUME SUMMARY,EQY_US_ARCA_SUM_VOLUME_20260105.xls,file,https://ftp.nyse.com/Historical%20Data%20Samples/VOLUME%20SUMMARY/EQY_US_ARCA_SUM_VOLUME_20260105.xls,4996608,False,
VOLUME SUMMARY,EQY_US_ARCA_SUM_VOLUME_20260105.xml,file,https://ftp.nyse.com/Historical%20Data%20Samples/VOLUME%20SUMMARY/EQY_US_ARCA_SUM_VOLUME_20260105.xml,9480623,False,
VOLUME SUMMARY,EQY_US_CHICAGO_SUM_VOLUME_20250401.txt,file,https://ftp.nyse.com/Historical%20Data%20Samples/VOLUME%20SUMMARY/EQY_US_CHICAGO_SUM_VOLUME_20250401.txt,826617,False,
VOLUME SUMMARY,EQY_US_CHICAGO_SUM_VOLUME_20250401.xls,file,https://ftp.nyse.com/Historical%20Data%20Samples/VOLUME%20SUMMARY/EQY_US_CHICAGO_SUM_VOLUME_20250401.xls,3407872,False,
VOLUME SUMMARY,EQY_US_CHICAGO_SUM_VOLUME_20250401.xml,file,https://ftp.nyse.com/Historical%20Data%20Samples/VOLUME%20SUMMARY/EQY_US_CHICAGO_SUM_VOLUME_20250401.xml,6515584,False,
VOLUME SUMMARY,EQY_US_CHICAGO_SUM_VOLUME_20250402.txt,file,https://ftp.nyse.com/Historical%20Data%20Samples/VOLUME%20SUMMARY/EQY_US_CHICAGO_SUM_VOLUME_20250402.txt,842979,False,
VOLUME SUMMARY,EQY_US_CHICAGO_SUM_VOLUME_20250402.xls,file,https://ftp.nyse.com/Historical%20Data%20Samples/VOLUME%20SUMMARY/EQY_US_CHICAGO_SUM_VOLUME_20250402.xls,3472896,False,
VOLUME SUMMARY,EQY_US_CHICAGO_SUM_VOLUME_20250402.xml,file,https://ftp.nyse.com/Historical%20Data%20Samples/VOLUME%20SUMMARY/EQY_US_CHICAGO_SUM_VOLUME_20250402.xml,6639401,False,
VOLUME SUMMARY,EQY_US_NATIONAL_SUM_VOLUME_20260102.txt,file,https://ftp.nyse.com/Historical%20Data%20Samples/VOLUME%20SUMMARY/EQY_US_NATIONAL_SUM_VOLUME_20260102.txt,1062473,False,
VOLUME SUMMARY,EQY_US_NATIONAL_SUM_VOLUME_20260102.xls,file,https://ftp.nyse.com/Historical%20Data%20Samples/VOLUME%20SUMMARY/EQY_US_NATIONAL_SUM_VOLUME_20260102.xls,4250112,False,
VOLUME SUMMARY,EQY_US_NATIONAL_SUM_VOLUME_20260102.xml,file,https://ftp.nyse.com/Historical%20Data%20Samples/VOLUME%20SUMMARY/EQY_US_NATIONAL_SUM_VOLUME_20260102.xml,8128495,False,
VOLUME SUMMARY,EQY_US_NATIONAL_SUM_VOLUME_20260105.txt,file,https://ftp.nyse.com/Historical%20Data%20Samples/VOLUME%20SUMMARY/EQY_US_NATIONAL_SUM_VOLUME_20260105.txt,1074067,False,
VOLUME SUMMARY,EQY_US_NATIONAL_SUM_VOLUME_20260105.xls,file,https://ftp.nyse.com/Historical%20Data%20Samples/VOLUME%20SUMMARY/EQY_US_NATIONAL_SUM_VOLUME_20260105.xls,4278272,False,
VOLUME SUMMARY,EQY_US_NATIONAL_SUM_VOLUME_20260105.xml,file,https://ftp.nyse.com/Historical%20Data%20Samples/VOLUME%20SUMMARY/EQY_US_NATIONAL_SUM_VOLUME_20260105.xml,8181210,False,
VOLUME SUMMARY,EQY_US_NYSE_SUM_VOLUME_20260102.txt,file,https://ftp.nyse.com/Historical%20Data%20Samples/VOLUME%20SUMMARY/EQY_US_NYSE_SUM_VOLUME_20260102.txt,1237538,False,
VOLUME SUMMARY,EQY_US_NYSE_SUM_VOLUME_20260102.xls,file,https://ftp.nyse.com/Historical%20Data%20Samples/VOLUME%20SUMMARY/EQY_US_NYSE_SUM_VOLUME_20260102.xls,4617728,False,
VOLUME SUMMARY,EQY_US_NYSE_SUM_VOLUME_20260102.xml,file,https://ftp.nyse.com/Historical%20Data%20Samples/VOLUME%20SUMMARY/EQY_US_NYSE_SUM_VOLUME_20260102.xml,8758190,False,
VOLUME SUMMARY,EQY_US_NYSE_SUM_VOLUME_20260105.txt,file,https://ftp.nyse.com/Historical%20Data%20Samples/VOLUME%20SUMMARY/EQY_US_NYSE_SUM_VOLUME_20260105.txt,1248686,False,
VOLUME SUMMARY,EQY_US_NYSE_SUM_VOLUME_20260105.xls,file,https://ftp.nyse.com/Historical%20Data%20Samples/VOLUME%20SUMMARY/EQY_US_NYSE_SUM_VOLUME_20260105.xls,4633088,False,
VOLUME SUMMARY,EQY_US_NYSE_SUM_VOLUME_20260105.xml,file,https://ftp.nyse.com/Historical%20Data%20Samples/VOLUME%20SUMMARY/EQY_US_NYSE_SUM_VOLUME_20260105.xml,8786552,False,
VOLUME SUMMARY,NYSEshvol20260102.txt,file,https://ftp.nyse.com/Historical%20Data%20Samples/VOLUME%20SUMMARY/NYSEshvol20260102.txt,243295,False,
VOLUME SUMMARY,NYSEshvol20260102.xls,file,https://ftp.nyse.com/Historical%20Data%20Samples/VOLUME%20SUMMARY/NYSEshvol20260102.xls,1025024,False,
VOLUME SUMMARY,NYSEshvol20260102.xml,file,https://ftp.nyse.com/Historical%20Data%20Samples/VOLUME%20SUMMARY/NYSEshvol20260102.xml,1622738,False,
VOLUME SUMMARY,NYSEshvol20260105.txt,file,https://ftp.nyse.com/Historical%20Data%20Samples/VOLUME%20SUMMARY/NYSEshvol20260105.txt,251784,False,
VOLUME SUMMARY,NYSEshvol20260105.xls,file,https://ftp.nyse.com/Historical%20Data%20Samples/VOLUME%20SUMMARY/NYSEshvol20260105.xls,1056768,False,
VOLUME SUMMARY,NYSEshvol20260105.xml,file,https://ftp.nyse.com/Historical%20Data%20Samples/VOLUME%20SUMMARY/NYSEshvol20260105.xml,1672801,False,
VOLUME SUMMARY,Nationalshvol20260102.txt,file,https://ftp.nyse.com/Historical%20Data%20Samples/VOLUME%20SUMMARY/Nationalshvol20260102.txt,175903,False,
VOLUME SUMMARY,Nationalshvol20260102.xls,file,https://ftp.nyse.com/Historical%20Data%20Samples/VOLUME%20SUMMARY/Nationalshvol20260102.xls,774144,False,
VOLUME SUMMARY,Nationalshvol20260102.xml,file,https://ftp.nyse.com/Historical%20Data%20Samples/VOLUME%20SUMMARY/Nationalshvol20260102.xml,1261624,False,
VOLUME SUMMARY,Nationalshvol20260105.txt,file,https://ftp.nyse.com/Historical%20Data%20Samples/VOLUME%20SUMMARY/Nationalshvol20260105.txt,182625,False,
VOLUME SUMMARY,Nationalshvol20260105.xls,file,https://ftp.nyse.com/Historical%20Data%20Samples/VOLUME%20SUMMARY/Nationalshvol20260105.xls,801792,False,
VOLUME SUMMARY,Nationalshvol20260105.xml,file,https://ftp.nyse.com/Historical%20Data%20Samples/VOLUME%20SUMMARY/Nationalshvol20260105.xml,1304512,False,
