config_id,bar,feature_set,n_features,fit_scope,method,n_components,task,probe,metric,value,fit_seconds,n_eval,timestamp
A|5s|full|nc2|PCA,5s,full,19,pooled,PCA,2,lab_stress,logistic,auc,0.6641,0.0,8000,2026-06-03 01:36:05
A|5s|full|nc2|PCA,5s,full,19,pooled,PCA,2,lab_stress,knn,auc,0.7165,0.0,8000,2026-06-03 01:36:05
A|5s|full|nc2|PCA,5s,full,19,pooled,PCA,2,lab_depth_collapse,logistic,auc,0.5242,0.0,8000,2026-06-03 01:36:05
A|5s|full|nc2|PCA,5s,full,19,pooled,PCA,2,lab_depth_collapse,knn,auc,0.5779,0.0,8000,2026-06-03 01:36:05
A|5s|full|nc2|PCA,5s,full,19,pooled,PCA,2,lab_spread_widen,logistic,auc,0.5222,0.0,8000,2026-06-03 01:36:05
A|5s|full|nc2|PCA,5s,full,19,pooled,PCA,2,lab_spread_widen,knn,auc,0.5191,0.0,8000,2026-06-03 01:36:05
A|5s|full|nc2|PCA,5s,full,19,pooled,PCA,2,lab_vol_spike,logistic,auc,0.8225,0.0,8000,2026-06-03 01:36:05
A|5s|full|nc2|PCA,5s,full,19,pooled,PCA,2,lab_vol_spike,knn,auc,0.823,0.0,8000,2026-06-03 01:36:05
A|5s|full|nc2|PCA,5s,full,19,pooled,PCA,2,reg_fwdvol,ridge,r2,0.4681,0.0,8000,2026-06-03 01:36:05
A|5s|full|nc2|PCA,5s,full,19,pooled,PCA,2,reg_fwdvol,knn,r2,0.4932,0.0,8000,2026-06-03 01:36:05
A|5s|full|nc2|PCA,5s,full,19,pooled,PCA,2,reg_curvol,ridge,r2,0.4685,0.0,8000,2026-06-03 01:36:05
A|5s|full|nc2|PCA,5s,full,19,pooled,PCA,2,reg_curvol,knn,r2,0.4869,0.0,8000,2026-06-03 01:36:05
A|5s|full|nc2|PCA,5s,full,19,pooled,PCA,2,reg_relspread,ridge,r2,0.51,0.0,8000,2026-06-03 01:36:05
A|5s|full|nc2|PCA,5s,full,19,pooled,PCA,2,reg_relspread,knn,r2,0.5165,0.0,8000,2026-06-03 01:36:05
A|5s|full|nc2|PCA,5s,full,19,pooled,PCA,2,reg_intraday,ridge,r2,0.0601,0.0,8000,2026-06-03 01:36:05
A|5s|full|nc2|PCA,5s,full,19,pooled,PCA,2,reg_intraday,knn,r2,0.0622,0.0,8000,2026-06-03 01:36:05
A|5s|full|nc2|KernelPCA_rbf,5s,full,19,pooled,KernelPCA_rbf,2,lab_stress,logistic,auc,0.5195,0.24,8000,2026-06-03 01:36:05
A|5s|full|nc2|KernelPCA_rbf,5s,full,19,pooled,KernelPCA_rbf,2,lab_stress,knn,auc,0.6858,0.24,8000,2026-06-03 01:36:05
A|5s|full|nc2|KernelPCA_rbf,5s,full,19,pooled,KernelPCA_rbf,2,lab_depth_collapse,logistic,auc,0.5333,0.24,8000,2026-06-03 01:36:05
A|5s|full|nc2|KernelPCA_rbf,5s,full,19,pooled,KernelPCA_rbf,2,lab_depth_collapse,knn,auc,0.5861,0.24,8000,2026-06-03 01:36:05
A|5s|full|nc2|KernelPCA_rbf,5s,full,19,pooled,KernelPCA_rbf,2,lab_spread_widen,logistic,auc,0.5033,0.24,8000,2026-06-03 01:36:05
A|5s|full|nc2|KernelPCA_rbf,5s,full,19,pooled,KernelPCA_rbf,2,lab_spread_widen,knn,auc,0.5288,0.24,8000,2026-06-03 01:36:05
A|5s|full|nc2|KernelPCA_rbf,5s,full,19,pooled,KernelPCA_rbf,2,lab_vol_spike,logistic,auc,0.5688,0.24,8000,2026-06-03 01:36:05
A|5s|full|nc2|KernelPCA_rbf,5s,full,19,pooled,KernelPCA_rbf,2,lab_vol_spike,knn,auc,0.7905,0.24,8000,2026-06-03 01:36:05
A|5s|full|nc2|KernelPCA_rbf,5s,full,19,pooled,KernelPCA_rbf,2,reg_fwdvol,ridge,r2,0.0811,0.24,8000,2026-06-03 01:36:05
A|5s|full|nc2|KernelPCA_rbf,5s,full,19,pooled,KernelPCA_rbf,2,reg_fwdvol,knn,r2,0.4409,0.24,8000,2026-06-03 01:36:05
A|5s|full|nc2|KernelPCA_rbf,5s,full,19,pooled,KernelPCA_rbf,2,reg_curvol,ridge,r2,0.0774,0.24,8000,2026-06-03 01:36:05
A|5s|full|nc2|KernelPCA_rbf,5s,full,19,pooled,KernelPCA_rbf,2,reg_curvol,knn,r2,0.4264,0.24,8000,2026-06-03 01:36:05
A|5s|full|nc2|KernelPCA_rbf,5s,full,19,pooled,KernelPCA_rbf,2,reg_relspread,ridge,r2,0.2871,0.24,8000,2026-06-03 01:36:05
A|5s|full|nc2|KernelPCA_rbf,5s,full,19,pooled,KernelPCA_rbf,2,reg_relspread,knn,r2,0.4156,0.24,8000,2026-06-03 01:36:05
A|5s|full|nc2|KernelPCA_rbf,5s,full,19,pooled,KernelPCA_rbf,2,reg_intraday,ridge,r2,-0.0016,0.24,8000,2026-06-03 01:36:05
A|5s|full|nc2|KernelPCA_rbf,5s,full,19,pooled,KernelPCA_rbf,2,reg_intraday,knn,r2,0.0357,0.24,8000,2026-06-03 01:36:05
A|5s|full|nc2|Isomap_nn10,5s,full,19,pooled,Isomap_nn10,2,lab_stress,logistic,auc,0.5442,1.57,8000,2026-06-03 01:36:07
A|5s|full|nc2|Isomap_nn10,5s,full,19,pooled,Isomap_nn10,2,lab_stress,knn,auc,0.6923,1.57,8000,2026-06-03 01:36:07
A|5s|full|nc2|Isomap_nn10,5s,full,19,pooled,Isomap_nn10,2,lab_depth_collapse,logistic,auc,0.5389,1.57,8000,2026-06-03 01:36:07
A|5s|full|nc2|Isomap_nn10,5s,full,19,pooled,Isomap_nn10,2,lab_depth_collapse,knn,auc,0.589,1.57,8000,2026-06-03 01:36:07
A|5s|full|nc2|Isomap_nn10,5s,full,19,pooled,Isomap_nn10,2,lab_spread_widen,logistic,auc,0.5061,1.57,8000,2026-06-03 01:36:07
A|5s|full|nc2|Isomap_nn10,5s,full,19,pooled,Isomap_nn10,2,lab_spread_widen,knn,auc,0.5318,1.57,8000,2026-06-03 01:36:07
A|5s|full|nc2|Isomap_nn10,5s,full,19,pooled,Isomap_nn10,2,lab_vol_spike,logistic,auc,0.6458,1.57,8000,2026-06-03 01:36:07
A|5s|full|nc2|Isomap_nn10,5s,full,19,pooled,Isomap_nn10,2,lab_vol_spike,knn,auc,0.7563,1.57,8000,2026-06-03 01:36:07
A|5s|full|nc2|Isomap_nn10,5s,full,19,pooled,Isomap_nn10,2,reg_fwdvol,ridge,r2,0.1442,1.57,8000,2026-06-03 01:36:07
A|5s|full|nc2|Isomap_nn10,5s,full,19,pooled,Isomap_nn10,2,reg_fwdvol,knn,r2,0.3302,1.57,8000,2026-06-03 01:36:07
A|5s|full|nc2|Isomap_nn10,5s,full,19,pooled,Isomap_nn10,2,reg_curvol,ridge,r2,0.1382,1.57,8000,2026-06-03 01:36:07
A|5s|full|nc2|Isomap_nn10,5s,full,19,pooled,Isomap_nn10,2,reg_curvol,knn,r2,0.3205,1.57,8000,2026-06-03 01:36:07
A|5s|full|nc2|Isomap_nn10,5s,full,19,pooled,Isomap_nn10,2,reg_relspread,ridge,r2,0.4309,1.57,8000,2026-06-03 01:36:07
A|5s|full|nc2|Isomap_nn10,5s,full,19,pooled,Isomap_nn10,2,reg_relspread,knn,r2,0.466,1.57,8000,2026-06-03 01:36:07
A|5s|full|nc2|Isomap_nn10,5s,full,19,pooled,Isomap_nn10,2,reg_intraday,ridge,r2,0.0126,1.57,8000,2026-06-03 01:36:07
A|5s|full|nc2|Isomap_nn10,5s,full,19,pooled,Isomap_nn10,2,reg_intraday,knn,r2,0.0085,1.57,8000,2026-06-03 01:36:07
A|5s|full|nc2|Isomap_nn30,5s,full,19,pooled,Isomap_nn30,2,lab_stress,logistic,auc,0.528,2.38,8000,2026-06-03 01:36:10
A|5s|full|nc2|Isomap_nn30,5s,full,19,pooled,Isomap_nn30,2,lab_stress,knn,auc,0.6774,2.38,8000,2026-06-03 01:36:10
A|5s|full|nc2|Isomap_nn30,5s,full,19,pooled,Isomap_nn30,2,lab_depth_collapse,logistic,auc,0.5313,2.38,8000,2026-06-03 01:36:10
A|5s|full|nc2|Isomap_nn30,5s,full,19,pooled,Isomap_nn30,2,lab_depth_collapse,knn,auc,0.5779,2.38,8000,2026-06-03 01:36:10
A|5s|full|nc2|Isomap_nn30,5s,full,19,pooled,Isomap_nn30,2,lab_spread_widen,logistic,auc,0.5083,2.38,8000,2026-06-03 01:36:10
A|5s|full|nc2|Isomap_nn30,5s,full,19,pooled,Isomap_nn30,2,lab_spread_widen,knn,auc,0.5339,2.38,8000,2026-06-03 01:36:10
A|5s|full|nc2|Isomap_nn30,5s,full,19,pooled,Isomap_nn30,2,lab_vol_spike,logistic,auc,0.6232,2.38,8000,2026-06-03 01:36:10
A|5s|full|nc2|Isomap_nn30,5s,full,19,pooled,Isomap_nn30,2,lab_vol_spike,knn,auc,0.7423,2.38,8000,2026-06-03 01:36:10
A|5s|full|nc2|Isomap_nn30,5s,full,19,pooled,Isomap_nn30,2,reg_fwdvol,ridge,r2,0.1125,2.38,8000,2026-06-03 01:36:10
A|5s|full|nc2|Isomap_nn30,5s,full,19,pooled,Isomap_nn30,2,reg_fwdvol,knn,r2,0.2991,2.38,8000,2026-06-03 01:36:10
A|5s|full|nc2|Isomap_nn30,5s,full,19,pooled,Isomap_nn30,2,reg_curvol,ridge,r2,0.1072,2.38,8000,2026-06-03 01:36:10
A|5s|full|nc2|Isomap_nn30,5s,full,19,pooled,Isomap_nn30,2,reg_curvol,knn,r2,0.2912,2.38,8000,2026-06-03 01:36:10
A|5s|full|nc2|Isomap_nn30,5s,full,19,pooled,Isomap_nn30,2,reg_relspread,ridge,r2,0.4244,2.38,8000,2026-06-03 01:36:10
A|5s|full|nc2|Isomap_nn30,5s,full,19,pooled,Isomap_nn30,2,reg_relspread,knn,r2,0.4664,2.38,8000,2026-06-03 01:36:10
A|5s|full|nc2|Isomap_nn30,5s,full,19,pooled,Isomap_nn30,2,reg_intraday,ridge,r2,0.0117,2.38,8000,2026-06-03 01:36:10
A|5s|full|nc2|Isomap_nn30,5s,full,19,pooled,Isomap_nn30,2,reg_intraday,knn,r2,0.0028,2.38,8000,2026-06-03 01:36:10
A|5s|full|nc2|LLE,5s,full,19,pooled,LLE,2,lab_stress,logistic,auc,0.4943,0.86,8000,2026-06-03 01:36:11
A|5s|full|nc2|LLE,5s,full,19,pooled,LLE,2,lab_stress,knn,auc,0.577,0.86,8000,2026-06-03 01:36:11
A|5s|full|nc2|LLE,5s,full,19,pooled,LLE,2,lab_depth_collapse,logistic,auc,0.5876,0.86,8000,2026-06-03 01:36:11
A|5s|full|nc2|LLE,5s,full,19,pooled,LLE,2,lab_depth_collapse,knn,auc,0.5685,0.86,8000,2026-06-03 01:36:11
A|5s|full|nc2|LLE,5s,full,19,pooled,LLE,2,lab_spread_widen,logistic,auc,0.5647,0.86,8000,2026-06-03 01:36:11
A|5s|full|nc2|LLE,5s,full,19,pooled,LLE,2,lab_spread_widen,knn,auc,0.5552,0.86,8000,2026-06-03 01:36:11
A|5s|full|nc2|LLE,5s,full,19,pooled,LLE,2,lab_vol_spike,logistic,auc,0.476,0.86,8000,2026-06-03 01:36:11
A|5s|full|nc2|LLE,5s,full,19,pooled,LLE,2,lab_vol_spike,knn,auc,0.6509,0.86,8000,2026-06-03 01:36:11
A|5s|full|nc2|LLE,5s,full,19,pooled,LLE,2,reg_fwdvol,ridge,r2,0.0718,0.86,8000,2026-06-03 01:36:11
A|5s|full|nc2|LLE,5s,full,19,pooled,LLE,2,reg_fwdvol,knn,r2,0.2386,0.86,8000,2026-06-03 01:36:11
A|5s|full|nc2|LLE,5s,full,19,pooled,LLE,2,reg_curvol,ridge,r2,0.0729,0.86,8000,2026-06-03 01:36:11
A|5s|full|nc2|LLE,5s,full,19,pooled,LLE,2,reg_curvol,knn,r2,0.2476,0.86,8000,2026-06-03 01:36:11
A|5s|full|nc2|LLE,5s,full,19,pooled,LLE,2,reg_relspread,ridge,r2,0.0021,0.86,8000,2026-06-03 01:36:11
A|5s|full|nc2|LLE,5s,full,19,pooled,LLE,2,reg_relspread,knn,r2,0.2452,0.86,8000,2026-06-03 01:36:11
A|5s|full|nc2|LLE,5s,full,19,pooled,LLE,2,reg_intraday,ridge,r2,0.0304,0.86,8000,2026-06-03 01:36:11
A|5s|full|nc2|LLE,5s,full,19,pooled,LLE,2,reg_intraday,knn,r2,0.026,0.86,8000,2026-06-03 01:36:11
A|5s|full|nc2|UMAP_nn15,5s,full,19,pooled,UMAP_nn15,2,lab_stress,logistic,auc,0.5358,22.75,8000,2026-06-03 01:36:34
A|5s|full|nc2|UMAP_nn15,5s,full,19,pooled,UMAP_nn15,2,lab_stress,knn,auc,0.7203,22.75,8000,2026-06-03 01:36:34
A|5s|full|nc2|UMAP_nn15,5s,full,19,pooled,UMAP_nn15,2,lab_depth_collapse,logistic,auc,0.5508,22.75,8000,2026-06-03 01:36:34
A|5s|full|nc2|UMAP_nn15,5s,full,19,pooled,UMAP_nn15,2,lab_depth_collapse,knn,auc,0.7045,22.75,8000,2026-06-03 01:36:34
A|5s|full|nc2|UMAP_nn15,5s,full,19,pooled,UMAP_nn15,2,lab_spread_widen,logistic,auc,0.4923,22.75,8000,2026-06-03 01:36:34
A|5s|full|nc2|UMAP_nn15,5s,full,19,pooled,UMAP_nn15,2,lab_spread_widen,knn,auc,0.5842,22.75,8000,2026-06-03 01:36:34
A|5s|full|nc2|UMAP_nn15,5s,full,19,pooled,UMAP_nn15,2,lab_vol_spike,logistic,auc,0.6663,22.75,8000,2026-06-03 01:36:34
A|5s|full|nc2|UMAP_nn15,5s,full,19,pooled,UMAP_nn15,2,lab_vol_spike,knn,auc,0.8683,22.75,8000,2026-06-03 01:36:34
A|5s|full|nc2|UMAP_nn15,5s,full,19,pooled,UMAP_nn15,2,reg_fwdvol,ridge,r2,0.1381,22.75,8000,2026-06-03 01:36:34
A|5s|full|nc2|UMAP_nn15,5s,full,19,pooled,UMAP_nn15,2,reg_fwdvol,knn,r2,0.5714,22.75,8000,2026-06-03 01:36:34
A|5s|full|nc2|UMAP_nn15,5s,full,19,pooled,UMAP_nn15,2,reg_curvol,ridge,r2,0.1367,22.75,8000,2026-06-03 01:36:34
A|5s|full|nc2|UMAP_nn15,5s,full,19,pooled,UMAP_nn15,2,reg_curvol,knn,r2,0.5757,22.75,8000,2026-06-03 01:36:34
A|5s|full|nc2|UMAP_nn15,5s,full,19,pooled,UMAP_nn15,2,reg_relspread,ridge,r2,0.2934,22.75,8000,2026-06-03 01:36:34
A|5s|full|nc2|UMAP_nn15,5s,full,19,pooled,UMAP_nn15,2,reg_relspread,knn,r2,0.6018,22.75,8000,2026-06-03 01:36:34
A|5s|full|nc2|UMAP_nn15,5s,full,19,pooled,UMAP_nn15,2,reg_intraday,ridge,r2,0.0085,22.75,8000,2026-06-03 01:36:34
A|5s|full|nc2|UMAP_nn15,5s,full,19,pooled,UMAP_nn15,2,reg_intraday,knn,r2,0.0418,22.75,8000,2026-06-03 01:36:34
A|5s|full|nc2|UMAP_nn50,5s,full,19,pooled,UMAP_nn50,2,lab_stress,logistic,auc,0.5693,19.91,8000,2026-06-03 01:36:54
A|5s|full|nc2|UMAP_nn50,5s,full,19,pooled,UMAP_nn50,2,lab_stress,knn,auc,0.7204,19.91,8000,2026-06-03 01:36:54
A|5s|full|nc2|UMAP_nn50,5s,full,19,pooled,UMAP_nn50,2,lab_depth_collapse,logistic,auc,0.497,19.91,8000,2026-06-03 01:36:54
A|5s|full|nc2|UMAP_nn50,5s,full,19,pooled,UMAP_nn50,2,lab_depth_collapse,knn,auc,0.6889,19.91,8000,2026-06-03 01:36:54
A|5s|full|nc2|UMAP_nn50,5s,full,19,pooled,UMAP_nn50,2,lab_spread_widen,logistic,auc,0.5058,19.91,8000,2026-06-03 01:36:54
A|5s|full|nc2|UMAP_nn50,5s,full,19,pooled,UMAP_nn50,2,lab_spread_widen,knn,auc,0.5722,19.91,8000,2026-06-03 01:36:54
A|5s|full|nc2|UMAP_nn50,5s,full,19,pooled,UMAP_nn50,2,lab_vol_spike,logistic,auc,0.7234,19.91,8000,2026-06-03 01:36:54
A|5s|full|nc2|UMAP_nn50,5s,full,19,pooled,UMAP_nn50,2,lab_vol_spike,knn,auc,0.8505,19.91,8000,2026-06-03 01:36:54
A|5s|full|nc2|UMAP_nn50,5s,full,19,pooled,UMAP_nn50,2,reg_fwdvol,ridge,r2,0.2228,19.91,8000,2026-06-03 01:36:54
A|5s|full|nc2|UMAP_nn50,5s,full,19,pooled,UMAP_nn50,2,reg_fwdvol,knn,r2,0.5694,19.91,8000,2026-06-03 01:36:54
A|5s|full|nc2|UMAP_nn50,5s,full,19,pooled,UMAP_nn50,2,reg_curvol,ridge,r2,0.2206,19.91,8000,2026-06-03 01:36:54
A|5s|full|nc2|UMAP_nn50,5s,full,19,pooled,UMAP_nn50,2,reg_curvol,knn,r2,0.5765,19.91,8000,2026-06-03 01:36:54
A|5s|full|nc2|UMAP_nn50,5s,full,19,pooled,UMAP_nn50,2,reg_relspread,ridge,r2,0.426,19.91,8000,2026-06-03 01:36:54
A|5s|full|nc2|UMAP_nn50,5s,full,19,pooled,UMAP_nn50,2,reg_relspread,knn,r2,0.5975,19.91,8000,2026-06-03 01:36:54
A|5s|full|nc2|UMAP_nn50,5s,full,19,pooled,UMAP_nn50,2,reg_intraday,ridge,r2,0.0152,19.91,8000,2026-06-03 01:36:54
A|5s|full|nc2|UMAP_nn50,5s,full,19,pooled,UMAP_nn50,2,reg_intraday,knn,r2,0.0461,19.91,8000,2026-06-03 01:36:54
A|5s|full|nc2|Diffusion_a1.0,5s,full,19,pooled,Diffusion_a1.0,2,lab_stress,logistic,auc,0.675,1.77,8000,2026-06-03 01:36:56
A|5s|full|nc2|Diffusion_a1.0,5s,full,19,pooled,Diffusion_a1.0,2,lab_stress,knn,auc,0.6957,1.77,8000,2026-06-03 01:36:56
A|5s|full|nc2|Diffusion_a1.0,5s,full,19,pooled,Diffusion_a1.0,2,lab_depth_collapse,logistic,auc,0.5549,1.77,8000,2026-06-03 01:36:56
A|5s|full|nc2|Diffusion_a1.0,5s,full,19,pooled,Diffusion_a1.0,2,lab_depth_collapse,knn,auc,0.5841,1.77,8000,2026-06-03 01:36:56
A|5s|full|nc2|Diffusion_a1.0,5s,full,19,pooled,Diffusion_a1.0,2,lab_spread_widen,logistic,auc,0.6617,1.77,8000,2026-06-03 01:36:56
A|5s|full|nc2|Diffusion_a1.0,5s,full,19,pooled,Diffusion_a1.0,2,lab_spread_widen,knn,auc,0.6795,1.77,8000,2026-06-03 01:36:56
A|5s|full|nc2|Diffusion_a1.0,5s,full,19,pooled,Diffusion_a1.0,2,lab_vol_spike,logistic,auc,0.8317,1.77,8000,2026-06-03 01:36:56
A|5s|full|nc2|Diffusion_a1.0,5s,full,19,pooled,Diffusion_a1.0,2,lab_vol_spike,knn,auc,0.8342,1.77,8000,2026-06-03 01:36:56
A|5s|full|nc2|Diffusion_a1.0,5s,full,19,pooled,Diffusion_a1.0,2,reg_fwdvol,ridge,r2,0.1821,1.77,8000,2026-06-03 01:36:56
A|5s|full|nc2|Diffusion_a1.0,5s,full,19,pooled,Diffusion_a1.0,2,reg_fwdvol,knn,r2,0.5539,1.77,8000,2026-06-03 01:36:56
A|5s|full|nc2|Diffusion_a1.0,5s,full,19,pooled,Diffusion_a1.0,2,reg_curvol,ridge,r2,0.1775,1.77,8000,2026-06-03 01:36:56
A|5s|full|nc2|Diffusion_a1.0,5s,full,19,pooled,Diffusion_a1.0,2,reg_curvol,knn,r2,0.558,1.77,8000,2026-06-03 01:36:56
A|5s|full|nc2|Diffusion_a1.0,5s,full,19,pooled,Diffusion_a1.0,2,reg_relspread,ridge,r2,0.188,1.77,8000,2026-06-03 01:36:56
A|5s|full|nc2|Diffusion_a1.0,5s,full,19,pooled,Diffusion_a1.0,2,reg_relspread,knn,r2,0.8084,1.77,8000,2026-06-03 01:36:56
A|5s|full|nc2|Diffusion_a1.0,5s,full,19,pooled,Diffusion_a1.0,2,reg_intraday,ridge,r2,0.0548,1.77,8000,2026-06-03 01:36:56
A|5s|full|nc2|Diffusion_a1.0,5s,full,19,pooled,Diffusion_a1.0,2,reg_intraday,knn,r2,0.0728,1.77,8000,2026-06-03 01:36:56
A|5s|full|nc2|Diffusion_a0.5,5s,full,19,pooled,Diffusion_a0.5,2,lab_stress,logistic,auc,0.529,1.76,8000,2026-06-03 01:36:58
A|5s|full|nc2|Diffusion_a0.5,5s,full,19,pooled,Diffusion_a0.5,2,lab_stress,knn,auc,0.7188,1.76,8000,2026-06-03 01:36:58
A|5s|full|nc2|Diffusion_a0.5,5s,full,19,pooled,Diffusion_a0.5,2,lab_depth_collapse,logistic,auc,0.5301,1.76,8000,2026-06-03 01:36:58
A|5s|full|nc2|Diffusion_a0.5,5s,full,19,pooled,Diffusion_a0.5,2,lab_depth_collapse,knn,auc,0.6223,1.76,8000,2026-06-03 01:36:58
A|5s|full|nc2|Diffusion_a0.5,5s,full,19,pooled,Diffusion_a0.5,2,lab_spread_widen,logistic,auc,0.6723,1.76,8000,2026-06-03 01:36:58
A|5s|full|nc2|Diffusion_a0.5,5s,full,19,pooled,Diffusion_a0.5,2,lab_spread_widen,knn,auc,0.6617,1.76,8000,2026-06-03 01:36:58
A|5s|full|nc2|Diffusion_a0.5,5s,full,19,pooled,Diffusion_a0.5,2,lab_vol_spike,logistic,auc,0.7176,1.76,8000,2026-06-03 01:36:58
A|5s|full|nc2|Diffusion_a0.5,5s,full,19,pooled,Diffusion_a0.5,2,lab_vol_spike,knn,auc,0.8237,1.76,8000,2026-06-03 01:36:58
A|5s|full|nc2|Diffusion_a0.5,5s,full,19,pooled,Diffusion_a0.5,2,reg_fwdvol,ridge,r2,0.1127,1.76,8000,2026-06-03 01:36:58
A|5s|full|nc2|Diffusion_a0.5,5s,full,19,pooled,Diffusion_a0.5,2,reg_fwdvol,knn,r2,0.458,1.76,8000,2026-06-03 01:36:58
A|5s|full|nc2|Diffusion_a0.5,5s,full,19,pooled,Diffusion_a0.5,2,reg_curvol,ridge,r2,0.1085,1.76,8000,2026-06-03 01:36:58
A|5s|full|nc2|Diffusion_a0.5,5s,full,19,pooled,Diffusion_a0.5,2,reg_curvol,knn,r2,0.4557,1.76,8000,2026-06-03 01:36:58
A|5s|full|nc2|Diffusion_a0.5,5s,full,19,pooled,Diffusion_a0.5,2,reg_relspread,ridge,r2,0.4371,1.76,8000,2026-06-03 01:36:58
A|5s|full|nc2|Diffusion_a0.5,5s,full,19,pooled,Diffusion_a0.5,2,reg_relspread,knn,r2,0.7543,1.76,8000,2026-06-03 01:36:58
A|5s|full|nc2|Diffusion_a0.5,5s,full,19,pooled,Diffusion_a0.5,2,reg_intraday,ridge,r2,0.0274,1.76,8000,2026-06-03 01:36:58
A|5s|full|nc2|Diffusion_a0.5,5s,full,19,pooled,Diffusion_a0.5,2,reg_intraday,knn,r2,0.0456,1.76,8000,2026-06-03 01:36:58
A|5s|full|nc3|PCA,5s,full,19,pooled,PCA,3,lab_stress,logistic,auc,0.7166,0.0,8000,2026-06-03 01:36:58
A|5s|full|nc3|PCA,5s,full,19,pooled,PCA,3,lab_stress,knn,auc,0.7682,0.0,8000,2026-06-03 01:36:58
A|5s|full|nc3|PCA,5s,full,19,pooled,PCA,3,lab_depth_collapse,logistic,auc,0.5266,0.0,8000,2026-06-03 01:36:58
A|5s|full|nc3|PCA,5s,full,19,pooled,PCA,3,lab_depth_collapse,knn,auc,0.584,0.0,8000,2026-06-03 01:36:58
A|5s|full|nc3|PCA,5s,full,19,pooled,PCA,3,lab_spread_widen,logistic,auc,0.5239,0.0,8000,2026-06-03 01:36:58
A|5s|full|nc3|PCA,5s,full,19,pooled,PCA,3,lab_spread_widen,knn,auc,0.5586,0.0,8000,2026-06-03 01:36:58
A|5s|full|nc3|PCA,5s,full,19,pooled,PCA,3,lab_vol_spike,logistic,auc,0.907,0.0,8000,2026-06-03 01:36:58
A|5s|full|nc3|PCA,5s,full,19,pooled,PCA,3,lab_vol_spike,knn,auc,0.9033,0.0,8000,2026-06-03 01:36:58
A|5s|full|nc3|PCA,5s,full,19,pooled,PCA,3,reg_fwdvol,ridge,r2,0.6683,0.0,8000,2026-06-03 01:36:58
A|5s|full|nc3|PCA,5s,full,19,pooled,PCA,3,reg_fwdvol,knn,r2,0.72,0.0,8000,2026-06-03 01:36:58
A|5s|full|nc3|PCA,5s,full,19,pooled,PCA,3,reg_curvol,ridge,r2,0.6729,0.0,8000,2026-06-03 01:36:58
A|5s|full|nc3|PCA,5s,full,19,pooled,PCA,3,reg_curvol,knn,r2,0.7184,0.0,8000,2026-06-03 01:36:58
A|5s|full|nc3|PCA,5s,full,19,pooled,PCA,3,reg_relspread,ridge,r2,0.5595,0.0,8000,2026-06-03 01:36:58
A|5s|full|nc3|PCA,5s,full,19,pooled,PCA,3,reg_relspread,knn,r2,0.5827,0.0,8000,2026-06-03 01:36:58
A|5s|full|nc3|PCA,5s,full,19,pooled,PCA,3,reg_intraday,ridge,r2,0.0818,0.0,8000,2026-06-03 01:36:58
A|5s|full|nc3|PCA,5s,full,19,pooled,PCA,3,reg_intraday,knn,r2,0.0963,0.0,8000,2026-06-03 01:36:58
A|5s|full|nc3|KernelPCA_rbf,5s,full,19,pooled,KernelPCA_rbf,3,lab_stress,logistic,auc,0.5621,0.21,8000,2026-06-03 01:36:58
A|5s|full|nc3|KernelPCA_rbf,5s,full,19,pooled,KernelPCA_rbf,3,lab_stress,knn,auc,0.7082,0.21,8000,2026-06-03 01:36:58
A|5s|full|nc3|KernelPCA_rbf,5s,full,19,pooled,KernelPCA_rbf,3,lab_depth_collapse,logistic,auc,0.5311,0.21,8000,2026-06-03 01:36:58
A|5s|full|nc3|KernelPCA_rbf,5s,full,19,pooled,KernelPCA_rbf,3,lab_depth_collapse,knn,auc,0.5913,0.21,8000,2026-06-03 01:36:58
A|5s|full|nc3|KernelPCA_rbf,5s,full,19,pooled,KernelPCA_rbf,3,lab_spread_widen,logistic,auc,0.503,0.21,8000,2026-06-03 01:36:58
A|5s|full|nc3|KernelPCA_rbf,5s,full,19,pooled,KernelPCA_rbf,3,lab_spread_widen,knn,auc,0.5495,0.21,8000,2026-06-03 01:36:58
A|5s|full|nc3|KernelPCA_rbf,5s,full,19,pooled,KernelPCA_rbf,3,lab_vol_spike,logistic,auc,0.6992,0.21,8000,2026-06-03 01:36:58
A|5s|full|nc3|KernelPCA_rbf,5s,full,19,pooled,KernelPCA_rbf,3,lab_vol_spike,knn,auc,0.8356,0.21,8000,2026-06-03 01:36:58
A|5s|full|nc3|KernelPCA_rbf,5s,full,19,pooled,KernelPCA_rbf,3,reg_fwdvol,ridge,r2,0.1649,0.21,8000,2026-06-03 01:36:58
A|5s|full|nc3|KernelPCA_rbf,5s,full,19,pooled,KernelPCA_rbf,3,reg_fwdvol,knn,r2,0.5268,0.21,8000,2026-06-03 01:36:58
A|5s|full|nc3|KernelPCA_rbf,5s,full,19,pooled,KernelPCA_rbf,3,reg_curvol,ridge,r2,0.1629,0.21,8000,2026-06-03 01:36:58
A|5s|full|nc3|KernelPCA_rbf,5s,full,19,pooled,KernelPCA_rbf,3,reg_curvol,knn,r2,0.5155,0.21,8000,2026-06-03 01:36:58
A|5s|full|nc3|KernelPCA_rbf,5s,full,19,pooled,KernelPCA_rbf,3,reg_relspread,ridge,r2,0.332,0.21,8000,2026-06-03 01:36:58
A|5s|full|nc3|KernelPCA_rbf,5s,full,19,pooled,KernelPCA_rbf,3,reg_relspread,knn,r2,0.4612,0.21,8000,2026-06-03 01:36:58
A|5s|full|nc3|KernelPCA_rbf,5s,full,19,pooled,KernelPCA_rbf,3,reg_intraday,ridge,r2,0.0147,0.21,8000,2026-06-03 01:36:58
A|5s|full|nc3|KernelPCA_rbf,5s,full,19,pooled,KernelPCA_rbf,3,reg_intraday,knn,r2,0.0568,0.21,8000,2026-06-03 01:36:58
A|5s|full|nc3|Isomap_nn10,5s,full,19,pooled,Isomap_nn10,3,lab_stress,logistic,auc,0.5463,1.5,8000,2026-06-03 01:37:00
A|5s|full|nc3|Isomap_nn10,5s,full,19,pooled,Isomap_nn10,3,lab_stress,knn,auc,0.7276,1.5,8000,2026-06-03 01:37:00
A|5s|full|nc3|Isomap_nn10,5s,full,19,pooled,Isomap_nn10,3,lab_depth_collapse,logistic,auc,0.739,1.5,8000,2026-06-03 01:37:00
A|5s|full|nc3|Isomap_nn10,5s,full,19,pooled,Isomap_nn10,3,lab_depth_collapse,knn,auc,0.7475,1.5,8000,2026-06-03 01:37:00
A|5s|full|nc3|Isomap_nn10,5s,full,19,pooled,Isomap_nn10,3,lab_spread_widen,logistic,auc,0.6191,1.5,8000,2026-06-03 01:37:00
A|5s|full|nc3|Isomap_nn10,5s,full,19,pooled,Isomap_nn10,3,lab_spread_widen,knn,auc,0.6142,1.5,8000,2026-06-03 01:37:00
A|5s|full|nc3|Isomap_nn10,5s,full,19,pooled,Isomap_nn10,3,lab_vol_spike,logistic,auc,0.6531,1.5,8000,2026-06-03 01:37:00
A|5s|full|nc3|Isomap_nn10,5s,full,19,pooled,Isomap_nn10,3,lab_vol_spike,knn,auc,0.7855,1.5,8000,2026-06-03 01:37:00
A|5s|full|nc3|Isomap_nn10,5s,full,19,pooled,Isomap_nn10,3,reg_fwdvol,ridge,r2,0.1568,1.5,8000,2026-06-03 01:37:00
A|5s|full|nc3|Isomap_nn10,5s,full,19,pooled,Isomap_nn10,3,reg_fwdvol,knn,r2,0.3681,1.5,8000,2026-06-03 01:37:00
A|5s|full|nc3|Isomap_nn10,5s,full,19,pooled,Isomap_nn10,3,reg_curvol,ridge,r2,0.1504,1.5,8000,2026-06-03 01:37:00
A|5s|full|nc3|Isomap_nn10,5s,full,19,pooled,Isomap_nn10,3,reg_curvol,knn,r2,0.3589,1.5,8000,2026-06-03 01:37:00
A|5s|full|nc3|Isomap_nn10,5s,full,19,pooled,Isomap_nn10,3,reg_relspread,ridge,r2,0.5666,1.5,8000,2026-06-03 01:37:00
A|5s|full|nc3|Isomap_nn10,5s,full,19,pooled,Isomap_nn10,3,reg_relspread,knn,r2,0.6353,1.5,8000,2026-06-03 01:37:00
A|5s|full|nc3|Isomap_nn10,5s,full,19,pooled,Isomap_nn10,3,reg_intraday,ridge,r2,0.014,1.5,8000,2026-06-03 01:37:00
A|5s|full|nc3|Isomap_nn10,5s,full,19,pooled,Isomap_nn10,3,reg_intraday,knn,r2,0.0171,1.5,8000,2026-06-03 01:37:00
A|5s|full|nc3|Isomap_nn30,5s,full,19,pooled,Isomap_nn30,3,lab_stress,logistic,auc,0.553,2.37,8000,2026-06-03 01:37:03
A|5s|full|nc3|Isomap_nn30,5s,full,19,pooled,Isomap_nn30,3,lab_stress,knn,auc,0.7238,2.37,8000,2026-06-03 01:37:03
A|5s|full|nc3|Isomap_nn30,5s,full,19,pooled,Isomap_nn30,3,lab_depth_collapse,logistic,auc,0.7432,2.37,8000,2026-06-03 01:37:03
A|5s|full|nc3|Isomap_nn30,5s,full,19,pooled,Isomap_nn30,3,lab_depth_collapse,knn,auc,0.7529,2.37,8000,2026-06-03 01:37:03
A|5s|full|nc3|Isomap_nn30,5s,full,19,pooled,Isomap_nn30,3,lab_spread_widen,logistic,auc,0.6326,2.37,8000,2026-06-03 01:37:03
A|5s|full|nc3|Isomap_nn30,5s,full,19,pooled,Isomap_nn30,3,lab_spread_widen,knn,auc,0.6289,2.37,8000,2026-06-03 01:37:03
A|5s|full|nc3|Isomap_nn30,5s,full,19,pooled,Isomap_nn30,3,lab_vol_spike,logistic,auc,0.6369,2.37,8000,2026-06-03 01:37:03
A|5s|full|nc3|Isomap_nn30,5s,full,19,pooled,Isomap_nn30,3,lab_vol_spike,knn,auc,0.7634,2.37,8000,2026-06-03 01:37:03
A|5s|full|nc3|Isomap_nn30,5s,full,19,pooled,Isomap_nn30,3,reg_fwdvol,ridge,r2,0.1207,2.37,8000,2026-06-03 01:37:03
A|5s|full|nc3|Isomap_nn30,5s,full,19,pooled,Isomap_nn30,3,reg_fwdvol,knn,r2,0.3221,2.37,8000,2026-06-03 01:37:03
A|5s|full|nc3|Isomap_nn30,5s,full,19,pooled,Isomap_nn30,3,reg_curvol,ridge,r2,0.116,2.37,8000,2026-06-03 01:37:03
A|5s|full|nc3|Isomap_nn30,5s,full,19,pooled,Isomap_nn30,3,reg_curvol,knn,r2,0.3123,2.37,8000,2026-06-03 01:37:03
A|5s|full|nc3|Isomap_nn30,5s,full,19,pooled,Isomap_nn30,3,reg_relspread,ridge,r2,0.5094,2.37,8000,2026-06-03 01:37:03
A|5s|full|nc3|Isomap_nn30,5s,full,19,pooled,Isomap_nn30,3,reg_relspread,knn,r2,0.5742,2.37,8000,2026-06-03 01:37:03
A|5s|full|nc3|Isomap_nn30,5s,full,19,pooled,Isomap_nn30,3,reg_intraday,ridge,r2,0.0119,2.37,8000,2026-06-03 01:37:03
A|5s|full|nc3|Isomap_nn30,5s,full,19,pooled,Isomap_nn30,3,reg_intraday,knn,r2,0.0045,2.37,8000,2026-06-03 01:37:03
A|5s|full|nc3|LLE,5s,full,19,pooled,LLE,3,lab_stress,logistic,auc,0.4868,0.82,8000,2026-06-03 01:37:04
A|5s|full|nc3|LLE,5s,full,19,pooled,LLE,3,lab_stress,knn,auc,0.6271,0.82,8000,2026-06-03 01:37:04
A|5s|full|nc3|LLE,5s,full,19,pooled,LLE,3,lab_depth_collapse,logistic,auc,0.6118,0.82,8000,2026-06-03 01:37:04
A|5s|full|nc3|LLE,5s,full,19,pooled,LLE,3,lab_depth_collapse,knn,auc,0.5958,0.82,8000,2026-06-03 01:37:04
A|5s|full|nc3|LLE,5s,full,19,pooled,LLE,3,lab_spread_widen,logistic,auc,0.5621,0.82,8000,2026-06-03 01:37:04
A|5s|full|nc3|LLE,5s,full,19,pooled,LLE,3,lab_spread_widen,knn,auc,0.5632,0.82,8000,2026-06-03 01:37:04
A|5s|full|nc3|LLE,5s,full,19,pooled,LLE,3,lab_vol_spike,logistic,auc,0.4894,0.82,8000,2026-06-03 01:37:04
A|5s|full|nc3|LLE,5s,full,19,pooled,LLE,3,lab_vol_spike,knn,auc,0.7647,0.82,8000,2026-06-03 01:37:04
A|5s|full|nc3|LLE,5s,full,19,pooled,LLE,3,reg_fwdvol,ridge,r2,0.0759,0.82,8000,2026-06-03 01:37:04
A|5s|full|nc3|LLE,5s,full,19,pooled,LLE,3,reg_fwdvol,knn,r2,0.3954,0.82,8000,2026-06-03 01:37:04
A|5s|full|nc3|LLE,5s,full,19,pooled,LLE,3,reg_curvol,ridge,r2,0.0778,0.82,8000,2026-06-03 01:37:04
A|5s|full|nc3|LLE,5s,full,19,pooled,LLE,3,reg_curvol,knn,r2,0.4033,0.82,8000,2026-06-03 01:37:04
A|5s|full|nc3|LLE,5s,full,19,pooled,LLE,3,reg_relspread,ridge,r2,0.0782,0.82,8000,2026-06-03 01:37:04
A|5s|full|nc3|LLE,5s,full,19,pooled,LLE,3,reg_relspread,knn,r2,0.3432,0.82,8000,2026-06-03 01:37:04
A|5s|full|nc3|LLE,5s,full,19,pooled,LLE,3,reg_intraday,ridge,r2,0.0327,0.82,8000,2026-06-03 01:37:04
A|5s|full|nc3|LLE,5s,full,19,pooled,LLE,3,reg_intraday,knn,r2,0.0414,0.82,8000,2026-06-03 01:37:04
A|5s|full|nc3|UMAP_nn15,5s,full,19,pooled,UMAP_nn15,3,lab_stress,logistic,auc,0.5634,17.86,8000,2026-06-03 01:37:22
A|5s|full|nc3|UMAP_nn15,5s,full,19,pooled,UMAP_nn15,3,lab_stress,knn,auc,0.7481,17.86,8000,2026-06-03 01:37:22
A|5s|full|nc3|UMAP_nn15,5s,full,19,pooled,UMAP_nn15,3,lab_depth_collapse,logistic,auc,0.6159,17.86,8000,2026-06-03 01:37:22
A|5s|full|nc3|UMAP_nn15,5s,full,19,pooled,UMAP_nn15,3,lab_depth_collapse,knn,auc,0.7259,17.86,8000,2026-06-03 01:37:22
A|5s|full|nc3|UMAP_nn15,5s,full,19,pooled,UMAP_nn15,3,lab_spread_widen,logistic,auc,0.5207,17.86,8000,2026-06-03 01:37:22
A|5s|full|nc3|UMAP_nn15,5s,full,19,pooled,UMAP_nn15,3,lab_spread_widen,knn,auc,0.6092,17.86,8000,2026-06-03 01:37:22
A|5s|full|nc3|UMAP_nn15,5s,full,19,pooled,UMAP_nn15,3,lab_vol_spike,logistic,auc,0.6617,17.86,8000,2026-06-03 01:37:22
A|5s|full|nc3|UMAP_nn15,5s,full,19,pooled,UMAP_nn15,3,lab_vol_spike,knn,auc,0.8841,17.86,8000,2026-06-03 01:37:22
A|5s|full|nc3|UMAP_nn15,5s,full,19,pooled,UMAP_nn15,3,reg_fwdvol,ridge,r2,0.1446,17.86,8000,2026-06-03 01:37:22
A|5s|full|nc3|UMAP_nn15,5s,full,19,pooled,UMAP_nn15,3,reg_fwdvol,knn,r2,0.6209,17.86,8000,2026-06-03 01:37:22
A|5s|full|nc3|UMAP_nn15,5s,full,19,pooled,UMAP_nn15,3,reg_curvol,ridge,r2,0.1434,17.86,8000,2026-06-03 01:37:22
A|5s|full|nc3|UMAP_nn15,5s,full,19,pooled,UMAP_nn15,3,reg_curvol,knn,r2,0.6289,17.86,8000,2026-06-03 01:37:22
A|5s|full|nc3|UMAP_nn15,5s,full,19,pooled,UMAP_nn15,3,reg_relspread,ridge,r2,0.2893,17.86,8000,2026-06-03 01:37:22
A|5s|full|nc3|UMAP_nn15,5s,full,19,pooled,UMAP_nn15,3,reg_relspread,knn,r2,0.6467,17.86,8000,2026-06-03 01:37:22
A|5s|full|nc3|UMAP_nn15,5s,full,19,pooled,UMAP_nn15,3,reg_intraday,ridge,r2,0.0064,17.86,8000,2026-06-03 01:37:22
A|5s|full|nc3|UMAP_nn15,5s,full,19,pooled,UMAP_nn15,3,reg_intraday,knn,r2,0.0451,17.86,8000,2026-06-03 01:37:22
A|5s|full|nc3|UMAP_nn50,5s,full,19,pooled,UMAP_nn50,3,lab_stress,logistic,auc,0.5501,19.6,8000,2026-06-03 01:37:42
A|5s|full|nc3|UMAP_nn50,5s,full,19,pooled,UMAP_nn50,3,lab_stress,knn,auc,0.7523,19.6,8000,2026-06-03 01:37:42
A|5s|full|nc3|UMAP_nn50,5s,full,19,pooled,UMAP_nn50,3,lab_depth_collapse,logistic,auc,0.7006,19.6,8000,2026-06-03 01:37:42
A|5s|full|nc3|UMAP_nn50,5s,full,19,pooled,UMAP_nn50,3,lab_depth_collapse,knn,auc,0.7323,19.6,8000,2026-06-03 01:37:42
A|5s|full|nc3|UMAP_nn50,5s,full,19,pooled,UMAP_nn50,3,lab_spread_widen,logistic,auc,0.5961,19.6,8000,2026-06-03 01:37:42
A|5s|full|nc3|UMAP_nn50,5s,full,19,pooled,UMAP_nn50,3,lab_spread_widen,knn,auc,0.5974,19.6,8000,2026-06-03 01:37:42
A|5s|full|nc3|UMAP_nn50,5s,full,19,pooled,UMAP_nn50,3,lab_vol_spike,logistic,auc,0.6827,19.6,8000,2026-06-03 01:37:42
A|5s|full|nc3|UMAP_nn50,5s,full,19,pooled,UMAP_nn50,3,lab_vol_spike,knn,auc,0.8723,19.6,8000,2026-06-03 01:37:42
A|5s|full|nc3|UMAP_nn50,5s,full,19,pooled,UMAP_nn50,3,reg_fwdvol,ridge,r2,0.1875,19.6,8000,2026-06-03 01:37:42
A|5s|full|nc3|UMAP_nn50,5s,full,19,pooled,UMAP_nn50,3,reg_fwdvol,knn,r2,0.5913,19.6,8000,2026-06-03 01:37:42
A|5s|full|nc3|UMAP_nn50,5s,full,19,pooled,UMAP_nn50,3,reg_curvol,ridge,r2,0.1832,19.6,8000,2026-06-03 01:37:42
A|5s|full|nc3|UMAP_nn50,5s,full,19,pooled,UMAP_nn50,3,reg_curvol,knn,r2,0.5947,19.6,8000,2026-06-03 01:37:42
A|5s|full|nc3|UMAP_nn50,5s,full,19,pooled,UMAP_nn50,3,reg_relspread,ridge,r2,0.4853,19.6,8000,2026-06-03 01:37:42
A|5s|full|nc3|UMAP_nn50,5s,full,19,pooled,UMAP_nn50,3,reg_relspread,knn,r2,0.6399,19.6,8000,2026-06-03 01:37:42
A|5s|full|nc3|UMAP_nn50,5s,full,19,pooled,UMAP_nn50,3,reg_intraday,ridge,r2,0.0106,19.6,8000,2026-06-03 01:37:42
A|5s|full|nc3|UMAP_nn50,5s,full,19,pooled,UMAP_nn50,3,reg_intraday,knn,r2,0.0411,19.6,8000,2026-06-03 01:37:42
A|5s|full|nc3|Diffusion_a1.0,5s,full,19,pooled,Diffusion_a1.0,3,lab_stress,logistic,auc,0.7161,1.76,8000,2026-06-03 01:37:44
A|5s|full|nc3|Diffusion_a1.0,5s,full,19,pooled,Diffusion_a1.0,3,lab_stress,knn,auc,0.7465,1.76,8000,2026-06-03 01:37:44
A|5s|full|nc3|Diffusion_a1.0,5s,full,19,pooled,Diffusion_a1.0,3,lab_depth_collapse,logistic,auc,0.5536,1.76,8000,2026-06-03 01:37:44
A|5s|full|nc3|Diffusion_a1.0,5s,full,19,pooled,Diffusion_a1.0,3,lab_depth_collapse,knn,auc,0.6144,1.76,8000,2026-06-03 01:37:44
A|5s|full|nc3|Diffusion_a1.0,5s,full,19,pooled,Diffusion_a1.0,3,lab_spread_widen,logistic,auc,0.6885,1.76,8000,2026-06-03 01:37:44
A|5s|full|nc3|Diffusion_a1.0,5s,full,19,pooled,Diffusion_a1.0,3,lab_spread_widen,knn,auc,0.7482,1.76,8000,2026-06-03 01:37:44
A|5s|full|nc3|Diffusion_a1.0,5s,full,19,pooled,Diffusion_a1.0,3,lab_vol_spike,logistic,auc,0.8889,1.76,8000,2026-06-03 01:37:44
A|5s|full|nc3|Diffusion_a1.0,5s,full,19,pooled,Diffusion_a1.0,3,lab_vol_spike,knn,auc,0.9195,1.76,8000,2026-06-03 01:37:44
A|5s|full|nc3|Diffusion_a1.0,5s,full,19,pooled,Diffusion_a1.0,3,reg_fwdvol,ridge,r2,0.2536,1.76,8000,2026-06-03 01:37:44
A|5s|full|nc3|Diffusion_a1.0,5s,full,19,pooled,Diffusion_a1.0,3,reg_fwdvol,knn,r2,0.7393,1.76,8000,2026-06-03 01:37:44
A|5s|full|nc3|Diffusion_a1.0,5s,full,19,pooled,Diffusion_a1.0,3,reg_curvol,ridge,r2,0.2503,1.76,8000,2026-06-03 01:37:44
A|5s|full|nc3|Diffusion_a1.0,5s,full,19,pooled,Diffusion_a1.0,3,reg_curvol,knn,r2,0.7624,1.76,8000,2026-06-03 01:37:44
A|5s|full|nc3|Diffusion_a1.0,5s,full,19,pooled,Diffusion_a1.0,3,reg_relspread,ridge,r2,0.2031,1.76,8000,2026-06-03 01:37:44
A|5s|full|nc3|Diffusion_a1.0,5s,full,19,pooled,Diffusion_a1.0,3,reg_relspread,knn,r2,0.8169,1.76,8000,2026-06-03 01:37:44
A|5s|full|nc3|Diffusion_a1.0,5s,full,19,pooled,Diffusion_a1.0,3,reg_intraday,ridge,r2,0.0672,1.76,8000,2026-06-03 01:37:44
A|5s|full|nc3|Diffusion_a1.0,5s,full,19,pooled,Diffusion_a1.0,3,reg_intraday,knn,r2,0.0998,1.76,8000,2026-06-03 01:37:44
A|5s|full|nc3|Diffusion_a0.5,5s,full,19,pooled,Diffusion_a0.5,3,lab_stress,logistic,auc,0.6145,2.0,8000,2026-06-03 01:37:46
A|5s|full|nc3|Diffusion_a0.5,5s,full,19,pooled,Diffusion_a0.5,3,lab_stress,knn,auc,0.7358,2.0,8000,2026-06-03 01:37:46
A|5s|full|nc3|Diffusion_a0.5,5s,full,19,pooled,Diffusion_a0.5,3,lab_depth_collapse,logistic,auc,0.5302,2.0,8000,2026-06-03 01:37:46
A|5s|full|nc3|Diffusion_a0.5,5s,full,19,pooled,Diffusion_a0.5,3,lab_depth_collapse,knn,auc,0.6042,2.0,8000,2026-06-03 01:37:46
A|5s|full|nc3|Diffusion_a0.5,5s,full,19,pooled,Diffusion_a0.5,3,lab_spread_widen,logistic,auc,0.6914,2.0,8000,2026-06-03 01:37:46
A|5s|full|nc3|Diffusion_a0.5,5s,full,19,pooled,Diffusion_a0.5,3,lab_spread_widen,knn,auc,0.6452,2.0,8000,2026-06-03 01:37:46
A|5s|full|nc3|Diffusion_a0.5,5s,full,19,pooled,Diffusion_a0.5,3,lab_vol_spike,logistic,auc,0.8296,2.0,8000,2026-06-03 01:37:46
A|5s|full|nc3|Diffusion_a0.5,5s,full,19,pooled,Diffusion_a0.5,3,lab_vol_spike,knn,auc,0.8388,2.0,8000,2026-06-03 01:37:46
A|5s|full|nc3|Diffusion_a0.5,5s,full,19,pooled,Diffusion_a0.5,3,reg_fwdvol,ridge,r2,0.0881,2.0,8000,2026-06-03 01:37:46
A|5s|full|nc3|Diffusion_a0.5,5s,full,19,pooled,Diffusion_a0.5,3,reg_fwdvol,knn,r2,0.5173,2.0,8000,2026-06-03 01:37:46
A|5s|full|nc3|Diffusion_a0.5,5s,full,19,pooled,Diffusion_a0.5,3,reg_curvol,ridge,r2,0.0854,2.0,8000,2026-06-03 01:37:46
A|5s|full|nc3|Diffusion_a0.5,5s,full,19,pooled,Diffusion_a0.5,3,reg_curvol,knn,r2,0.5161,2.0,8000,2026-06-03 01:37:46
A|5s|full|nc3|Diffusion_a0.5,5s,full,19,pooled,Diffusion_a0.5,3,reg_relspread,ridge,r2,0.4307,2.0,8000,2026-06-03 01:37:46
A|5s|full|nc3|Diffusion_a0.5,5s,full,19,pooled,Diffusion_a0.5,3,reg_relspread,knn,r2,0.6942,2.0,8000,2026-06-03 01:37:46
A|5s|full|nc3|Diffusion_a0.5,5s,full,19,pooled,Diffusion_a0.5,3,reg_intraday,ridge,r2,0.0125,2.0,8000,2026-06-03 01:37:46
A|5s|full|nc3|Diffusion_a0.5,5s,full,19,pooled,Diffusion_a0.5,3,reg_intraday,knn,r2,0.0531,2.0,8000,2026-06-03 01:37:46
A|5s|full|nc5|PCA,5s,full,19,pooled,PCA,5,lab_stress,logistic,auc,0.7189,0.0,8000,2026-06-03 01:37:47
A|5s|full|nc5|PCA,5s,full,19,pooled,PCA,5,lab_stress,knn,auc,0.7975,0.0,8000,2026-06-03 01:37:47
A|5s|full|nc5|PCA,5s,full,19,pooled,PCA,5,lab_depth_collapse,logistic,auc,0.7484,0.0,8000,2026-06-03 01:37:47
A|5s|full|nc5|PCA,5s,full,19,pooled,PCA,5,lab_depth_collapse,knn,auc,0.7809,0.0,8000,2026-06-03 01:37:47
A|5s|full|nc5|PCA,5s,full,19,pooled,PCA,5,lab_spread_widen,logistic,auc,0.7262,0.0,8000,2026-06-03 01:37:47
A|5s|full|nc5|PCA,5s,full,19,pooled,PCA,5,lab_spread_widen,knn,auc,0.7244,0.0,8000,2026-06-03 01:37:47
A|5s|full|nc5|PCA,5s,full,19,pooled,PCA,5,lab_vol_spike,logistic,auc,0.9187,0.0,8000,2026-06-03 01:37:47
A|5s|full|nc5|PCA,5s,full,19,pooled,PCA,5,lab_vol_spike,knn,auc,0.925,0.0,8000,2026-06-03 01:37:47
A|5s|full|nc5|PCA,5s,full,19,pooled,PCA,5,reg_fwdvol,ridge,r2,0.6843,0.0,8000,2026-06-03 01:37:47
A|5s|full|nc5|PCA,5s,full,19,pooled,PCA,5,reg_fwdvol,knn,r2,0.7462,0.0,8000,2026-06-03 01:37:47
A|5s|full|nc5|PCA,5s,full,19,pooled,PCA,5,reg_curvol,ridge,r2,0.6887,0.0,8000,2026-06-03 01:37:47
A|5s|full|nc5|PCA,5s,full,19,pooled,PCA,5,reg_curvol,knn,r2,0.7482,0.0,8000,2026-06-03 01:37:47
A|5s|full|nc5|PCA,5s,full,19,pooled,PCA,5,reg_relspread,ridge,r2,0.7934,0.0,8000,2026-06-03 01:37:47
A|5s|full|nc5|PCA,5s,full,19,pooled,PCA,5,reg_relspread,knn,r2,0.8651,0.0,8000,2026-06-03 01:37:47
A|5s|full|nc5|PCA,5s,full,19,pooled,PCA,5,reg_intraday,ridge,r2,0.0862,0.0,8000,2026-06-03 01:37:47
A|5s|full|nc5|PCA,5s,full,19,pooled,PCA,5,reg_intraday,knn,r2,0.1017,0.0,8000,2026-06-03 01:37:47
A|5s|full|nc5|KernelPCA_rbf,5s,full,19,pooled,KernelPCA_rbf,5,lab_stress,logistic,auc,0.6411,0.22,8000,2026-06-03 01:37:48
A|5s|full|nc5|KernelPCA_rbf,5s,full,19,pooled,KernelPCA_rbf,5,lab_stress,knn,auc,0.7623,0.22,8000,2026-06-03 01:37:48
A|5s|full|nc5|KernelPCA_rbf,5s,full,19,pooled,KernelPCA_rbf,5,lab_depth_collapse,logistic,auc,0.6662,0.22,8000,2026-06-03 01:37:48
A|5s|full|nc5|KernelPCA_rbf,5s,full,19,pooled,KernelPCA_rbf,5,lab_depth_collapse,knn,auc,0.7232,0.22,8000,2026-06-03 01:37:48
A|5s|full|nc5|KernelPCA_rbf,5s,full,19,pooled,KernelPCA_rbf,5,lab_spread_widen,logistic,auc,0.5571,0.22,8000,2026-06-03 01:37:48
A|5s|full|nc5|KernelPCA_rbf,5s,full,19,pooled,KernelPCA_rbf,5,lab_spread_widen,knn,auc,0.5733,0.22,8000,2026-06-03 01:37:48
A|5s|full|nc5|KernelPCA_rbf,5s,full,19,pooled,KernelPCA_rbf,5,lab_vol_spike,logistic,auc,0.8346,0.22,8000,2026-06-03 01:37:48
A|5s|full|nc5|KernelPCA_rbf,5s,full,19,pooled,KernelPCA_rbf,5,lab_vol_spike,knn,auc,0.9096,0.22,8000,2026-06-03 01:37:48
A|5s|full|nc5|KernelPCA_rbf,5s,full,19,pooled,KernelPCA_rbf,5,reg_fwdvol,ridge,r2,0.3809,0.22,8000,2026-06-03 01:37:48
A|5s|full|nc5|KernelPCA_rbf,5s,full,19,pooled,KernelPCA_rbf,5,reg_fwdvol,knn,r2,0.6972,0.22,8000,2026-06-03 01:37:48
A|5s|full|nc5|KernelPCA_rbf,5s,full,19,pooled,KernelPCA_rbf,5,reg_curvol,ridge,r2,0.3832,0.22,8000,2026-06-03 01:37:48
A|5s|full|nc5|KernelPCA_rbf,5s,full,19,pooled,KernelPCA_rbf,5,reg_curvol,knn,r2,0.6981,0.22,8000,2026-06-03 01:37:48
A|5s|full|nc5|KernelPCA_rbf,5s,full,19,pooled,KernelPCA_rbf,5,reg_relspread,ridge,r2,0.4325,0.22,8000,2026-06-03 01:37:48
A|5s|full|nc5|KernelPCA_rbf,5s,full,19,pooled,KernelPCA_rbf,5,reg_relspread,knn,r2,0.5981,0.22,8000,2026-06-03 01:37:48
A|5s|full|nc5|KernelPCA_rbf,5s,full,19,pooled,KernelPCA_rbf,5,reg_intraday,ridge,r2,0.0557,0.22,8000,2026-06-03 01:37:48
A|5s|full|nc5|KernelPCA_rbf,5s,full,19,pooled,KernelPCA_rbf,5,reg_intraday,knn,r2,0.0886,0.22,8000,2026-06-03 01:37:48
A|5s|full|nc5|Isomap_nn10,5s,full,19,pooled,Isomap_nn10,5,lab_stress,logistic,auc,0.7339,1.5,8000,2026-06-03 01:37:50
A|5s|full|nc5|Isomap_nn10,5s,full,19,pooled,Isomap_nn10,5,lab_stress,knn,auc,0.7936,1.5,8000,2026-06-03 01:37:50
A|5s|full|nc5|Isomap_nn10,5s,full,19,pooled,Isomap_nn10,5,lab_depth_collapse,logistic,auc,0.7473,1.5,8000,2026-06-03 01:37:50
A|5s|full|nc5|Isomap_nn10,5s,full,19,pooled,Isomap_nn10,5,lab_depth_collapse,knn,auc,0.7486,1.5,8000,2026-06-03 01:37:50
A|5s|full|nc5|Isomap_nn10,5s,full,19,pooled,Isomap_nn10,5,lab_spread_widen,logistic,auc,0.6192,1.5,8000,2026-06-03 01:37:50
A|5s|full|nc5|Isomap_nn10,5s,full,19,pooled,Isomap_nn10,5,lab_spread_widen,knn,auc,0.6226,1.5,8000,2026-06-03 01:37:50
A|5s|full|nc5|Isomap_nn10,5s,full,19,pooled,Isomap_nn10,5,lab_vol_spike,logistic,auc,0.9251,1.5,8000,2026-06-03 01:37:50
A|5s|full|nc5|Isomap_nn10,5s,full,19,pooled,Isomap_nn10,5,lab_vol_spike,knn,auc,0.9246,1.5,8000,2026-06-03 01:37:50
A|5s|full|nc5|Isomap_nn10,5s,full,19,pooled,Isomap_nn10,5,reg_fwdvol,ridge,r2,0.7004,1.5,8000,2026-06-03 01:37:50
A|5s|full|nc5|Isomap_nn10,5s,full,19,pooled,Isomap_nn10,5,reg_fwdvol,knn,r2,0.7422,1.5,8000,2026-06-03 01:37:50
A|5s|full|nc5|Isomap_nn10,5s,full,19,pooled,Isomap_nn10,5,reg_curvol,ridge,r2,0.708,1.5,8000,2026-06-03 01:37:50
A|5s|full|nc5|Isomap_nn10,5s,full,19,pooled,Isomap_nn10,5,reg_curvol,knn,r2,0.7483,1.5,8000,2026-06-03 01:37:50
A|5s|full|nc5|Isomap_nn10,5s,full,19,pooled,Isomap_nn10,5,reg_relspread,ridge,r2,0.656,1.5,8000,2026-06-03 01:37:50
A|5s|full|nc5|Isomap_nn10,5s,full,19,pooled,Isomap_nn10,5,reg_relspread,knn,r2,0.7089,1.5,8000,2026-06-03 01:37:50
A|5s|full|nc5|Isomap_nn10,5s,full,19,pooled,Isomap_nn10,5,reg_intraday,ridge,r2,0.0671,1.5,8000,2026-06-03 01:37:50
A|5s|full|nc5|Isomap_nn10,5s,full,19,pooled,Isomap_nn10,5,reg_intraday,knn,r2,0.0821,1.5,8000,2026-06-03 01:37:50
A|5s|full|nc5|Isomap_nn30,5s,full,19,pooled,Isomap_nn30,5,lab_stress,logistic,auc,0.7294,2.43,8000,2026-06-03 01:37:53
A|5s|full|nc5|Isomap_nn30,5s,full,19,pooled,Isomap_nn30,5,lab_stress,knn,auc,0.7945,2.43,8000,2026-06-03 01:37:53
A|5s|full|nc5|Isomap_nn30,5s,full,19,pooled,Isomap_nn30,5,lab_depth_collapse,logistic,auc,0.7627,2.43,8000,2026-06-03 01:37:53
A|5s|full|nc5|Isomap_nn30,5s,full,19,pooled,Isomap_nn30,5,lab_depth_collapse,knn,auc,0.7633,2.43,8000,2026-06-03 01:37:53
A|5s|full|nc5|Isomap_nn30,5s,full,19,pooled,Isomap_nn30,5,lab_spread_widen,logistic,auc,0.6396,2.43,8000,2026-06-03 01:37:53
A|5s|full|nc5|Isomap_nn30,5s,full,19,pooled,Isomap_nn30,5,lab_spread_widen,knn,auc,0.6516,2.43,8000,2026-06-03 01:37:53
A|5s|full|nc5|Isomap_nn30,5s,full,19,pooled,Isomap_nn30,5,lab_vol_spike,logistic,auc,0.9302,2.43,8000,2026-06-03 01:37:53
A|5s|full|nc5|Isomap_nn30,5s,full,19,pooled,Isomap_nn30,5,lab_vol_spike,knn,auc,0.9289,2.43,8000,2026-06-03 01:37:53
A|5s|full|nc5|Isomap_nn30,5s,full,19,pooled,Isomap_nn30,5,reg_fwdvol,ridge,r2,0.7148,2.43,8000,2026-06-03 01:37:53
A|5s|full|nc5|Isomap_nn30,5s,full,19,pooled,Isomap_nn30,5,reg_fwdvol,knn,r2,0.7503,2.43,8000,2026-06-03 01:37:53
A|5s|full|nc5|Isomap_nn30,5s,full,19,pooled,Isomap_nn30,5,reg_curvol,ridge,r2,0.7199,2.43,8000,2026-06-03 01:37:53
A|5s|full|nc5|Isomap_nn30,5s,full,19,pooled,Isomap_nn30,5,reg_curvol,knn,r2,0.7552,2.43,8000,2026-06-03 01:37:53
A|5s|full|nc5|Isomap_nn30,5s,full,19,pooled,Isomap_nn30,5,reg_relspread,ridge,r2,0.7112,2.43,8000,2026-06-03 01:37:53
A|5s|full|nc5|Isomap_nn30,5s,full,19,pooled,Isomap_nn30,5,reg_relspread,knn,r2,0.7538,2.43,8000,2026-06-03 01:37:53
A|5s|full|nc5|Isomap_nn30,5s,full,19,pooled,Isomap_nn30,5,reg_intraday,ridge,r2,0.0763,2.43,8000,2026-06-03 01:37:53
A|5s|full|nc5|Isomap_nn30,5s,full,19,pooled,Isomap_nn30,5,reg_intraday,knn,r2,0.0931,2.43,8000,2026-06-03 01:37:53
A|5s|full|nc5|LLE,5s,full,19,pooled,LLE,5,lab_stress,logistic,auc,0.6688,0.83,8000,2026-06-03 01:37:54
A|5s|full|nc5|LLE,5s,full,19,pooled,LLE,5,lab_stress,knn,auc,0.6848,0.83,8000,2026-06-03 01:37:54
A|5s|full|nc5|LLE,5s,full,19,pooled,LLE,5,lab_depth_collapse,logistic,auc,0.6625,0.83,8000,2026-06-03 01:37:54
A|5s|full|nc5|LLE,5s,full,19,pooled,LLE,5,lab_depth_collapse,knn,auc,0.6694,0.83,8000,2026-06-03 01:37:54
A|5s|full|nc5|LLE,5s,full,19,pooled,LLE,5,lab_spread_widen,logistic,auc,0.5727,0.83,8000,2026-06-03 01:37:54
A|5s|full|nc5|LLE,5s,full,19,pooled,LLE,5,lab_spread_widen,knn,auc,0.6018,0.83,8000,2026-06-03 01:37:54
A|5s|full|nc5|LLE,5s,full,19,pooled,LLE,5,lab_vol_spike,logistic,auc,0.8259,0.83,8000,2026-06-03 01:37:54
A|5s|full|nc5|LLE,5s,full,19,pooled,LLE,5,lab_vol_spike,knn,auc,0.8591,0.83,8000,2026-06-03 01:37:54
A|5s|full|nc5|LLE,5s,full,19,pooled,LLE,5,reg_fwdvol,ridge,r2,0.3875,0.83,8000,2026-06-03 01:37:54
A|5s|full|nc5|LLE,5s,full,19,pooled,LLE,5,reg_fwdvol,knn,r2,0.5575,0.83,8000,2026-06-03 01:37:54
A|5s|full|nc5|LLE,5s,full,19,pooled,LLE,5,reg_curvol,ridge,r2,0.4013,0.83,8000,2026-06-03 01:37:54
A|5s|full|nc5|LLE,5s,full,19,pooled,LLE,5,reg_curvol,knn,r2,0.5698,0.83,8000,2026-06-03 01:37:54
A|5s|full|nc5|LLE,5s,full,19,pooled,LLE,5,reg_relspread,ridge,r2,0.186,0.83,8000,2026-06-03 01:37:54
A|5s|full|nc5|LLE,5s,full,19,pooled,LLE,5,reg_relspread,knn,r2,0.4214,0.83,8000,2026-06-03 01:37:54
A|5s|full|nc5|LLE,5s,full,19,pooled,LLE,5,reg_intraday,ridge,r2,0.0591,0.83,8000,2026-06-03 01:37:54
A|5s|full|nc5|LLE,5s,full,19,pooled,LLE,5,reg_intraday,knn,r2,0.0429,0.83,8000,2026-06-03 01:37:54
A|5s|full|nc5|UMAP_nn15,5s,full,19,pooled,UMAP_nn15,5,lab_stress,logistic,auc,0.6444,18.04,8000,2026-06-03 01:38:13
A|5s|full|nc5|UMAP_nn15,5s,full,19,pooled,UMAP_nn15,5,lab_stress,knn,auc,0.7571,18.04,8000,2026-06-03 01:38:13
A|5s|full|nc5|UMAP_nn15,5s,full,19,pooled,UMAP_nn15,5,lab_depth_collapse,logistic,auc,0.7125,18.04,8000,2026-06-03 01:38:13
A|5s|full|nc5|UMAP_nn15,5s,full,19,pooled,UMAP_nn15,5,lab_depth_collapse,knn,auc,0.7346,18.04,8000,2026-06-03 01:38:13
A|5s|full|nc5|UMAP_nn15,5s,full,19,pooled,UMAP_nn15,5,lab_spread_widen,logistic,auc,0.5895,18.04,8000,2026-06-03 01:38:13
A|5s|full|nc5|UMAP_nn15,5s,full,19,pooled,UMAP_nn15,5,lab_spread_widen,knn,auc,0.6217,18.04,8000,2026-06-03 01:38:13
A|5s|full|nc5|UMAP_nn15,5s,full,19,pooled,UMAP_nn15,5,lab_vol_spike,logistic,auc,0.8248,18.04,8000,2026-06-03 01:38:13
A|5s|full|nc5|UMAP_nn15,5s,full,19,pooled,UMAP_nn15,5,lab_vol_spike,knn,auc,0.8965,18.04,8000,2026-06-03 01:38:13
A|5s|full|nc5|UMAP_nn15,5s,full,19,pooled,UMAP_nn15,5,reg_fwdvol,ridge,r2,0.4032,18.04,8000,2026-06-03 01:38:13
A|5s|full|nc5|UMAP_nn15,5s,full,19,pooled,UMAP_nn15,5,reg_fwdvol,knn,r2,0.6587,18.04,8000,2026-06-03 01:38:13
A|5s|full|nc5|UMAP_nn15,5s,full,19,pooled,UMAP_nn15,5,reg_curvol,ridge,r2,0.4047,18.04,8000,2026-06-03 01:38:13
A|5s|full|nc5|UMAP_nn15,5s,full,19,pooled,UMAP_nn15,5,reg_curvol,knn,r2,0.6715,18.04,8000,2026-06-03 01:38:13
A|5s|full|nc5|UMAP_nn15,5s,full,19,pooled,UMAP_nn15,5,reg_relspread,ridge,r2,0.5482,18.04,8000,2026-06-03 01:38:13
A|5s|full|nc5|UMAP_nn15,5s,full,19,pooled,UMAP_nn15,5,reg_relspread,knn,r2,0.6782,18.04,8000,2026-06-03 01:38:13
A|5s|full|nc5|UMAP_nn15,5s,full,19,pooled,UMAP_nn15,5,reg_intraday,ridge,r2,0.0362,18.04,8000,2026-06-03 01:38:13
A|5s|full|nc5|UMAP_nn15,5s,full,19,pooled,UMAP_nn15,5,reg_intraday,knn,r2,0.0617,18.04,8000,2026-06-03 01:38:13
A|5s|full|nc5|UMAP_nn50,5s,full,19,pooled,UMAP_nn50,5,lab_stress,logistic,auc,0.6558,19.72,8000,2026-06-03 01:38:33
A|5s|full|nc5|UMAP_nn50,5s,full,19,pooled,UMAP_nn50,5,lab_stress,knn,auc,0.7701,19.72,8000,2026-06-03 01:38:33
A|5s|full|nc5|UMAP_nn50,5s,full,19,pooled,UMAP_nn50,5,lab_depth_collapse,logistic,auc,0.7183,19.72,8000,2026-06-03 01:38:33
A|5s|full|nc5|UMAP_nn50,5s,full,19,pooled,UMAP_nn50,5,lab_depth_collapse,knn,auc,0.7386,19.72,8000,2026-06-03 01:38:33
A|5s|full|nc5|UMAP_nn50,5s,full,19,pooled,UMAP_nn50,5,lab_spread_widen,logistic,auc,0.6012,19.72,8000,2026-06-03 01:38:33
A|5s|full|nc5|UMAP_nn50,5s,full,19,pooled,UMAP_nn50,5,lab_spread_widen,knn,auc,0.6109,19.72,8000,2026-06-03 01:38:33
A|5s|full|nc5|UMAP_nn50,5s,full,19,pooled,UMAP_nn50,5,lab_vol_spike,logistic,auc,0.8273,19.72,8000,2026-06-03 01:38:33
A|5s|full|nc5|UMAP_nn50,5s,full,19,pooled,UMAP_nn50,5,lab_vol_spike,knn,auc,0.8968,19.72,8000,2026-06-03 01:38:33
A|5s|full|nc5|UMAP_nn50,5s,full,19,pooled,UMAP_nn50,5,reg_fwdvol,ridge,r2,0.3951,19.72,8000,2026-06-03 01:38:33
A|5s|full|nc5|UMAP_nn50,5s,full,19,pooled,UMAP_nn50,5,reg_fwdvol,knn,r2,0.6686,19.72,8000,2026-06-03 01:38:33
A|5s|full|nc5|UMAP_nn50,5s,full,19,pooled,UMAP_nn50,5,reg_curvol,ridge,r2,0.3971,19.72,8000,2026-06-03 01:38:33
A|5s|full|nc5|UMAP_nn50,5s,full,19,pooled,UMAP_nn50,5,reg_curvol,knn,r2,0.6771,19.72,8000,2026-06-03 01:38:33
A|5s|full|nc5|UMAP_nn50,5s,full,19,pooled,UMAP_nn50,5,reg_relspread,ridge,r2,0.5694,19.72,8000,2026-06-03 01:38:33
A|5s|full|nc5|UMAP_nn50,5s,full,19,pooled,UMAP_nn50,5,reg_relspread,knn,r2,0.6826,19.72,8000,2026-06-03 01:38:33
A|5s|full|nc5|UMAP_nn50,5s,full,19,pooled,UMAP_nn50,5,reg_intraday,ridge,r2,0.0405,19.72,8000,2026-06-03 01:38:33
A|5s|full|nc5|UMAP_nn50,5s,full,19,pooled,UMAP_nn50,5,reg_intraday,knn,r2,0.0745,19.72,8000,2026-06-03 01:38:33
A|5s|full|nc5|Diffusion_a1.0,5s,full,19,pooled,Diffusion_a1.0,5,lab_stress,logistic,auc,0.7501,1.8,8000,2026-06-03 01:38:35
A|5s|full|nc5|Diffusion_a1.0,5s,full,19,pooled,Diffusion_a1.0,5,lab_stress,knn,auc,0.806,1.8,8000,2026-06-03 01:38:35
A|5s|full|nc5|Diffusion_a1.0,5s,full,19,pooled,Diffusion_a1.0,5,lab_depth_collapse,logistic,auc,0.6032,1.8,8000,2026-06-03 01:38:35
A|5s|full|nc5|Diffusion_a1.0,5s,full,19,pooled,Diffusion_a1.0,5,lab_depth_collapse,knn,auc,0.7177,1.8,8000,2026-06-03 01:38:35
A|5s|full|nc5|Diffusion_a1.0,5s,full,19,pooled,Diffusion_a1.0,5,lab_spread_widen,logistic,auc,0.773,1.8,8000,2026-06-03 01:38:35
A|5s|full|nc5|Diffusion_a1.0,5s,full,19,pooled,Diffusion_a1.0,5,lab_spread_widen,knn,auc,0.721,1.8,8000,2026-06-03 01:38:35
A|5s|full|nc5|Diffusion_a1.0,5s,full,19,pooled,Diffusion_a1.0,5,lab_vol_spike,logistic,auc,0.9469,1.8,8000,2026-06-03 01:38:35
A|5s|full|nc5|Diffusion_a1.0,5s,full,19,pooled,Diffusion_a1.0,5,lab_vol_spike,knn,auc,0.9397,1.8,8000,2026-06-03 01:38:35
A|5s|full|nc5|Diffusion_a1.0,5s,full,19,pooled,Diffusion_a1.0,5,reg_fwdvol,ridge,r2,0.2982,1.8,8000,2026-06-03 01:38:35
A|5s|full|nc5|Diffusion_a1.0,5s,full,19,pooled,Diffusion_a1.0,5,reg_fwdvol,knn,r2,0.7867,1.8,8000,2026-06-03 01:38:35
A|5s|full|nc5|Diffusion_a1.0,5s,full,19,pooled,Diffusion_a1.0,5,reg_curvol,ridge,r2,0.2966,1.8,8000,2026-06-03 01:38:35
A|5s|full|nc5|Diffusion_a1.0,5s,full,19,pooled,Diffusion_a1.0,5,reg_curvol,knn,r2,0.8063,1.8,8000,2026-06-03 01:38:35
A|5s|full|nc5|Diffusion_a1.0,5s,full,19,pooled,Diffusion_a1.0,5,reg_relspread,ridge,r2,0.5052,1.8,8000,2026-06-03 01:38:35
A|5s|full|nc5|Diffusion_a1.0,5s,full,19,pooled,Diffusion_a1.0,5,reg_relspread,knn,r2,0.8072,1.8,8000,2026-06-03 01:38:35
A|5s|full|nc5|Diffusion_a1.0,5s,full,19,pooled,Diffusion_a1.0,5,reg_intraday,ridge,r2,0.0689,1.8,8000,2026-06-03 01:38:35
A|5s|full|nc5|Diffusion_a1.0,5s,full,19,pooled,Diffusion_a1.0,5,reg_intraday,knn,r2,0.1,1.8,8000,2026-06-03 01:38:35
A|5s|full|nc5|Diffusion_a0.5,5s,full,19,pooled,Diffusion_a0.5,5,lab_stress,logistic,auc,0.7381,1.74,8000,2026-06-03 01:38:37
A|5s|full|nc5|Diffusion_a0.5,5s,full,19,pooled,Diffusion_a0.5,5,lab_stress,knn,auc,0.7998,1.74,8000,2026-06-03 01:38:37
A|5s|full|nc5|Diffusion_a0.5,5s,full,19,pooled,Diffusion_a0.5,5,lab_depth_collapse,logistic,auc,0.6074,1.74,8000,2026-06-03 01:38:37
A|5s|full|nc5|Diffusion_a0.5,5s,full,19,pooled,Diffusion_a0.5,5,lab_depth_collapse,knn,auc,0.716,1.74,8000,2026-06-03 01:38:37
A|5s|full|nc5|Diffusion_a0.5,5s,full,19,pooled,Diffusion_a0.5,5,lab_spread_widen,logistic,auc,0.7672,1.74,8000,2026-06-03 01:38:37
A|5s|full|nc5|Diffusion_a0.5,5s,full,19,pooled,Diffusion_a0.5,5,lab_spread_widen,knn,auc,0.7468,1.74,8000,2026-06-03 01:38:37
A|5s|full|nc5|Diffusion_a0.5,5s,full,19,pooled,Diffusion_a0.5,5,lab_vol_spike,logistic,auc,0.9341,1.74,8000,2026-06-03 01:38:37
A|5s|full|nc5|Diffusion_a0.5,5s,full,19,pooled,Diffusion_a0.5,5,lab_vol_spike,knn,auc,0.9379,1.74,8000,2026-06-03 01:38:37
A|5s|full|nc5|Diffusion_a0.5,5s,full,19,pooled,Diffusion_a0.5,5,reg_fwdvol,ridge,r2,0.2081,1.74,8000,2026-06-03 01:38:37
A|5s|full|nc5|Diffusion_a0.5,5s,full,19,pooled,Diffusion_a0.5,5,reg_fwdvol,knn,r2,0.7907,1.74,8000,2026-06-03 01:38:37
A|5s|full|nc5|Diffusion_a0.5,5s,full,19,pooled,Diffusion_a0.5,5,reg_curvol,ridge,r2,0.1991,1.74,8000,2026-06-03 01:38:37
A|5s|full|nc5|Diffusion_a0.5,5s,full,19,pooled,Diffusion_a0.5,5,reg_curvol,knn,r2,0.8061,1.74,8000,2026-06-03 01:38:37
A|5s|full|nc5|Diffusion_a0.5,5s,full,19,pooled,Diffusion_a0.5,5,reg_relspread,ridge,r2,0.4096,1.74,8000,2026-06-03 01:38:37
A|5s|full|nc5|Diffusion_a0.5,5s,full,19,pooled,Diffusion_a0.5,5,reg_relspread,knn,r2,0.8289,1.74,8000,2026-06-03 01:38:37
A|5s|full|nc5|Diffusion_a0.5,5s,full,19,pooled,Diffusion_a0.5,5,reg_intraday,ridge,r2,0.0646,1.74,8000,2026-06-03 01:38:37
A|5s|full|nc5|Diffusion_a0.5,5s,full,19,pooled,Diffusion_a0.5,5,reg_intraday,knn,r2,0.1096,1.74,8000,2026-06-03 01:38:37
A|5s|full|nc10|PCA,5s,full,19,pooled,PCA,10,lab_stress,logistic,auc,0.7644,0.0,8000,2026-06-03 01:38:38
A|5s|full|nc10|PCA,5s,full,19,pooled,PCA,10,lab_stress,knn,auc,0.8311,0.0,8000,2026-06-03 01:38:38
A|5s|full|nc10|PCA,5s,full,19,pooled,PCA,10,lab_depth_collapse,logistic,auc,0.7853,0.0,8000,2026-06-03 01:38:38
A|5s|full|nc10|PCA,5s,full,19,pooled,PCA,10,lab_depth_collapse,knn,auc,0.7782,0.0,8000,2026-06-03 01:38:38
A|5s|full|nc10|PCA,5s,full,19,pooled,PCA,10,lab_spread_widen,logistic,auc,0.8344,0.0,8000,2026-06-03 01:38:38
A|5s|full|nc10|PCA,5s,full,19,pooled,PCA,10,lab_spread_widen,knn,auc,0.7734,0.0,8000,2026-06-03 01:38:38
A|5s|full|nc10|PCA,5s,full,19,pooled,PCA,10,lab_vol_spike,logistic,auc,0.9663,0.0,8000,2026-06-03 01:38:38
A|5s|full|nc10|PCA,5s,full,19,pooled,PCA,10,lab_vol_spike,knn,auc,0.9625,0.0,8000,2026-06-03 01:38:38
A|5s|full|nc10|PCA,5s,full,19,pooled,PCA,10,reg_fwdvol,ridge,r2,0.8084,0.0,8000,2026-06-03 01:38:38
A|5s|full|nc10|PCA,5s,full,19,pooled,PCA,10,reg_fwdvol,knn,r2,0.8258,0.0,8000,2026-06-03 01:38:38
A|5s|full|nc10|PCA,5s,full,19,pooled,PCA,10,reg_curvol,ridge,r2,0.8599,0.0,8000,2026-06-03 01:38:38
A|5s|full|nc10|PCA,5s,full,19,pooled,PCA,10,reg_curvol,knn,r2,0.8836,0.0,8000,2026-06-03 01:38:38
A|5s|full|nc10|PCA,5s,full,19,pooled,PCA,10,reg_relspread,ridge,r2,0.8192,0.0,8000,2026-06-03 01:38:38
A|5s|full|nc10|PCA,5s,full,19,pooled,PCA,10,reg_relspread,knn,r2,0.8244,0.0,8000,2026-06-03 01:38:38
A|5s|full|nc10|PCA,5s,full,19,pooled,PCA,10,reg_intraday,ridge,r2,0.1201,0.0,8000,2026-06-03 01:38:38
A|5s|full|nc10|PCA,5s,full,19,pooled,PCA,10,reg_intraday,knn,r2,0.13,0.0,8000,2026-06-03 01:38:38
A|5s|full|nc10|KernelPCA_rbf,5s,full,19,pooled,KernelPCA_rbf,10,lab_stress,logistic,auc,0.7457,1.08,8000,2026-06-03 01:38:40
A|5s|full|nc10|KernelPCA_rbf,5s,full,19,pooled,KernelPCA_rbf,10,lab_stress,knn,auc,0.8199,1.08,8000,2026-06-03 01:38:40
A|5s|full|nc10|KernelPCA_rbf,5s,full,19,pooled,KernelPCA_rbf,10,lab_depth_collapse,logistic,auc,0.7597,1.08,8000,2026-06-03 01:38:40
A|5s|full|nc10|KernelPCA_rbf,5s,full,19,pooled,KernelPCA_rbf,10,lab_depth_collapse,knn,auc,0.7643,1.08,8000,2026-06-03 01:38:40
A|5s|full|nc10|KernelPCA_rbf,5s,full,19,pooled,KernelPCA_rbf,10,lab_spread_widen,logistic,auc,0.7559,1.08,8000,2026-06-03 01:38:40
A|5s|full|nc10|KernelPCA_rbf,5s,full,19,pooled,KernelPCA_rbf,10,lab_spread_widen,knn,auc,0.7271,1.08,8000,2026-06-03 01:38:40
A|5s|full|nc10|KernelPCA_rbf,5s,full,19,pooled,KernelPCA_rbf,10,lab_vol_spike,logistic,auc,0.9415,1.08,8000,2026-06-03 01:38:40
A|5s|full|nc10|KernelPCA_rbf,5s,full,19,pooled,KernelPCA_rbf,10,lab_vol_spike,knn,auc,0.9474,1.08,8000,2026-06-03 01:38:40
A|5s|full|nc10|KernelPCA_rbf,5s,full,19,pooled,KernelPCA_rbf,10,reg_fwdvol,ridge,r2,0.6567,1.08,8000,2026-06-03 01:38:40
A|5s|full|nc10|KernelPCA_rbf,5s,full,19,pooled,KernelPCA_rbf,10,reg_fwdvol,knn,r2,0.7811,1.08,8000,2026-06-03 01:38:40
A|5s|full|nc10|KernelPCA_rbf,5s,full,19,pooled,KernelPCA_rbf,10,reg_curvol,ridge,r2,0.678,1.08,8000,2026-06-03 01:38:40
A|5s|full|nc10|KernelPCA_rbf,5s,full,19,pooled,KernelPCA_rbf,10,reg_curvol,knn,r2,0.795,1.08,8000,2026-06-03 01:38:40
A|5s|full|nc10|KernelPCA_rbf,5s,full,19,pooled,KernelPCA_rbf,10,reg_relspread,ridge,r2,0.741,1.08,8000,2026-06-03 01:38:40
A|5s|full|nc10|KernelPCA_rbf,5s,full,19,pooled,KernelPCA_rbf,10,reg_relspread,knn,r2,0.8124,1.08,8000,2026-06-03 01:38:40
A|5s|full|nc10|KernelPCA_rbf,5s,full,19,pooled,KernelPCA_rbf,10,reg_intraday,ridge,r2,0.0638,1.08,8000,2026-06-03 01:38:40
A|5s|full|nc10|KernelPCA_rbf,5s,full,19,pooled,KernelPCA_rbf,10,reg_intraday,knn,r2,0.1041,1.08,8000,2026-06-03 01:38:40
A|5s|full|nc10|Isomap_nn10,5s,full,19,pooled,Isomap_nn10,10,lab_stress,logistic,auc,0.7417,2.39,8000,2026-06-03 01:38:44
A|5s|full|nc10|Isomap_nn10,5s,full,19,pooled,Isomap_nn10,10,lab_stress,knn,auc,0.8023,2.39,8000,2026-06-03 01:38:44
A|5s|full|nc10|Isomap_nn10,5s,full,19,pooled,Isomap_nn10,10,lab_depth_collapse,logistic,auc,0.752,2.39,8000,2026-06-03 01:38:44
A|5s|full|nc10|Isomap_nn10,5s,full,19,pooled,Isomap_nn10,10,lab_depth_collapse,knn,auc,0.7478,2.39,8000,2026-06-03 01:38:44
A|5s|full|nc10|Isomap_nn10,5s,full,19,pooled,Isomap_nn10,10,lab_spread_widen,logistic,auc,0.7189,2.39,8000,2026-06-03 01:38:44
A|5s|full|nc10|Isomap_nn10,5s,full,19,pooled,Isomap_nn10,10,lab_spread_widen,knn,auc,0.6847,2.39,8000,2026-06-03 01:38:44
A|5s|full|nc10|Isomap_nn10,5s,full,19,pooled,Isomap_nn10,10,lab_vol_spike,logistic,auc,0.9456,2.39,8000,2026-06-03 01:38:44
A|5s|full|nc10|Isomap_nn10,5s,full,19,pooled,Isomap_nn10,10,lab_vol_spike,knn,auc,0.9337,2.39,8000,2026-06-03 01:38:44
A|5s|full|nc10|Isomap_nn10,5s,full,19,pooled,Isomap_nn10,10,reg_fwdvol,ridge,r2,0.7522,2.39,8000,2026-06-03 01:38:44
A|5s|full|nc10|Isomap_nn10,5s,full,19,pooled,Isomap_nn10,10,reg_fwdvol,knn,r2,0.7439,2.39,8000,2026-06-03 01:38:44
A|5s|full|nc10|Isomap_nn10,5s,full,19,pooled,Isomap_nn10,10,reg_curvol,ridge,r2,0.7712,2.39,8000,2026-06-03 01:38:44
A|5s|full|nc10|Isomap_nn10,5s,full,19,pooled,Isomap_nn10,10,reg_curvol,knn,r2,0.7662,2.39,8000,2026-06-03 01:38:44
A|5s|full|nc10|Isomap_nn10,5s,full,19,pooled,Isomap_nn10,10,reg_relspread,ridge,r2,0.7323,2.39,8000,2026-06-03 01:38:44
A|5s|full|nc10|Isomap_nn10,5s,full,19,pooled,Isomap_nn10,10,reg_relspread,knn,r2,0.7414,2.39,8000,2026-06-03 01:38:44
A|5s|full|nc10|Isomap_nn10,5s,full,19,pooled,Isomap_nn10,10,reg_intraday,ridge,r2,0.077,2.39,8000,2026-06-03 01:38:44
A|5s|full|nc10|Isomap_nn10,5s,full,19,pooled,Isomap_nn10,10,reg_intraday,knn,r2,0.0843,2.39,8000,2026-06-03 01:38:44
A|5s|full|nc10|Isomap_nn30,5s,full,19,pooled,Isomap_nn30,10,lab_stress,logistic,auc,0.7484,3.35,8000,2026-06-03 01:38:49
A|5s|full|nc10|Isomap_nn30,5s,full,19,pooled,Isomap_nn30,10,lab_stress,knn,auc,0.8194,3.35,8000,2026-06-03 01:38:49
A|5s|full|nc10|Isomap_nn30,5s,full,19,pooled,Isomap_nn30,10,lab_depth_collapse,logistic,auc,0.7663,3.35,8000,2026-06-03 01:38:49
A|5s|full|nc10|Isomap_nn30,5s,full,19,pooled,Isomap_nn30,10,lab_depth_collapse,knn,auc,0.7554,3.35,8000,2026-06-03 01:38:49
A|5s|full|nc10|Isomap_nn30,5s,full,19,pooled,Isomap_nn30,10,lab_spread_widen,logistic,auc,0.7718,3.35,8000,2026-06-03 01:38:49
A|5s|full|nc10|Isomap_nn30,5s,full,19,pooled,Isomap_nn30,10,lab_spread_widen,knn,auc,0.7113,3.35,8000,2026-06-03 01:38:49
A|5s|full|nc10|Isomap_nn30,5s,full,19,pooled,Isomap_nn30,10,lab_vol_spike,logistic,auc,0.9601,3.35,8000,2026-06-03 01:38:49
A|5s|full|nc10|Isomap_nn30,5s,full,19,pooled,Isomap_nn30,10,lab_vol_spike,knn,auc,0.9445,3.35,8000,2026-06-03 01:38:49
A|5s|full|nc10|Isomap_nn30,5s,full,19,pooled,Isomap_nn30,10,reg_fwdvol,ridge,r2,0.7843,3.35,8000,2026-06-03 01:38:49
A|5s|full|nc10|Isomap_nn30,5s,full,19,pooled,Isomap_nn30,10,reg_fwdvol,knn,r2,0.7632,3.35,8000,2026-06-03 01:38:49
A|5s|full|nc10|Isomap_nn30,5s,full,19,pooled,Isomap_nn30,10,reg_curvol,ridge,r2,0.8093,3.35,8000,2026-06-03 01:38:49
A|5s|full|nc10|Isomap_nn30,5s,full,19,pooled,Isomap_nn30,10,reg_curvol,knn,r2,0.7919,3.35,8000,2026-06-03 01:38:49
A|5s|full|nc10|Isomap_nn30,5s,full,19,pooled,Isomap_nn30,10,reg_relspread,ridge,r2,0.7689,3.35,8000,2026-06-03 01:38:49
A|5s|full|nc10|Isomap_nn30,5s,full,19,pooled,Isomap_nn30,10,reg_relspread,knn,r2,0.7677,3.35,8000,2026-06-03 01:38:49
A|5s|full|nc10|Isomap_nn30,5s,full,19,pooled,Isomap_nn30,10,reg_intraday,ridge,r2,0.0865,3.35,8000,2026-06-03 01:38:49
A|5s|full|nc10|Isomap_nn30,5s,full,19,pooled,Isomap_nn30,10,reg_intraday,knn,r2,0.0947,3.35,8000,2026-06-03 01:38:49
A|5s|full|nc10|LLE,5s,full,19,pooled,LLE,10,lab_stress,logistic,auc,0.6818,1.11,8000,2026-06-03 01:38:51
A|5s|full|nc10|LLE,5s,full,19,pooled,LLE,10,lab_stress,knn,auc,0.7216,1.11,8000,2026-06-03 01:38:51
A|5s|full|nc10|LLE,5s,full,19,pooled,LLE,10,lab_depth_collapse,logistic,auc,0.6755,1.11,8000,2026-06-03 01:38:51
A|5s|full|nc10|LLE,5s,full,19,pooled,LLE,10,lab_depth_collapse,knn,auc,0.6897,1.11,8000,2026-06-03 01:38:51
A|5s|full|nc10|LLE,5s,full,19,pooled,LLE,10,lab_spread_widen,logistic,auc,0.5998,1.11,8000,2026-06-03 01:38:51
A|5s|full|nc10|LLE,5s,full,19,pooled,LLE,10,lab_spread_widen,knn,auc,0.636,1.11,8000,2026-06-03 01:38:51
A|5s|full|nc10|LLE,5s,full,19,pooled,LLE,10,lab_vol_spike,logistic,auc,0.8608,1.11,8000,2026-06-03 01:38:51
A|5s|full|nc10|LLE,5s,full,19,pooled,LLE,10,lab_vol_spike,knn,auc,0.8851,1.11,8000,2026-06-03 01:38:51
A|5s|full|nc10|LLE,5s,full,19,pooled,LLE,10,reg_fwdvol,ridge,r2,0.51,1.11,8000,2026-06-03 01:38:51
A|5s|full|nc10|LLE,5s,full,19,pooled,LLE,10,reg_fwdvol,knn,r2,0.6114,1.11,8000,2026-06-03 01:38:51
A|5s|full|nc10|LLE,5s,full,19,pooled,LLE,10,reg_curvol,ridge,r2,0.527,1.11,8000,2026-06-03 01:38:51
A|5s|full|nc10|LLE,5s,full,19,pooled,LLE,10,reg_curvol,knn,r2,0.6307,1.11,8000,2026-06-03 01:38:51
A|5s|full|nc10|LLE,5s,full,19,pooled,LLE,10,reg_relspread,ridge,r2,0.2917,1.11,8000,2026-06-03 01:38:51
A|5s|full|nc10|LLE,5s,full,19,pooled,LLE,10,reg_relspread,knn,r2,0.5513,1.11,8000,2026-06-03 01:38:51
A|5s|full|nc10|LLE,5s,full,19,pooled,LLE,10,reg_intraday,ridge,r2,0.0747,1.11,8000,2026-06-03 01:38:51
A|5s|full|nc10|LLE,5s,full,19,pooled,LLE,10,reg_intraday,knn,r2,0.0584,1.11,8000,2026-06-03 01:38:51
A|5s|full|nc10|UMAP_nn15,5s,full,19,pooled,UMAP_nn15,10,lab_stress,logistic,auc,0.7127,18.54,8000,2026-06-03 01:39:11
A|5s|full|nc10|UMAP_nn15,5s,full,19,pooled,UMAP_nn15,10,lab_stress,knn,auc,0.7583,18.54,8000,2026-06-03 01:39:11
A|5s|full|nc10|UMAP_nn15,5s,full,19,pooled,UMAP_nn15,10,lab_depth_collapse,logistic,auc,0.7139,18.54,8000,2026-06-03 01:39:11
A|5s|full|nc10|UMAP_nn15,5s,full,19,pooled,UMAP_nn15,10,lab_depth_collapse,knn,auc,0.7328,18.54,8000,2026-06-03 01:39:11
A|5s|full|nc10|UMAP_nn15,5s,full,19,pooled,UMAP_nn15,10,lab_spread_widen,logistic,auc,0.5926,18.54,8000,2026-06-03 01:39:11
A|5s|full|nc10|UMAP_nn15,5s,full,19,pooled,UMAP_nn15,10,lab_spread_widen,knn,auc,0.6278,18.54,8000,2026-06-03 01:39:11
A|5s|full|nc10|UMAP_nn15,5s,full,19,pooled,UMAP_nn15,10,lab_vol_spike,logistic,auc,0.8958,18.54,8000,2026-06-03 01:39:11
A|5s|full|nc10|UMAP_nn15,5s,full,19,pooled,UMAP_nn15,10,lab_vol_spike,knn,auc,0.9045,18.54,8000,2026-06-03 01:39:11
A|5s|full|nc10|UMAP_nn15,5s,full,19,pooled,UMAP_nn15,10,reg_fwdvol,ridge,r2,0.5989,18.54,8000,2026-06-03 01:39:11
A|5s|full|nc10|UMAP_nn15,5s,full,19,pooled,UMAP_nn15,10,reg_fwdvol,knn,r2,0.6835,18.54,8000,2026-06-03 01:39:11
A|5s|full|nc10|UMAP_nn15,5s,full,19,pooled,UMAP_nn15,10,reg_curvol,ridge,r2,0.608,18.54,8000,2026-06-03 01:39:11
A|5s|full|nc10|UMAP_nn15,5s,full,19,pooled,UMAP_nn15,10,reg_curvol,knn,r2,0.6961,18.54,8000,2026-06-03 01:39:11
A|5s|full|nc10|UMAP_nn15,5s,full,19,pooled,UMAP_nn15,10,reg_relspread,ridge,r2,0.5822,18.54,8000,2026-06-03 01:39:11
A|5s|full|nc10|UMAP_nn15,5s,full,19,pooled,UMAP_nn15,10,reg_relspread,knn,r2,0.6654,18.54,8000,2026-06-03 01:39:11
A|5s|full|nc10|UMAP_nn15,5s,full,19,pooled,UMAP_nn15,10,reg_intraday,ridge,r2,0.0468,18.54,8000,2026-06-03 01:39:11
A|5s|full|nc10|UMAP_nn15,5s,full,19,pooled,UMAP_nn15,10,reg_intraday,knn,r2,0.0678,18.54,8000,2026-06-03 01:39:11
A|5s|full|nc10|UMAP_nn50,5s,full,19,pooled,UMAP_nn50,10,lab_stress,logistic,auc,0.7167,20.12,8000,2026-06-03 01:39:32
A|5s|full|nc10|UMAP_nn50,5s,full,19,pooled,UMAP_nn50,10,lab_stress,knn,auc,0.7705,20.12,8000,2026-06-03 01:39:32
A|5s|full|nc10|UMAP_nn50,5s,full,19,pooled,UMAP_nn50,10,lab_depth_collapse,logistic,auc,0.7271,20.12,8000,2026-06-03 01:39:32
A|5s|full|nc10|UMAP_nn50,5s,full,19,pooled,UMAP_nn50,10,lab_depth_collapse,knn,auc,0.7432,20.12,8000,2026-06-03 01:39:32
A|5s|full|nc10|UMAP_nn50,5s,full,19,pooled,UMAP_nn50,10,lab_spread_widen,logistic,auc,0.616,20.12,8000,2026-06-03 01:39:32
A|5s|full|nc10|UMAP_nn50,5s,full,19,pooled,UMAP_nn50,10,lab_spread_widen,knn,auc,0.616,20.12,8000,2026-06-03 01:39:32
A|5s|full|nc10|UMAP_nn50,5s,full,19,pooled,UMAP_nn50,10,lab_vol_spike,logistic,auc,0.9065,20.12,8000,2026-06-03 01:39:32
A|5s|full|nc10|UMAP_nn50,5s,full,19,pooled,UMAP_nn50,10,lab_vol_spike,knn,auc,0.9035,20.12,8000,2026-06-03 01:39:32
A|5s|full|nc10|UMAP_nn50,5s,full,19,pooled,UMAP_nn50,10,reg_fwdvol,ridge,r2,0.6491,20.12,8000,2026-06-03 01:39:32
A|5s|full|nc10|UMAP_nn50,5s,full,19,pooled,UMAP_nn50,10,reg_fwdvol,knn,r2,0.6896,20.12,8000,2026-06-03 01:39:32
A|5s|full|nc10|UMAP_nn50,5s,full,19,pooled,UMAP_nn50,10,reg_curvol,ridge,r2,0.6625,20.12,8000,2026-06-03 01:39:32
A|5s|full|nc10|UMAP_nn50,5s,full,19,pooled,UMAP_nn50,10,reg_curvol,knn,r2,0.6997,20.12,8000,2026-06-03 01:39:32
A|5s|full|nc10|UMAP_nn50,5s,full,19,pooled,UMAP_nn50,10,reg_relspread,ridge,r2,0.603,20.12,8000,2026-06-03 01:39:32
A|5s|full|nc10|UMAP_nn50,5s,full,19,pooled,UMAP_nn50,10,reg_relspread,knn,r2,0.6892,20.12,8000,2026-06-03 01:39:32
A|5s|full|nc10|UMAP_nn50,5s,full,19,pooled,UMAP_nn50,10,reg_intraday,ridge,r2,0.0565,20.12,8000,2026-06-03 01:39:32
A|5s|full|nc10|UMAP_nn50,5s,full,19,pooled,UMAP_nn50,10,reg_intraday,knn,r2,0.0727,20.12,8000,2026-06-03 01:39:32
A|5s|full|nc10|Diffusion_a1.0,5s,full,19,pooled,Diffusion_a1.0,10,lab_stress,logistic,auc,0.7369,1.84,8000,2026-06-03 01:39:35
A|5s|full|nc10|Diffusion_a1.0,5s,full,19,pooled,Diffusion_a1.0,10,lab_stress,knn,auc,0.8091,1.84,8000,2026-06-03 01:39:35
A|5s|full|nc10|Diffusion_a1.0,5s,full,19,pooled,Diffusion_a1.0,10,lab_depth_collapse,logistic,auc,0.6401,1.84,8000,2026-06-03 01:39:35
A|5s|full|nc10|Diffusion_a1.0,5s,full,19,pooled,Diffusion_a1.0,10,lab_depth_collapse,knn,auc,0.7032,1.84,8000,2026-06-03 01:39:35
A|5s|full|nc10|Diffusion_a1.0,5s,full,19,pooled,Diffusion_a1.0,10,lab_spread_widen,logistic,auc,0.8036,1.84,8000,2026-06-03 01:39:35
A|5s|full|nc10|Diffusion_a1.0,5s,full,19,pooled,Diffusion_a1.0,10,lab_spread_widen,knn,auc,0.7217,1.84,8000,2026-06-03 01:39:35
A|5s|full|nc10|Diffusion_a1.0,5s,full,19,pooled,Diffusion_a1.0,10,lab_vol_spike,logistic,auc,0.9415,1.84,8000,2026-06-03 01:39:35
A|5s|full|nc10|Diffusion_a1.0,5s,full,19,pooled,Diffusion_a1.0,10,lab_vol_spike,knn,auc,0.9384,1.84,8000,2026-06-03 01:39:35
A|5s|full|nc10|Diffusion_a1.0,5s,full,19,pooled,Diffusion_a1.0,10,reg_fwdvol,ridge,r2,0.5442,1.84,8000,2026-06-03 01:39:35
A|5s|full|nc10|Diffusion_a1.0,5s,full,19,pooled,Diffusion_a1.0,10,reg_fwdvol,knn,r2,0.7953,1.84,8000,2026-06-03 01:39:35
A|5s|full|nc10|Diffusion_a1.0,5s,full,19,pooled,Diffusion_a1.0,10,reg_curvol,ridge,r2,0.557,1.84,8000,2026-06-03 01:39:35
A|5s|full|nc10|Diffusion_a1.0,5s,full,19,pooled,Diffusion_a1.0,10,reg_curvol,knn,r2,0.8108,1.84,8000,2026-06-03 01:39:35
A|5s|full|nc10|Diffusion_a1.0,5s,full,19,pooled,Diffusion_a1.0,10,reg_relspread,ridge,r2,0.5214,1.84,8000,2026-06-03 01:39:35
A|5s|full|nc10|Diffusion_a1.0,5s,full,19,pooled,Diffusion_a1.0,10,reg_relspread,knn,r2,0.776,1.84,8000,2026-06-03 01:39:35
A|5s|full|nc10|Diffusion_a1.0,5s,full,19,pooled,Diffusion_a1.0,10,reg_intraday,ridge,r2,0.1,1.84,8000,2026-06-03 01:39:35
A|5s|full|nc10|Diffusion_a1.0,5s,full,19,pooled,Diffusion_a1.0,10,reg_intraday,knn,r2,0.1114,1.84,8000,2026-06-03 01:39:35
A|5s|full|nc10|Diffusion_a0.5,5s,full,19,pooled,Diffusion_a0.5,10,lab_stress,logistic,auc,0.7404,1.8,8000,2026-06-03 01:39:37
A|5s|full|nc10|Diffusion_a0.5,5s,full,19,pooled,Diffusion_a0.5,10,lab_stress,knn,auc,0.7918,1.8,8000,2026-06-03 01:39:37
A|5s|full|nc10|Diffusion_a0.5,5s,full,19,pooled,Diffusion_a0.5,10,lab_depth_collapse,logistic,auc,0.7089,1.8,8000,2026-06-03 01:39:37
A|5s|full|nc10|Diffusion_a0.5,5s,full,19,pooled,Diffusion_a0.5,10,lab_depth_collapse,knn,auc,0.7239,1.8,8000,2026-06-03 01:39:37
A|5s|full|nc10|Diffusion_a0.5,5s,full,19,pooled,Diffusion_a0.5,10,lab_spread_widen,logistic,auc,0.7912,1.8,8000,2026-06-03 01:39:37
A|5s|full|nc10|Diffusion_a0.5,5s,full,19,pooled,Diffusion_a0.5,10,lab_spread_widen,knn,auc,0.6675,1.8,8000,2026-06-03 01:39:37
A|5s|full|nc10|Diffusion_a0.5,5s,full,19,pooled,Diffusion_a0.5,10,lab_vol_spike,logistic,auc,0.9466,1.8,8000,2026-06-03 01:39:37
A|5s|full|nc10|Diffusion_a0.5,5s,full,19,pooled,Diffusion_a0.5,10,lab_vol_spike,knn,auc,0.9185,1.8,8000,2026-06-03 01:39:37
A|5s|full|nc10|Diffusion_a0.5,5s,full,19,pooled,Diffusion_a0.5,10,reg_fwdvol,ridge,r2,0.5476,1.8,8000,2026-06-03 01:39:37
A|5s|full|nc10|Diffusion_a0.5,5s,full,19,pooled,Diffusion_a0.5,10,reg_fwdvol,knn,r2,0.7377,1.8,8000,2026-06-03 01:39:37
A|5s|full|nc10|Diffusion_a0.5,5s,full,19,pooled,Diffusion_a0.5,10,reg_curvol,ridge,r2,0.5566,1.8,8000,2026-06-03 01:39:37
A|5s|full|nc10|Diffusion_a0.5,5s,full,19,pooled,Diffusion_a0.5,10,reg_curvol,knn,r2,0.745,1.8,8000,2026-06-03 01:39:37
A|5s|full|nc10|Diffusion_a0.5,5s,full,19,pooled,Diffusion_a0.5,10,reg_relspread,ridge,r2,0.3859,1.8,8000,2026-06-03 01:39:37
A|5s|full|nc10|Diffusion_a0.5,5s,full,19,pooled,Diffusion_a0.5,10,reg_relspread,knn,r2,0.7364,1.8,8000,2026-06-03 01:39:37
A|5s|full|nc10|Diffusion_a0.5,5s,full,19,pooled,Diffusion_a0.5,10,reg_intraday,ridge,r2,0.0766,1.8,8000,2026-06-03 01:39:37
A|5s|full|nc10|Diffusion_a0.5,5s,full,19,pooled,Diffusion_a0.5,10,reg_intraday,knn,r2,0.1065,1.8,8000,2026-06-03 01:39:37
A|5s|state|nc2|PCA,5s,state,8,pooled,PCA,2,lab_stress,logistic,auc,0.5342,0.0,8000,2026-06-03 01:39:38
A|5s|state|nc2|PCA,5s,state,8,pooled,PCA,2,lab_stress,knn,auc,0.6651,0.0,8000,2026-06-03 01:39:38
A|5s|state|nc2|PCA,5s,state,8,pooled,PCA,2,lab_depth_collapse,logistic,auc,0.5649,0.0,8000,2026-06-03 01:39:38
A|5s|state|nc2|PCA,5s,state,8,pooled,PCA,2,lab_depth_collapse,knn,auc,0.6049,0.0,8000,2026-06-03 01:39:38
A|5s|state|nc2|PCA,5s,state,8,pooled,PCA,2,lab_spread_widen,logistic,auc,0.531,0.0,8000,2026-06-03 01:39:38
A|5s|state|nc2|PCA,5s,state,8,pooled,PCA,2,lab_spread_widen,knn,auc,0.5796,0.0,8000,2026-06-03 01:39:38
A|5s|state|nc2|PCA,5s,state,8,pooled,PCA,2,lab_vol_spike,logistic,auc,0.6146,0.0,8000,2026-06-03 01:39:38
A|5s|state|nc2|PCA,5s,state,8,pooled,PCA,2,lab_vol_spike,knn,auc,0.6267,0.0,8000,2026-06-03 01:39:38
A|5s|state|nc2|PCA,5s,state,8,pooled,PCA,2,reg_fwdvol,ridge,r2,0.0938,0.0,8000,2026-06-03 01:39:38
A|5s|state|nc2|PCA,5s,state,8,pooled,PCA,2,reg_fwdvol,knn,r2,0.1125,0.0,8000,2026-06-03 01:39:38
A|5s|state|nc2|PCA,5s,state,8,pooled,PCA,2,reg_curvol,ridge,r2,0.0867,0.0,8000,2026-06-03 01:39:38
A|5s|state|nc2|PCA,5s,state,8,pooled,PCA,2,reg_curvol,knn,r2,0.1061,0.0,8000,2026-06-03 01:39:38
A|5s|state|nc2|PCA,5s,state,8,pooled,PCA,2,reg_relspread,ridge,r2,0.337,0.0,8000,2026-06-03 01:39:38
A|5s|state|nc2|PCA,5s,state,8,pooled,PCA,2,reg_relspread,knn,r2,0.3604,0.0,8000,2026-06-03 01:39:38
A|5s|state|nc2|PCA,5s,state,8,pooled,PCA,2,reg_intraday,ridge,r2,0.0264,0.0,8000,2026-06-03 01:39:38
A|5s|state|nc2|PCA,5s,state,8,pooled,PCA,2,reg_intraday,knn,r2,0.0045,0.0,8000,2026-06-03 01:39:38
A|5s|state|nc2|KernelPCA_rbf,5s,state,8,pooled,KernelPCA_rbf,2,lab_stress,logistic,auc,0.5324,0.2,8000,2026-06-03 01:39:39
A|5s|state|nc2|KernelPCA_rbf,5s,state,8,pooled,KernelPCA_rbf,2,lab_stress,knn,auc,0.671,0.2,8000,2026-06-03 01:39:39
A|5s|state|nc2|KernelPCA_rbf,5s,state,8,pooled,KernelPCA_rbf,2,lab_depth_collapse,logistic,auc,0.5744,0.2,8000,2026-06-03 01:39:39
A|5s|state|nc2|KernelPCA_rbf,5s,state,8,pooled,KernelPCA_rbf,2,lab_depth_collapse,knn,auc,0.6508,0.2,8000,2026-06-03 01:39:39
A|5s|state|nc2|KernelPCA_rbf,5s,state,8,pooled,KernelPCA_rbf,2,lab_spread_widen,logistic,auc,0.5047,0.2,8000,2026-06-03 01:39:39
A|5s|state|nc2|KernelPCA_rbf,5s,state,8,pooled,KernelPCA_rbf,2,lab_spread_widen,knn,auc,0.558,0.2,8000,2026-06-03 01:39:39
A|5s|state|nc2|KernelPCA_rbf,5s,state,8,pooled,KernelPCA_rbf,2,lab_vol_spike,logistic,auc,0.5859,0.2,8000,2026-06-03 01:39:39
A|5s|state|nc2|KernelPCA_rbf,5s,state,8,pooled,KernelPCA_rbf,2,lab_vol_spike,knn,auc,0.6532,0.2,8000,2026-06-03 01:39:39
A|5s|state|nc2|KernelPCA_rbf,5s,state,8,pooled,KernelPCA_rbf,2,reg_fwdvol,ridge,r2,0.0756,0.2,8000,2026-06-03 01:39:39
A|5s|state|nc2|KernelPCA_rbf,5s,state,8,pooled,KernelPCA_rbf,2,reg_fwdvol,knn,r2,0.1576,0.2,8000,2026-06-03 01:39:39
A|5s|state|nc2|KernelPCA_rbf,5s,state,8,pooled,KernelPCA_rbf,2,reg_curvol,ridge,r2,0.0704,0.2,8000,2026-06-03 01:39:39
A|5s|state|nc2|KernelPCA_rbf,5s,state,8,pooled,KernelPCA_rbf,2,reg_curvol,knn,r2,0.1434,0.2,8000,2026-06-03 01:39:39
A|5s|state|nc2|KernelPCA_rbf,5s,state,8,pooled,KernelPCA_rbf,2,reg_relspread,ridge,r2,0.213,0.2,8000,2026-06-03 01:39:39
A|5s|state|nc2|KernelPCA_rbf,5s,state,8,pooled,KernelPCA_rbf,2,reg_relspread,knn,r2,0.3626,0.2,8000,2026-06-03 01:39:39
A|5s|state|nc2|KernelPCA_rbf,5s,state,8,pooled,KernelPCA_rbf,2,reg_intraday,ridge,r2,0.0056,0.2,8000,2026-06-03 01:39:39
A|5s|state|nc2|KernelPCA_rbf,5s,state,8,pooled,KernelPCA_rbf,2,reg_intraday,knn,r2,0.0026,0.2,8000,2026-06-03 01:39:39
A|5s|state|nc2|Isomap_nn10,5s,state,8,pooled,Isomap_nn10,2,lab_stress,logistic,auc,0.5168,1.58,8000,2026-06-03 01:39:40
A|5s|state|nc2|Isomap_nn10,5s,state,8,pooled,Isomap_nn10,2,lab_stress,knn,auc,0.6645,1.58,8000,2026-06-03 01:39:40
A|5s|state|nc2|Isomap_nn10,5s,state,8,pooled,Isomap_nn10,2,lab_depth_collapse,logistic,auc,0.5718,1.58,8000,2026-06-03 01:39:40
A|5s|state|nc2|Isomap_nn10,5s,state,8,pooled,Isomap_nn10,2,lab_depth_collapse,knn,auc,0.6155,1.58,8000,2026-06-03 01:39:40
A|5s|state|nc2|Isomap_nn10,5s,state,8,pooled,Isomap_nn10,2,lab_spread_widen,logistic,auc,0.5084,1.58,8000,2026-06-03 01:39:40
A|5s|state|nc2|Isomap_nn10,5s,state,8,pooled,Isomap_nn10,2,lab_spread_widen,knn,auc,0.5731,1.58,8000,2026-06-03 01:39:40
A|5s|state|nc2|Isomap_nn10,5s,state,8,pooled,Isomap_nn10,2,lab_vol_spike,logistic,auc,0.585,1.58,8000,2026-06-03 01:39:40
A|5s|state|nc2|Isomap_nn10,5s,state,8,pooled,Isomap_nn10,2,lab_vol_spike,knn,auc,0.6335,1.58,8000,2026-06-03 01:39:40
A|5s|state|nc2|Isomap_nn10,5s,state,8,pooled,Isomap_nn10,2,reg_fwdvol,ridge,r2,0.067,1.58,8000,2026-06-03 01:39:40
A|5s|state|nc2|Isomap_nn10,5s,state,8,pooled,Isomap_nn10,2,reg_fwdvol,knn,r2,0.1187,1.58,8000,2026-06-03 01:39:40
A|5s|state|nc2|Isomap_nn10,5s,state,8,pooled,Isomap_nn10,2,reg_curvol,ridge,r2,0.0616,1.58,8000,2026-06-03 01:39:40
A|5s|state|nc2|Isomap_nn10,5s,state,8,pooled,Isomap_nn10,2,reg_curvol,knn,r2,0.1098,1.58,8000,2026-06-03 01:39:40
A|5s|state|nc2|Isomap_nn10,5s,state,8,pooled,Isomap_nn10,2,reg_relspread,ridge,r2,0.2486,1.58,8000,2026-06-03 01:39:40
A|5s|state|nc2|Isomap_nn10,5s,state,8,pooled,Isomap_nn10,2,reg_relspread,knn,r2,0.3609,1.58,8000,2026-06-03 01:39:40
A|5s|state|nc2|Isomap_nn10,5s,state,8,pooled,Isomap_nn10,2,reg_intraday,ridge,r2,0.0196,1.58,8000,2026-06-03 01:39:40
A|5s|state|nc2|Isomap_nn10,5s,state,8,pooled,Isomap_nn10,2,reg_intraday,knn,r2,-0.0054,1.58,8000,2026-06-03 01:39:40
A|5s|state|nc2|Isomap_nn30,5s,state,8,pooled,Isomap_nn30,2,lab_stress,logistic,auc,0.5237,2.56,8000,2026-06-03 01:39:43
A|5s|state|nc2|Isomap_nn30,5s,state,8,pooled,Isomap_nn30,2,lab_stress,knn,auc,0.6613,2.56,8000,2026-06-03 01:39:43
A|5s|state|nc2|Isomap_nn30,5s,state,8,pooled,Isomap_nn30,2,lab_depth_collapse,logistic,auc,0.5683,2.56,8000,2026-06-03 01:39:43
A|5s|state|nc2|Isomap_nn30,5s,state,8,pooled,Isomap_nn30,2,lab_depth_collapse,knn,auc,0.6102,2.56,8000,2026-06-03 01:39:43
A|5s|state|nc2|Isomap_nn30,5s,state,8,pooled,Isomap_nn30,2,lab_spread_widen,logistic,auc,0.5112,2.56,8000,2026-06-03 01:39:43
A|5s|state|nc2|Isomap_nn30,5s,state,8,pooled,Isomap_nn30,2,lab_spread_widen,knn,auc,0.5895,2.56,8000,2026-06-03 01:39:43
A|5s|state|nc2|Isomap_nn30,5s,state,8,pooled,Isomap_nn30,2,lab_vol_spike,logistic,auc,0.5979,2.56,8000,2026-06-03 01:39:43
A|5s|state|nc2|Isomap_nn30,5s,state,8,pooled,Isomap_nn30,2,lab_vol_spike,knn,auc,0.6229,2.56,8000,2026-06-03 01:39:43
A|5s|state|nc2|Isomap_nn30,5s,state,8,pooled,Isomap_nn30,2,reg_fwdvol,ridge,r2,0.0795,2.56,8000,2026-06-03 01:39:43
A|5s|state|nc2|Isomap_nn30,5s,state,8,pooled,Isomap_nn30,2,reg_fwdvol,knn,r2,0.1118,2.56,8000,2026-06-03 01:39:43
A|5s|state|nc2|Isomap_nn30,5s,state,8,pooled,Isomap_nn30,2,reg_curvol,ridge,r2,0.073,2.56,8000,2026-06-03 01:39:43
A|5s|state|nc2|Isomap_nn30,5s,state,8,pooled,Isomap_nn30,2,reg_curvol,knn,r2,0.1004,2.56,8000,2026-06-03 01:39:43
A|5s|state|nc2|Isomap_nn30,5s,state,8,pooled,Isomap_nn30,2,reg_relspread,ridge,r2,0.2955,2.56,8000,2026-06-03 01:39:43
A|5s|state|nc2|Isomap_nn30,5s,state,8,pooled,Isomap_nn30,2,reg_relspread,knn,r2,0.3497,2.56,8000,2026-06-03 01:39:43
A|5s|state|nc2|Isomap_nn30,5s,state,8,pooled,Isomap_nn30,2,reg_intraday,ridge,r2,0.0234,2.56,8000,2026-06-03 01:39:43
A|5s|state|nc2|Isomap_nn30,5s,state,8,pooled,Isomap_nn30,2,reg_intraday,knn,r2,0.001,2.56,8000,2026-06-03 01:39:43
A|5s|state|nc2|LLE,5s,state,8,pooled,LLE,2,lab_stress,logistic,auc,0.5168,0.47,8000,2026-06-03 01:39:44
A|5s|state|nc2|LLE,5s,state,8,pooled,LLE,2,lab_stress,knn,auc,0.6556,0.47,8000,2026-06-03 01:39:44
A|5s|state|nc2|LLE,5s,state,8,pooled,LLE,2,lab_depth_collapse,logistic,auc,0.6146,0.47,8000,2026-06-03 01:39:44
A|5s|state|nc2|LLE,5s,state,8,pooled,LLE,2,lab_depth_collapse,knn,auc,0.6543,0.47,8000,2026-06-03 01:39:44
A|5s|state|nc2|LLE,5s,state,8,pooled,LLE,2,lab_spread_widen,logistic,auc,0.5927,0.47,8000,2026-06-03 01:39:44
A|5s|state|nc2|LLE,5s,state,8,pooled,LLE,2,lab_spread_widen,knn,auc,0.5858,0.47,8000,2026-06-03 01:39:44
A|5s|state|nc2|LLE,5s,state,8,pooled,LLE,2,lab_vol_spike,logistic,auc,0.4973,0.47,8000,2026-06-03 01:39:44
A|5s|state|nc2|LLE,5s,state,8,pooled,LLE,2,lab_vol_spike,knn,auc,0.5879,0.47,8000,2026-06-03 01:39:44
A|5s|state|nc2|LLE,5s,state,8,pooled,LLE,2,reg_fwdvol,ridge,r2,0.0016,0.47,8000,2026-06-03 01:39:44
A|5s|state|nc2|LLE,5s,state,8,pooled,LLE,2,reg_fwdvol,knn,r2,0.041,0.47,8000,2026-06-03 01:39:44
A|5s|state|nc2|LLE,5s,state,8,pooled,LLE,2,reg_curvol,ridge,r2,0.0009,0.47,8000,2026-06-03 01:39:44
A|5s|state|nc2|LLE,5s,state,8,pooled,LLE,2,reg_curvol,knn,r2,0.0399,0.47,8000,2026-06-03 01:39:44
A|5s|state|nc2|LLE,5s,state,8,pooled,LLE,2,reg_relspread,ridge,r2,0.0358,0.47,8000,2026-06-03 01:39:44
A|5s|state|nc2|LLE,5s,state,8,pooled,LLE,2,reg_relspread,knn,r2,0.1314,0.47,8000,2026-06-03 01:39:44
A|5s|state|nc2|LLE,5s,state,8,pooled,LLE,2,reg_intraday,ridge,r2,0.0034,0.47,8000,2026-06-03 01:39:44
A|5s|state|nc2|LLE,5s,state,8,pooled,LLE,2,reg_intraday,knn,r2,-0.0275,0.47,8000,2026-06-03 01:39:44
A|5s|state|nc2|UMAP_nn15,5s,state,8,pooled,UMAP_nn15,2,lab_stress,logistic,auc,0.5063,17.97,8000,2026-06-03 01:40:02
A|5s|state|nc2|UMAP_nn15,5s,state,8,pooled,UMAP_nn15,2,lab_stress,knn,auc,0.7072,17.97,8000,2026-06-03 01:40:02
A|5s|state|nc2|UMAP_nn15,5s,state,8,pooled,UMAP_nn15,2,lab_depth_collapse,logistic,auc,0.56,17.97,8000,2026-06-03 01:40:02
A|5s|state|nc2|UMAP_nn15,5s,state,8,pooled,UMAP_nn15,2,lab_depth_collapse,knn,auc,0.7102,17.97,8000,2026-06-03 01:40:02
A|5s|state|nc2|UMAP_nn15,5s,state,8,pooled,UMAP_nn15,2,lab_spread_widen,logistic,auc,0.5638,17.97,8000,2026-06-03 01:40:02
A|5s|state|nc2|UMAP_nn15,5s,state,8,pooled,UMAP_nn15,2,lab_spread_widen,knn,auc,0.7157,17.97,8000,2026-06-03 01:40:02
A|5s|state|nc2|UMAP_nn15,5s,state,8,pooled,UMAP_nn15,2,lab_vol_spike,logistic,auc,0.5532,17.97,8000,2026-06-03 01:40:02
A|5s|state|nc2|UMAP_nn15,5s,state,8,pooled,UMAP_nn15,2,lab_vol_spike,knn,auc,0.7144,17.97,8000,2026-06-03 01:40:02
A|5s|state|nc2|UMAP_nn15,5s,state,8,pooled,UMAP_nn15,2,reg_fwdvol,ridge,r2,0.0504,17.97,8000,2026-06-03 01:40:02
A|5s|state|nc2|UMAP_nn15,5s,state,8,pooled,UMAP_nn15,2,reg_fwdvol,knn,r2,0.2393,17.97,8000,2026-06-03 01:40:02
A|5s|state|nc2|UMAP_nn15,5s,state,8,pooled,UMAP_nn15,2,reg_curvol,ridge,r2,0.0463,17.97,8000,2026-06-03 01:40:02
A|5s|state|nc2|UMAP_nn15,5s,state,8,pooled,UMAP_nn15,2,reg_curvol,knn,r2,0.225,17.97,8000,2026-06-03 01:40:02
A|5s|state|nc2|UMAP_nn15,5s,state,8,pooled,UMAP_nn15,2,reg_relspread,ridge,r2,0.1365,17.97,8000,2026-06-03 01:40:02
A|5s|state|nc2|UMAP_nn15,5s,state,8,pooled,UMAP_nn15,2,reg_relspread,knn,r2,0.7468,17.97,8000,2026-06-03 01:40:02
A|5s|state|nc2|UMAP_nn15,5s,state,8,pooled,UMAP_nn15,2,reg_intraday,ridge,r2,0.0061,17.97,8000,2026-06-03 01:40:02
A|5s|state|nc2|UMAP_nn15,5s,state,8,pooled,UMAP_nn15,2,reg_intraday,knn,r2,0.0291,17.97,8000,2026-06-03 01:40:02
A|5s|state|nc2|UMAP_nn50,5s,state,8,pooled,UMAP_nn50,2,lab_stress,logistic,auc,0.5282,19.31,8000,2026-06-03 01:40:22
A|5s|state|nc2|UMAP_nn50,5s,state,8,pooled,UMAP_nn50,2,lab_stress,knn,auc,0.701,19.31,8000,2026-06-03 01:40:22
A|5s|state|nc2|UMAP_nn50,5s,state,8,pooled,UMAP_nn50,2,lab_depth_collapse,logistic,auc,0.5478,19.31,8000,2026-06-03 01:40:22
A|5s|state|nc2|UMAP_nn50,5s,state,8,pooled,UMAP_nn50,2,lab_depth_collapse,knn,auc,0.6851,19.31,8000,2026-06-03 01:40:22
A|5s|state|nc2|UMAP_nn50,5s,state,8,pooled,UMAP_nn50,2,lab_spread_widen,logistic,auc,0.5085,19.31,8000,2026-06-03 01:40:22
A|5s|state|nc2|UMAP_nn50,5s,state,8,pooled,UMAP_nn50,2,lab_spread_widen,knn,auc,0.707,19.31,8000,2026-06-03 01:40:22
A|5s|state|nc2|UMAP_nn50,5s,state,8,pooled,UMAP_nn50,2,lab_vol_spike,logistic,auc,0.593,19.31,8000,2026-06-03 01:40:22
A|5s|state|nc2|UMAP_nn50,5s,state,8,pooled,UMAP_nn50,2,lab_vol_spike,knn,auc,0.7026,19.31,8000,2026-06-03 01:40:22
A|5s|state|nc2|UMAP_nn50,5s,state,8,pooled,UMAP_nn50,2,reg_fwdvol,ridge,r2,0.0838,19.31,8000,2026-06-03 01:40:22
A|5s|state|nc2|UMAP_nn50,5s,state,8,pooled,UMAP_nn50,2,reg_fwdvol,knn,r2,0.213,19.31,8000,2026-06-03 01:40:22
A|5s|state|nc2|UMAP_nn50,5s,state,8,pooled,UMAP_nn50,2,reg_curvol,ridge,r2,0.0782,19.31,8000,2026-06-03 01:40:22
A|5s|state|nc2|UMAP_nn50,5s,state,8,pooled,UMAP_nn50,2,reg_curvol,knn,r2,0.1956,19.31,8000,2026-06-03 01:40:22
A|5s|state|nc2|UMAP_nn50,5s,state,8,pooled,UMAP_nn50,2,reg_relspread,ridge,r2,0.2714,19.31,8000,2026-06-03 01:40:22
A|5s|state|nc2|UMAP_nn50,5s,state,8,pooled,UMAP_nn50,2,reg_relspread,knn,r2,0.7156,19.31,8000,2026-06-03 01:40:22
A|5s|state|nc2|UMAP_nn50,5s,state,8,pooled,UMAP_nn50,2,reg_intraday,ridge,r2,0.0158,19.31,8000,2026-06-03 01:40:22
A|5s|state|nc2|UMAP_nn50,5s,state,8,pooled,UMAP_nn50,2,reg_intraday,knn,r2,0.0301,19.31,8000,2026-06-03 01:40:22
A|5s|state|nc2|Diffusion_a1.0,5s,state,8,pooled,Diffusion_a1.0,2,lab_stress,logistic,auc,0.5377,1.6,8000,2026-06-03 01:40:23
A|5s|state|nc2|Diffusion_a1.0,5s,state,8,pooled,Diffusion_a1.0,2,lab_stress,knn,auc,0.7237,1.6,8000,2026-06-03 01:40:23
A|5s|state|nc2|Diffusion_a1.0,5s,state,8,pooled,Diffusion_a1.0,2,lab_depth_collapse,logistic,auc,0.5819,1.6,8000,2026-06-03 01:40:23
A|5s|state|nc2|Diffusion_a1.0,5s,state,8,pooled,Diffusion_a1.0,2,lab_depth_collapse,knn,auc,0.717,1.6,8000,2026-06-03 01:40:23
A|5s|state|nc2|Diffusion_a1.0,5s,state,8,pooled,Diffusion_a1.0,2,lab_spread_widen,logistic,auc,0.6994,1.6,8000,2026-06-03 01:40:23
A|5s|state|nc2|Diffusion_a1.0,5s,state,8,pooled,Diffusion_a1.0,2,lab_spread_widen,knn,auc,0.7381,1.6,8000,2026-06-03 01:40:23
A|5s|state|nc2|Diffusion_a1.0,5s,state,8,pooled,Diffusion_a1.0,2,lab_vol_spike,logistic,auc,0.6313,1.6,8000,2026-06-03 01:40:23
A|5s|state|nc2|Diffusion_a1.0,5s,state,8,pooled,Diffusion_a1.0,2,lab_vol_spike,knn,auc,0.7311,1.6,8000,2026-06-03 01:40:23
A|5s|state|nc2|Diffusion_a1.0,5s,state,8,pooled,Diffusion_a1.0,2,reg_fwdvol,ridge,r2,0.1092,1.6,8000,2026-06-03 01:40:23
A|5s|state|nc2|Diffusion_a1.0,5s,state,8,pooled,Diffusion_a1.0,2,reg_fwdvol,knn,r2,0.2686,1.6,8000,2026-06-03 01:40:23
A|5s|state|nc2|Diffusion_a1.0,5s,state,8,pooled,Diffusion_a1.0,2,reg_curvol,ridge,r2,0.0994,1.6,8000,2026-06-03 01:40:23
A|5s|state|nc2|Diffusion_a1.0,5s,state,8,pooled,Diffusion_a1.0,2,reg_curvol,knn,r2,0.2481,1.6,8000,2026-06-03 01:40:23
A|5s|state|nc2|Diffusion_a1.0,5s,state,8,pooled,Diffusion_a1.0,2,reg_relspread,ridge,r2,0.4041,1.6,8000,2026-06-03 01:40:23
A|5s|state|nc2|Diffusion_a1.0,5s,state,8,pooled,Diffusion_a1.0,2,reg_relspread,knn,r2,0.8554,1.6,8000,2026-06-03 01:40:23
A|5s|state|nc2|Diffusion_a1.0,5s,state,8,pooled,Diffusion_a1.0,2,reg_intraday,ridge,r2,0.0492,1.6,8000,2026-06-03 01:40:23
A|5s|state|nc2|Diffusion_a1.0,5s,state,8,pooled,Diffusion_a1.0,2,reg_intraday,knn,r2,0.0399,1.6,8000,2026-06-03 01:40:23
A|5s|state|nc2|Diffusion_a0.5,5s,state,8,pooled,Diffusion_a0.5,2,lab_stress,logistic,auc,0.5323,1.62,8000,2026-06-03 01:40:25
A|5s|state|nc2|Diffusion_a0.5,5s,state,8,pooled,Diffusion_a0.5,2,lab_stress,knn,auc,0.6903,1.62,8000,2026-06-03 01:40:25
A|5s|state|nc2|Diffusion_a0.5,5s,state,8,pooled,Diffusion_a0.5,2,lab_depth_collapse,logistic,auc,0.569,1.62,8000,2026-06-03 01:40:25
A|5s|state|nc2|Diffusion_a0.5,5s,state,8,pooled,Diffusion_a0.5,2,lab_depth_collapse,knn,auc,0.6839,1.62,8000,2026-06-03 01:40:25
A|5s|state|nc2|Diffusion_a0.5,5s,state,8,pooled,Diffusion_a0.5,2,lab_spread_widen,logistic,auc,0.674,1.62,8000,2026-06-03 01:40:25
A|5s|state|nc2|Diffusion_a0.5,5s,state,8,pooled,Diffusion_a0.5,2,lab_spread_widen,knn,auc,0.6972,1.62,8000,2026-06-03 01:40:25
A|5s|state|nc2|Diffusion_a0.5,5s,state,8,pooled,Diffusion_a0.5,2,lab_vol_spike,logistic,auc,0.6165,1.62,8000,2026-06-03 01:40:25
A|5s|state|nc2|Diffusion_a0.5,5s,state,8,pooled,Diffusion_a0.5,2,lab_vol_spike,knn,auc,0.6952,1.62,8000,2026-06-03 01:40:25
A|5s|state|nc2|Diffusion_a0.5,5s,state,8,pooled,Diffusion_a0.5,2,reg_fwdvol,ridge,r2,0.0942,1.62,8000,2026-06-03 01:40:25
A|5s|state|nc2|Diffusion_a0.5,5s,state,8,pooled,Diffusion_a0.5,2,reg_fwdvol,knn,r2,0.2129,1.62,8000,2026-06-03 01:40:25
A|5s|state|nc2|Diffusion_a0.5,5s,state,8,pooled,Diffusion_a0.5,2,reg_curvol,ridge,r2,0.0851,1.62,8000,2026-06-03 01:40:25
A|5s|state|nc2|Diffusion_a0.5,5s,state,8,pooled,Diffusion_a0.5,2,reg_curvol,knn,r2,0.1952,1.62,8000,2026-06-03 01:40:25
A|5s|state|nc2|Diffusion_a0.5,5s,state,8,pooled,Diffusion_a0.5,2,reg_relspread,ridge,r2,0.3453,1.62,8000,2026-06-03 01:40:25
A|5s|state|nc2|Diffusion_a0.5,5s,state,8,pooled,Diffusion_a0.5,2,reg_relspread,knn,r2,0.7256,1.62,8000,2026-06-03 01:40:25
A|5s|state|nc2|Diffusion_a0.5,5s,state,8,pooled,Diffusion_a0.5,2,reg_intraday,ridge,r2,0.0383,1.62,8000,2026-06-03 01:40:25
A|5s|state|nc2|Diffusion_a0.5,5s,state,8,pooled,Diffusion_a0.5,2,reg_intraday,knn,r2,0.0294,1.62,8000,2026-06-03 01:40:25
A|5s|state|nc3|PCA,5s,state,8,pooled,PCA,3,lab_stress,logistic,auc,0.624,0.0,8000,2026-06-03 01:40:25
A|5s|state|nc3|PCA,5s,state,8,pooled,PCA,3,lab_stress,knn,auc,0.7713,0.0,8000,2026-06-03 01:40:25
A|5s|state|nc3|PCA,5s,state,8,pooled,PCA,3,lab_depth_collapse,logistic,auc,0.7011,0.0,8000,2026-06-03 01:40:25
A|5s|state|nc3|PCA,5s,state,8,pooled,PCA,3,lab_depth_collapse,knn,auc,0.7613,0.0,8000,2026-06-03 01:40:25
A|5s|state|nc3|PCA,5s,state,8,pooled,PCA,3,lab_spread_widen,logistic,auc,0.7655,0.0,8000,2026-06-03 01:40:25
A|5s|state|nc3|PCA,5s,state,8,pooled,PCA,3,lab_spread_widen,knn,auc,0.7691,0.0,8000,2026-06-03 01:40:25
A|5s|state|nc3|PCA,5s,state,8,pooled,PCA,3,lab_vol_spike,logistic,auc,0.7305,0.0,8000,2026-06-03 01:40:25
A|5s|state|nc3|PCA,5s,state,8,pooled,PCA,3,lab_vol_spike,knn,auc,0.7727,0.0,8000,2026-06-03 01:40:25
A|5s|state|nc3|PCA,5s,state,8,pooled,PCA,3,reg_fwdvol,ridge,r2,0.1988,0.0,8000,2026-06-03 01:40:25
A|5s|state|nc3|PCA,5s,state,8,pooled,PCA,3,reg_fwdvol,knn,r2,0.3431,0.0,8000,2026-06-03 01:40:25
A|5s|state|nc3|PCA,5s,state,8,pooled,PCA,3,reg_curvol,ridge,r2,0.1826,0.0,8000,2026-06-03 01:40:25
A|5s|state|nc3|PCA,5s,state,8,pooled,PCA,3,reg_curvol,knn,r2,0.3195,0.0,8000,2026-06-03 01:40:25
A|5s|state|nc3|PCA,5s,state,8,pooled,PCA,3,reg_relspread,ridge,r2,0.7159,0.0,8000,2026-06-03 01:40:25
A|5s|state|nc3|PCA,5s,state,8,pooled,PCA,3,reg_relspread,knn,r2,0.9202,0.0,8000,2026-06-03 01:40:25
A|5s|state|nc3|PCA,5s,state,8,pooled,PCA,3,reg_intraday,ridge,r2,0.0606,0.0,8000,2026-06-03 01:40:25
A|5s|state|nc3|PCA,5s,state,8,pooled,PCA,3,reg_intraday,knn,r2,0.0472,0.0,8000,2026-06-03 01:40:25
A|5s|state|nc3|KernelPCA_rbf,5s,state,8,pooled,KernelPCA_rbf,3,lab_stress,logistic,auc,0.6005,0.22,8000,2026-06-03 01:40:26
A|5s|state|nc3|KernelPCA_rbf,5s,state,8,pooled,KernelPCA_rbf,3,lab_stress,knn,auc,0.6996,0.22,8000,2026-06-03 01:40:26
A|5s|state|nc3|KernelPCA_rbf,5s,state,8,pooled,KernelPCA_rbf,3,lab_depth_collapse,logistic,auc,0.5779,0.22,8000,2026-06-03 01:40:26
A|5s|state|nc3|KernelPCA_rbf,5s,state,8,pooled,KernelPCA_rbf,3,lab_depth_collapse,knn,auc,0.7069,0.22,8000,2026-06-03 01:40:26
A|5s|state|nc3|KernelPCA_rbf,5s,state,8,pooled,KernelPCA_rbf,3,lab_spread_widen,logistic,auc,0.5631,0.22,8000,2026-06-03 01:40:26
A|5s|state|nc3|KernelPCA_rbf,5s,state,8,pooled,KernelPCA_rbf,3,lab_spread_widen,knn,auc,0.6024,0.22,8000,2026-06-03 01:40:26
A|5s|state|nc3|KernelPCA_rbf,5s,state,8,pooled,KernelPCA_rbf,3,lab_vol_spike,logistic,auc,0.5904,0.22,8000,2026-06-03 01:40:26
A|5s|state|nc3|KernelPCA_rbf,5s,state,8,pooled,KernelPCA_rbf,3,lab_vol_spike,knn,auc,0.7097,0.22,8000,2026-06-03 01:40:26
A|5s|state|nc3|KernelPCA_rbf,5s,state,8,pooled,KernelPCA_rbf,3,reg_fwdvol,ridge,r2,0.0748,0.22,8000,2026-06-03 01:40:26
A|5s|state|nc3|KernelPCA_rbf,5s,state,8,pooled,KernelPCA_rbf,3,reg_fwdvol,knn,r2,0.2486,0.22,8000,2026-06-03 01:40:26
A|5s|state|nc3|KernelPCA_rbf,5s,state,8,pooled,KernelPCA_rbf,3,reg_curvol,ridge,r2,0.0696,0.22,8000,2026-06-03 01:40:26
A|5s|state|nc3|KernelPCA_rbf,5s,state,8,pooled,KernelPCA_rbf,3,reg_curvol,knn,r2,0.229,0.22,8000,2026-06-03 01:40:26
A|5s|state|nc3|KernelPCA_rbf,5s,state,8,pooled,KernelPCA_rbf,3,reg_relspread,ridge,r2,0.26,0.22,8000,2026-06-03 01:40:26
A|5s|state|nc3|KernelPCA_rbf,5s,state,8,pooled,KernelPCA_rbf,3,reg_relspread,knn,r2,0.5317,0.22,8000,2026-06-03 01:40:26
A|5s|state|nc3|KernelPCA_rbf,5s,state,8,pooled,KernelPCA_rbf,3,reg_intraday,ridge,r2,0.0167,0.22,8000,2026-06-03 01:40:26
A|5s|state|nc3|KernelPCA_rbf,5s,state,8,pooled,KernelPCA_rbf,3,reg_intraday,knn,r2,0.0326,0.22,8000,2026-06-03 01:40:26
A|5s|state|nc3|Isomap_nn10,5s,state,8,pooled,Isomap_nn10,3,lab_stress,logistic,auc,0.6223,1.61,8000,2026-06-03 01:40:28
A|5s|state|nc3|Isomap_nn10,5s,state,8,pooled,Isomap_nn10,3,lab_stress,knn,auc,0.7354,1.61,8000,2026-06-03 01:40:28
A|5s|state|nc3|Isomap_nn10,5s,state,8,pooled,Isomap_nn10,3,lab_depth_collapse,logistic,auc,0.6622,1.61,8000,2026-06-03 01:40:28
A|5s|state|nc3|Isomap_nn10,5s,state,8,pooled,Isomap_nn10,3,lab_depth_collapse,knn,auc,0.722,1.61,8000,2026-06-03 01:40:28
A|5s|state|nc3|Isomap_nn10,5s,state,8,pooled,Isomap_nn10,3,lab_spread_widen,logistic,auc,0.7457,1.61,8000,2026-06-03 01:40:28
A|5s|state|nc3|Isomap_nn10,5s,state,8,pooled,Isomap_nn10,3,lab_spread_widen,knn,auc,0.755,1.61,8000,2026-06-03 01:40:28
A|5s|state|nc3|Isomap_nn10,5s,state,8,pooled,Isomap_nn10,3,lab_vol_spike,logistic,auc,0.7091,1.61,8000,2026-06-03 01:40:28
A|5s|state|nc3|Isomap_nn10,5s,state,8,pooled,Isomap_nn10,3,lab_vol_spike,knn,auc,0.7427,1.61,8000,2026-06-03 01:40:28
A|5s|state|nc3|Isomap_nn10,5s,state,8,pooled,Isomap_nn10,3,reg_fwdvol,ridge,r2,0.1893,1.61,8000,2026-06-03 01:40:28
A|5s|state|nc3|Isomap_nn10,5s,state,8,pooled,Isomap_nn10,3,reg_fwdvol,knn,r2,0.2859,1.61,8000,2026-06-03 01:40:28
A|5s|state|nc3|Isomap_nn10,5s,state,8,pooled,Isomap_nn10,3,reg_curvol,ridge,r2,0.1739,1.61,8000,2026-06-03 01:40:28
A|5s|state|nc3|Isomap_nn10,5s,state,8,pooled,Isomap_nn10,3,reg_curvol,knn,r2,0.2678,1.61,8000,2026-06-03 01:40:28
A|5s|state|nc3|Isomap_nn10,5s,state,8,pooled,Isomap_nn10,3,reg_relspread,ridge,r2,0.6914,1.61,8000,2026-06-03 01:40:28
A|5s|state|nc3|Isomap_nn10,5s,state,8,pooled,Isomap_nn10,3,reg_relspread,knn,r2,0.8392,1.61,8000,2026-06-03 01:40:28
A|5s|state|nc3|Isomap_nn10,5s,state,8,pooled,Isomap_nn10,3,reg_intraday,ridge,r2,0.0492,1.61,8000,2026-06-03 01:40:28
A|5s|state|nc3|Isomap_nn10,5s,state,8,pooled,Isomap_nn10,3,reg_intraday,knn,r2,0.0335,1.61,8000,2026-06-03 01:40:28
A|5s|state|nc3|Isomap_nn30,5s,state,8,pooled,Isomap_nn30,3,lab_stress,logistic,auc,0.6233,2.6,8000,2026-06-03 01:40:31
A|5s|state|nc3|Isomap_nn30,5s,state,8,pooled,Isomap_nn30,3,lab_stress,knn,auc,0.7396,2.6,8000,2026-06-03 01:40:31
A|5s|state|nc3|Isomap_nn30,5s,state,8,pooled,Isomap_nn30,3,lab_depth_collapse,logistic,auc,0.6824,2.6,8000,2026-06-03 01:40:31
A|5s|state|nc3|Isomap_nn30,5s,state,8,pooled,Isomap_nn30,3,lab_depth_collapse,knn,auc,0.7407,2.6,8000,2026-06-03 01:40:31
A|5s|state|nc3|Isomap_nn30,5s,state,8,pooled,Isomap_nn30,3,lab_spread_widen,logistic,auc,0.758,2.6,8000,2026-06-03 01:40:31
A|5s|state|nc3|Isomap_nn30,5s,state,8,pooled,Isomap_nn30,3,lab_spread_widen,knn,auc,0.7554,2.6,8000,2026-06-03 01:40:31
A|5s|state|nc3|Isomap_nn30,5s,state,8,pooled,Isomap_nn30,3,lab_vol_spike,logistic,auc,0.716,2.6,8000,2026-06-03 01:40:31
A|5s|state|nc3|Isomap_nn30,5s,state,8,pooled,Isomap_nn30,3,lab_vol_spike,knn,auc,0.7458,2.6,8000,2026-06-03 01:40:31
A|5s|state|nc3|Isomap_nn30,5s,state,8,pooled,Isomap_nn30,3,reg_fwdvol,ridge,r2,0.1882,2.6,8000,2026-06-03 01:40:31
A|5s|state|nc3|Isomap_nn30,5s,state,8,pooled,Isomap_nn30,3,reg_fwdvol,knn,r2,0.2963,2.6,8000,2026-06-03 01:40:31
A|5s|state|nc3|Isomap_nn30,5s,state,8,pooled,Isomap_nn30,3,reg_curvol,ridge,r2,0.1732,2.6,8000,2026-06-03 01:40:31
A|5s|state|nc3|Isomap_nn30,5s,state,8,pooled,Isomap_nn30,3,reg_curvol,knn,r2,0.2805,2.6,8000,2026-06-03 01:40:31
A|5s|state|nc3|Isomap_nn30,5s,state,8,pooled,Isomap_nn30,3,reg_relspread,ridge,r2,0.7037,2.6,8000,2026-06-03 01:40:31
A|5s|state|nc3|Isomap_nn30,5s,state,8,pooled,Isomap_nn30,3,reg_relspread,knn,r2,0.871,2.6,8000,2026-06-03 01:40:31
A|5s|state|nc3|Isomap_nn30,5s,state,8,pooled,Isomap_nn30,3,reg_intraday,ridge,r2,0.0552,2.6,8000,2026-06-03 01:40:31
A|5s|state|nc3|Isomap_nn30,5s,state,8,pooled,Isomap_nn30,3,reg_intraday,knn,r2,0.033,2.6,8000,2026-06-03 01:40:31
A|5s|state|nc3|LLE,5s,state,8,pooled,LLE,3,lab_stress,logistic,auc,0.5046,0.5,8000,2026-06-03 01:40:32
A|5s|state|nc3|LLE,5s,state,8,pooled,LLE,3,lab_stress,knn,auc,0.7019,0.5,8000,2026-06-03 01:40:32
A|5s|state|nc3|LLE,5s,state,8,pooled,LLE,3,lab_depth_collapse,logistic,auc,0.6428,0.5,8000,2026-06-03 01:40:32
A|5s|state|nc3|LLE,5s,state,8,pooled,LLE,3,lab_depth_collapse,knn,auc,0.7219,0.5,8000,2026-06-03 01:40:32
A|5s|state|nc3|LLE,5s,state,8,pooled,LLE,3,lab_spread_widen,logistic,auc,0.6034,0.5,8000,2026-06-03 01:40:32
A|5s|state|nc3|LLE,5s,state,8,pooled,LLE,3,lab_spread_widen,knn,auc,0.6222,0.5,8000,2026-06-03 01:40:32
A|5s|state|nc3|LLE,5s,state,8,pooled,LLE,3,lab_vol_spike,logistic,auc,0.4884,0.5,8000,2026-06-03 01:40:32
A|5s|state|nc3|LLE,5s,state,8,pooled,LLE,3,lab_vol_spike,knn,auc,0.6726,0.5,8000,2026-06-03 01:40:32
A|5s|state|nc3|LLE,5s,state,8,pooled,LLE,3,reg_fwdvol,ridge,r2,0.0054,0.5,8000,2026-06-03 01:40:32
A|5s|state|nc3|LLE,5s,state,8,pooled,LLE,3,reg_fwdvol,knn,r2,0.1587,0.5,8000,2026-06-03 01:40:32
A|5s|state|nc3|LLE,5s,state,8,pooled,LLE,3,reg_curvol,ridge,r2,0.0053,0.5,8000,2026-06-03 01:40:32
A|5s|state|nc3|LLE,5s,state,8,pooled,LLE,3,reg_curvol,knn,r2,0.1471,0.5,8000,2026-06-03 01:40:32
A|5s|state|nc3|LLE,5s,state,8,pooled,LLE,3,reg_relspread,ridge,r2,0.0354,0.5,8000,2026-06-03 01:40:32
A|5s|state|nc3|LLE,5s,state,8,pooled,LLE,3,reg_relspread,knn,r2,0.3864,0.5,8000,2026-06-03 01:40:32
A|5s|state|nc3|LLE,5s,state,8,pooled,LLE,3,reg_intraday,ridge,r2,0.005,0.5,8000,2026-06-03 01:40:32
A|5s|state|nc3|LLE,5s,state,8,pooled,LLE,3,reg_intraday,knn,r2,0.006,0.5,8000,2026-06-03 01:40:32
A|5s|state|nc3|UMAP_nn15,5s,state,8,pooled,UMAP_nn15,3,lab_stress,logistic,auc,0.53,18.06,8000,2026-06-03 01:40:50
A|5s|state|nc3|UMAP_nn15,5s,state,8,pooled,UMAP_nn15,3,lab_stress,knn,auc,0.7131,18.06,8000,2026-06-03 01:40:50
A|5s|state|nc3|UMAP_nn15,5s,state,8,pooled,UMAP_nn15,3,lab_depth_collapse,logistic,auc,0.5581,18.06,8000,2026-06-03 01:40:50
A|5s|state|nc3|UMAP_nn15,5s,state,8,pooled,UMAP_nn15,3,lab_depth_collapse,knn,auc,0.731,18.06,8000,2026-06-03 01:40:50
A|5s|state|nc3|UMAP_nn15,5s,state,8,pooled,UMAP_nn15,3,lab_spread_widen,logistic,auc,0.5779,18.06,8000,2026-06-03 01:40:50
A|5s|state|nc3|UMAP_nn15,5s,state,8,pooled,UMAP_nn15,3,lab_spread_widen,knn,auc,0.7251,18.06,8000,2026-06-03 01:40:50
A|5s|state|nc3|UMAP_nn15,5s,state,8,pooled,UMAP_nn15,3,lab_vol_spike,logistic,auc,0.5763,18.06,8000,2026-06-03 01:40:50
A|5s|state|nc3|UMAP_nn15,5s,state,8,pooled,UMAP_nn15,3,lab_vol_spike,knn,auc,0.7326,18.06,8000,2026-06-03 01:40:50
A|5s|state|nc3|UMAP_nn15,5s,state,8,pooled,UMAP_nn15,3,reg_fwdvol,ridge,r2,0.0549,18.06,8000,2026-06-03 01:40:50
A|5s|state|nc3|UMAP_nn15,5s,state,8,pooled,UMAP_nn15,3,reg_fwdvol,knn,r2,0.2656,18.06,8000,2026-06-03 01:40:50
A|5s|state|nc3|UMAP_nn15,5s,state,8,pooled,UMAP_nn15,3,reg_curvol,ridge,r2,0.0515,18.06,8000,2026-06-03 01:40:50
A|5s|state|nc3|UMAP_nn15,5s,state,8,pooled,UMAP_nn15,3,reg_curvol,knn,r2,0.2491,18.06,8000,2026-06-03 01:40:50
A|5s|state|nc3|UMAP_nn15,5s,state,8,pooled,UMAP_nn15,3,reg_relspread,ridge,r2,0.1972,18.06,8000,2026-06-03 01:40:50
A|5s|state|nc3|UMAP_nn15,5s,state,8,pooled,UMAP_nn15,3,reg_relspread,knn,r2,0.7853,18.06,8000,2026-06-03 01:40:50
A|5s|state|nc3|UMAP_nn15,5s,state,8,pooled,UMAP_nn15,3,reg_intraday,ridge,r2,0.0213,18.06,8000,2026-06-03 01:40:50
A|5s|state|nc3|UMAP_nn15,5s,state,8,pooled,UMAP_nn15,3,reg_intraday,knn,r2,0.0313,18.06,8000,2026-06-03 01:40:50
A|5s|state|nc3|UMAP_nn50,5s,state,8,pooled,UMAP_nn50,3,lab_stress,logistic,auc,0.5956,19.56,8000,2026-06-03 01:41:10
A|5s|state|nc3|UMAP_nn50,5s,state,8,pooled,UMAP_nn50,3,lab_stress,knn,auc,0.7232,19.56,8000,2026-06-03 01:41:10
A|5s|state|nc3|UMAP_nn50,5s,state,8,pooled,UMAP_nn50,3,lab_depth_collapse,logistic,auc,0.6434,19.56,8000,2026-06-03 01:41:10
A|5s|state|nc3|UMAP_nn50,5s,state,8,pooled,UMAP_nn50,3,lab_depth_collapse,knn,auc,0.7386,19.56,8000,2026-06-03 01:41:10
A|5s|state|nc3|UMAP_nn50,5s,state,8,pooled,UMAP_nn50,3,lab_spread_widen,logistic,auc,0.708,19.56,8000,2026-06-03 01:41:10
A|5s|state|nc3|UMAP_nn50,5s,state,8,pooled,UMAP_nn50,3,lab_spread_widen,knn,auc,0.7303,19.56,8000,2026-06-03 01:41:10
A|5s|state|nc3|UMAP_nn50,5s,state,8,pooled,UMAP_nn50,3,lab_vol_spike,logistic,auc,0.6737,19.56,8000,2026-06-03 01:41:10
A|5s|state|nc3|UMAP_nn50,5s,state,8,pooled,UMAP_nn50,3,lab_vol_spike,knn,auc,0.7266,19.56,8000,2026-06-03 01:41:10
A|5s|state|nc3|UMAP_nn50,5s,state,8,pooled,UMAP_nn50,3,reg_fwdvol,ridge,r2,0.1655,19.56,8000,2026-06-03 01:41:10
A|5s|state|nc3|UMAP_nn50,5s,state,8,pooled,UMAP_nn50,3,reg_fwdvol,knn,r2,0.2674,19.56,8000,2026-06-03 01:41:10
A|5s|state|nc3|UMAP_nn50,5s,state,8,pooled,UMAP_nn50,3,reg_curvol,ridge,r2,0.1559,19.56,8000,2026-06-03 01:41:10
A|5s|state|nc3|UMAP_nn50,5s,state,8,pooled,UMAP_nn50,3,reg_curvol,knn,r2,0.2495,19.56,8000,2026-06-03 01:41:10
A|5s|state|nc3|UMAP_nn50,5s,state,8,pooled,UMAP_nn50,3,reg_relspread,ridge,r2,0.6114,19.56,8000,2026-06-03 01:41:10
A|5s|state|nc3|UMAP_nn50,5s,state,8,pooled,UMAP_nn50,3,reg_relspread,knn,r2,0.8153,19.56,8000,2026-06-03 01:41:10
A|5s|state|nc3|UMAP_nn50,5s,state,8,pooled,UMAP_nn50,3,reg_intraday,ridge,r2,0.0274,19.56,8000,2026-06-03 01:41:10
A|5s|state|nc3|UMAP_nn50,5s,state,8,pooled,UMAP_nn50,3,reg_intraday,knn,r2,0.0334,19.56,8000,2026-06-03 01:41:10
A|5s|state|nc3|Diffusion_a1.0,5s,state,8,pooled,Diffusion_a1.0,3,lab_stress,logistic,auc,0.5371,1.65,8000,2026-06-03 01:41:12
A|5s|state|nc3|Diffusion_a1.0,5s,state,8,pooled,Diffusion_a1.0,3,lab_stress,knn,auc,0.6971,1.65,8000,2026-06-03 01:41:12
A|5s|state|nc3|Diffusion_a1.0,5s,state,8,pooled,Diffusion_a1.0,3,lab_depth_collapse,logistic,auc,0.5872,1.65,8000,2026-06-03 01:41:12
A|5s|state|nc3|Diffusion_a1.0,5s,state,8,pooled,Diffusion_a1.0,3,lab_depth_collapse,knn,auc,0.7035,1.65,8000,2026-06-03 01:41:12
A|5s|state|nc3|Diffusion_a1.0,5s,state,8,pooled,Diffusion_a1.0,3,lab_spread_widen,logistic,auc,0.6827,1.65,8000,2026-06-03 01:41:12
A|5s|state|nc3|Diffusion_a1.0,5s,state,8,pooled,Diffusion_a1.0,3,lab_spread_widen,knn,auc,0.6997,1.65,8000,2026-06-03 01:41:12
A|5s|state|nc3|Diffusion_a1.0,5s,state,8,pooled,Diffusion_a1.0,3,lab_vol_spike,logistic,auc,0.632,1.65,8000,2026-06-03 01:41:12
A|5s|state|nc3|Diffusion_a1.0,5s,state,8,pooled,Diffusion_a1.0,3,lab_vol_spike,knn,auc,0.704,1.65,8000,2026-06-03 01:41:12
A|5s|state|nc3|Diffusion_a1.0,5s,state,8,pooled,Diffusion_a1.0,3,reg_fwdvol,ridge,r2,0.1088,1.65,8000,2026-06-03 01:41:12
A|5s|state|nc3|Diffusion_a1.0,5s,state,8,pooled,Diffusion_a1.0,3,reg_fwdvol,knn,r2,0.2109,1.65,8000,2026-06-03 01:41:12
A|5s|state|nc3|Diffusion_a1.0,5s,state,8,pooled,Diffusion_a1.0,3,reg_curvol,ridge,r2,0.0993,1.65,8000,2026-06-03 01:41:12
A|5s|state|nc3|Diffusion_a1.0,5s,state,8,pooled,Diffusion_a1.0,3,reg_curvol,knn,r2,0.1952,1.65,8000,2026-06-03 01:41:12
A|5s|state|nc3|Diffusion_a1.0,5s,state,8,pooled,Diffusion_a1.0,3,reg_relspread,ridge,r2,0.4043,1.65,8000,2026-06-03 01:41:12
A|5s|state|nc3|Diffusion_a1.0,5s,state,8,pooled,Diffusion_a1.0,3,reg_relspread,knn,r2,0.7137,1.65,8000,2026-06-03 01:41:12
A|5s|state|nc3|Diffusion_a1.0,5s,state,8,pooled,Diffusion_a1.0,3,reg_intraday,ridge,r2,0.0483,1.65,8000,2026-06-03 01:41:12
A|5s|state|nc3|Diffusion_a1.0,5s,state,8,pooled,Diffusion_a1.0,3,reg_intraday,knn,r2,0.04,1.65,8000,2026-06-03 01:41:12
A|5s|state|nc3|Diffusion_a0.5,5s,state,8,pooled,Diffusion_a0.5,3,lab_stress,logistic,auc,0.5292,1.64,8000,2026-06-03 01:41:14
A|5s|state|nc3|Diffusion_a0.5,5s,state,8,pooled,Diffusion_a0.5,3,lab_stress,knn,auc,0.6905,1.64,8000,2026-06-03 01:41:14
A|5s|state|nc3|Diffusion_a0.5,5s,state,8,pooled,Diffusion_a0.5,3,lab_depth_collapse,logistic,auc,0.614,1.64,8000,2026-06-03 01:41:14
A|5s|state|nc3|Diffusion_a0.5,5s,state,8,pooled,Diffusion_a0.5,3,lab_depth_collapse,knn,auc,0.6783,1.64,8000,2026-06-03 01:41:14
A|5s|state|nc3|Diffusion_a0.5,5s,state,8,pooled,Diffusion_a0.5,3,lab_spread_widen,logistic,auc,0.6886,1.64,8000,2026-06-03 01:41:14
A|5s|state|nc3|Diffusion_a0.5,5s,state,8,pooled,Diffusion_a0.5,3,lab_spread_widen,knn,auc,0.6777,1.64,8000,2026-06-03 01:41:14
A|5s|state|nc3|Diffusion_a0.5,5s,state,8,pooled,Diffusion_a0.5,3,lab_vol_spike,logistic,auc,0.6652,1.64,8000,2026-06-03 01:41:14
A|5s|state|nc3|Diffusion_a0.5,5s,state,8,pooled,Diffusion_a0.5,3,lab_vol_spike,knn,auc,0.698,1.64,8000,2026-06-03 01:41:14
A|5s|state|nc3|Diffusion_a0.5,5s,state,8,pooled,Diffusion_a0.5,3,reg_fwdvol,ridge,r2,0.0987,1.64,8000,2026-06-03 01:41:14
A|5s|state|nc3|Diffusion_a0.5,5s,state,8,pooled,Diffusion_a0.5,3,reg_fwdvol,knn,r2,0.2178,1.64,8000,2026-06-03 01:41:14
A|5s|state|nc3|Diffusion_a0.5,5s,state,8,pooled,Diffusion_a0.5,3,reg_curvol,ridge,r2,0.0897,1.64,8000,2026-06-03 01:41:14
A|5s|state|nc3|Diffusion_a0.5,5s,state,8,pooled,Diffusion_a0.5,3,reg_curvol,knn,r2,0.1991,1.64,8000,2026-06-03 01:41:14
A|5s|state|nc3|Diffusion_a0.5,5s,state,8,pooled,Diffusion_a0.5,3,reg_relspread,ridge,r2,0.3616,1.64,8000,2026-06-03 01:41:14
A|5s|state|nc3|Diffusion_a0.5,5s,state,8,pooled,Diffusion_a0.5,3,reg_relspread,knn,r2,0.6661,1.64,8000,2026-06-03 01:41:14
A|5s|state|nc3|Diffusion_a0.5,5s,state,8,pooled,Diffusion_a0.5,3,reg_intraday,ridge,r2,0.047,1.64,8000,2026-06-03 01:41:14
A|5s|state|nc3|Diffusion_a0.5,5s,state,8,pooled,Diffusion_a0.5,3,reg_intraday,knn,r2,0.0261,1.64,8000,2026-06-03 01:41:14
A|5s|state|nc5|PCA,5s,state,8,pooled,PCA,5,lab_stress,logistic,auc,0.6168,0.0,8000,2026-06-03 01:41:14
A|5s|state|nc5|PCA,5s,state,8,pooled,PCA,5,lab_stress,knn,auc,0.7566,0.0,8000,2026-06-03 01:41:14
A|5s|state|nc5|PCA,5s,state,8,pooled,PCA,5,lab_depth_collapse,logistic,auc,0.7231,0.0,8000,2026-06-03 01:41:14
A|5s|state|nc5|PCA,5s,state,8,pooled,PCA,5,lab_depth_collapse,knn,auc,0.7903,0.0,8000,2026-06-03 01:41:14
A|5s|state|nc5|PCA,5s,state,8,pooled,PCA,5,lab_spread_widen,logistic,auc,0.7677,0.0,8000,2026-06-03 01:41:14
A|5s|state|nc5|PCA,5s,state,8,pooled,PCA,5,lab_spread_widen,knn,auc,0.7609,0.0,8000,2026-06-03 01:41:14
A|5s|state|nc5|PCA,5s,state,8,pooled,PCA,5,lab_vol_spike,logistic,auc,0.7354,0.0,8000,2026-06-03 01:41:14
A|5s|state|nc5|PCA,5s,state,8,pooled,PCA,5,lab_vol_spike,knn,auc,0.7448,0.0,8000,2026-06-03 01:41:14
A|5s|state|nc5|PCA,5s,state,8,pooled,PCA,5,reg_fwdvol,ridge,r2,0.2065,0.0,8000,2026-06-03 01:41:14
A|5s|state|nc5|PCA,5s,state,8,pooled,PCA,5,reg_fwdvol,knn,r2,0.3004,0.0,8000,2026-06-03 01:41:14
A|5s|state|nc5|PCA,5s,state,8,pooled,PCA,5,reg_curvol,ridge,r2,0.1896,0.0,8000,2026-06-03 01:41:14
A|5s|state|nc5|PCA,5s,state,8,pooled,PCA,5,reg_curvol,knn,r2,0.2824,0.0,8000,2026-06-03 01:41:14
A|5s|state|nc5|PCA,5s,state,8,pooled,PCA,5,reg_relspread,ridge,r2,0.7167,0.0,8000,2026-06-03 01:41:14
A|5s|state|nc5|PCA,5s,state,8,pooled,PCA,5,reg_relspread,knn,r2,0.8655,0.0,8000,2026-06-03 01:41:14
A|5s|state|nc5|PCA,5s,state,8,pooled,PCA,5,reg_intraday,ridge,r2,0.0706,0.0,8000,2026-06-03 01:41:14
A|5s|state|nc5|PCA,5s,state,8,pooled,PCA,5,reg_intraday,knn,r2,0.0508,0.0,8000,2026-06-03 01:41:14
A|5s|state|nc5|KernelPCA_rbf,5s,state,8,pooled,KernelPCA_rbf,5,lab_stress,logistic,auc,0.6708,0.2,8000,2026-06-03 01:41:15
A|5s|state|nc5|KernelPCA_rbf,5s,state,8,pooled,KernelPCA_rbf,5,lab_stress,knn,auc,0.7657,0.2,8000,2026-06-03 01:41:15
A|5s|state|nc5|KernelPCA_rbf,5s,state,8,pooled,KernelPCA_rbf,5,lab_depth_collapse,logistic,auc,0.6733,0.2,8000,2026-06-03 01:41:15
A|5s|state|nc5|KernelPCA_rbf,5s,state,8,pooled,KernelPCA_rbf,5,lab_depth_collapse,knn,auc,0.7601,0.2,8000,2026-06-03 01:41:15
A|5s|state|nc5|KernelPCA_rbf,5s,state,8,pooled,KernelPCA_rbf,5,lab_spread_widen,logistic,auc,0.7554,0.2,8000,2026-06-03 01:41:15
A|5s|state|nc5|KernelPCA_rbf,5s,state,8,pooled,KernelPCA_rbf,5,lab_spread_widen,knn,auc,0.7658,0.2,8000,2026-06-03 01:41:15
A|5s|state|nc5|KernelPCA_rbf,5s,state,8,pooled,KernelPCA_rbf,5,lab_vol_spike,logistic,auc,0.7309,0.2,8000,2026-06-03 01:41:15
A|5s|state|nc5|KernelPCA_rbf,5s,state,8,pooled,KernelPCA_rbf,5,lab_vol_spike,knn,auc,0.7702,0.2,8000,2026-06-03 01:41:15
A|5s|state|nc5|KernelPCA_rbf,5s,state,8,pooled,KernelPCA_rbf,5,reg_fwdvol,ridge,r2,0.2025,0.2,8000,2026-06-03 01:41:15
A|5s|state|nc5|KernelPCA_rbf,5s,state,8,pooled,KernelPCA_rbf,5,reg_fwdvol,knn,r2,0.3474,0.2,8000,2026-06-03 01:41:15
A|5s|state|nc5|KernelPCA_rbf,5s,state,8,pooled,KernelPCA_rbf,5,reg_curvol,ridge,r2,0.1915,0.2,8000,2026-06-03 01:41:15
A|5s|state|nc5|KernelPCA_rbf,5s,state,8,pooled,KernelPCA_rbf,5,reg_curvol,knn,r2,0.326,0.2,8000,2026-06-03 01:41:15
A|5s|state|nc5|KernelPCA_rbf,5s,state,8,pooled,KernelPCA_rbf,5,reg_relspread,ridge,r2,0.6988,0.2,8000,2026-06-03 01:41:15
A|5s|state|nc5|KernelPCA_rbf,5s,state,8,pooled,KernelPCA_rbf,5,reg_relspread,knn,r2,0.8801,0.2,8000,2026-06-03 01:41:15
A|5s|state|nc5|KernelPCA_rbf,5s,state,8,pooled,KernelPCA_rbf,5,reg_intraday,ridge,r2,0.0334,0.2,8000,2026-06-03 01:41:15
A|5s|state|nc5|KernelPCA_rbf,5s,state,8,pooled,KernelPCA_rbf,5,reg_intraday,knn,r2,0.0408,0.2,8000,2026-06-03 01:41:15
A|5s|state|nc5|Isomap_nn10,5s,state,8,pooled,Isomap_nn10,5,lab_stress,logistic,auc,0.622,1.61,8000,2026-06-03 01:41:17
A|5s|state|nc5|Isomap_nn10,5s,state,8,pooled,Isomap_nn10,5,lab_stress,knn,auc,0.7568,1.61,8000,2026-06-03 01:41:17
A|5s|state|nc5|Isomap_nn10,5s,state,8,pooled,Isomap_nn10,5,lab_depth_collapse,logistic,auc,0.7036,1.61,8000,2026-06-03 01:41:17
A|5s|state|nc5|Isomap_nn10,5s,state,8,pooled,Isomap_nn10,5,lab_depth_collapse,knn,auc,0.7754,1.61,8000,2026-06-03 01:41:17
A|5s|state|nc5|Isomap_nn10,5s,state,8,pooled,Isomap_nn10,5,lab_spread_widen,logistic,auc,0.7452,1.61,8000,2026-06-03 01:41:17
A|5s|state|nc5|Isomap_nn10,5s,state,8,pooled,Isomap_nn10,5,lab_spread_widen,knn,auc,0.7523,1.61,8000,2026-06-03 01:41:17
A|5s|state|nc5|Isomap_nn10,5s,state,8,pooled,Isomap_nn10,5,lab_vol_spike,logistic,auc,0.7182,1.61,8000,2026-06-03 01:41:17
A|5s|state|nc5|Isomap_nn10,5s,state,8,pooled,Isomap_nn10,5,lab_vol_spike,knn,auc,0.7619,1.61,8000,2026-06-03 01:41:17
A|5s|state|nc5|Isomap_nn10,5s,state,8,pooled,Isomap_nn10,5,reg_fwdvol,ridge,r2,0.1946,1.61,8000,2026-06-03 01:41:17
A|5s|state|nc5|Isomap_nn10,5s,state,8,pooled,Isomap_nn10,5,reg_fwdvol,knn,r2,0.3181,1.61,8000,2026-06-03 01:41:17
A|5s|state|nc5|Isomap_nn10,5s,state,8,pooled,Isomap_nn10,5,reg_curvol,ridge,r2,0.1785,1.61,8000,2026-06-03 01:41:17
A|5s|state|nc5|Isomap_nn10,5s,state,8,pooled,Isomap_nn10,5,reg_curvol,knn,r2,0.2968,1.61,8000,2026-06-03 01:41:17
A|5s|state|nc5|Isomap_nn10,5s,state,8,pooled,Isomap_nn10,5,reg_relspread,ridge,r2,0.6979,1.61,8000,2026-06-03 01:41:17
A|5s|state|nc5|Isomap_nn10,5s,state,8,pooled,Isomap_nn10,5,reg_relspread,knn,r2,0.8533,1.61,8000,2026-06-03 01:41:17
A|5s|state|nc5|Isomap_nn10,5s,state,8,pooled,Isomap_nn10,5,reg_intraday,ridge,r2,0.0571,1.61,8000,2026-06-03 01:41:17
A|5s|state|nc5|Isomap_nn10,5s,state,8,pooled,Isomap_nn10,5,reg_intraday,knn,r2,0.0489,1.61,8000,2026-06-03 01:41:17
A|5s|state|nc5|Isomap_nn30,5s,state,8,pooled,Isomap_nn30,5,lab_stress,logistic,auc,0.6198,2.58,8000,2026-06-03 01:41:20
A|5s|state|nc5|Isomap_nn30,5s,state,8,pooled,Isomap_nn30,5,lab_stress,knn,auc,0.7621,2.58,8000,2026-06-03 01:41:20
A|5s|state|nc5|Isomap_nn30,5s,state,8,pooled,Isomap_nn30,5,lab_depth_collapse,logistic,auc,0.7047,2.58,8000,2026-06-03 01:41:20
A|5s|state|nc5|Isomap_nn30,5s,state,8,pooled,Isomap_nn30,5,lab_depth_collapse,knn,auc,0.7864,2.58,8000,2026-06-03 01:41:20
A|5s|state|nc5|Isomap_nn30,5s,state,8,pooled,Isomap_nn30,5,lab_spread_widen,logistic,auc,0.7585,2.58,8000,2026-06-03 01:41:20
A|5s|state|nc5|Isomap_nn30,5s,state,8,pooled,Isomap_nn30,5,lab_spread_widen,knn,auc,0.757,2.58,8000,2026-06-03 01:41:20
A|5s|state|nc5|Isomap_nn30,5s,state,8,pooled,Isomap_nn30,5,lab_vol_spike,logistic,auc,0.7169,2.58,8000,2026-06-03 01:41:20
A|5s|state|nc5|Isomap_nn30,5s,state,8,pooled,Isomap_nn30,5,lab_vol_spike,knn,auc,0.7519,2.58,8000,2026-06-03 01:41:20
A|5s|state|nc5|Isomap_nn30,5s,state,8,pooled,Isomap_nn30,5,reg_fwdvol,ridge,r2,0.188,2.58,8000,2026-06-03 01:41:20
A|5s|state|nc5|Isomap_nn30,5s,state,8,pooled,Isomap_nn30,5,reg_fwdvol,knn,r2,0.3069,2.58,8000,2026-06-03 01:41:20
A|5s|state|nc5|Isomap_nn30,5s,state,8,pooled,Isomap_nn30,5,reg_curvol,ridge,r2,0.173,2.58,8000,2026-06-03 01:41:20
A|5s|state|nc5|Isomap_nn30,5s,state,8,pooled,Isomap_nn30,5,reg_curvol,knn,r2,0.283,2.58,8000,2026-06-03 01:41:20
A|5s|state|nc5|Isomap_nn30,5s,state,8,pooled,Isomap_nn30,5,reg_relspread,ridge,r2,0.7083,2.58,8000,2026-06-03 01:41:20
A|5s|state|nc5|Isomap_nn30,5s,state,8,pooled,Isomap_nn30,5,reg_relspread,knn,r2,0.8629,2.58,8000,2026-06-03 01:41:20
A|5s|state|nc5|Isomap_nn30,5s,state,8,pooled,Isomap_nn30,5,reg_intraday,ridge,r2,0.0632,2.58,8000,2026-06-03 01:41:20
A|5s|state|nc5|Isomap_nn30,5s,state,8,pooled,Isomap_nn30,5,reg_intraday,knn,r2,0.0454,2.58,8000,2026-06-03 01:41:20
A|5s|state|nc5|LLE,5s,state,8,pooled,LLE,5,lab_stress,logistic,auc,0.5745,0.48,8000,2026-06-03 01:41:21
A|5s|state|nc5|LLE,5s,state,8,pooled,LLE,5,lab_stress,knn,auc,0.7666,0.48,8000,2026-06-03 01:41:21
A|5s|state|nc5|LLE,5s,state,8,pooled,LLE,5,lab_depth_collapse,logistic,auc,0.6744,0.48,8000,2026-06-03 01:41:21
A|5s|state|nc5|LLE,5s,state,8,pooled,LLE,5,lab_depth_collapse,knn,auc,0.7743,0.48,8000,2026-06-03 01:41:21
A|5s|state|nc5|LLE,5s,state,8,pooled,LLE,5,lab_spread_widen,logistic,auc,0.7306,0.48,8000,2026-06-03 01:41:21
A|5s|state|nc5|LLE,5s,state,8,pooled,LLE,5,lab_spread_widen,knn,auc,0.7477,0.48,8000,2026-06-03 01:41:21
A|5s|state|nc5|LLE,5s,state,8,pooled,LLE,5,lab_vol_spike,logistic,auc,0.7141,0.48,8000,2026-06-03 01:41:21
A|5s|state|nc5|LLE,5s,state,8,pooled,LLE,5,lab_vol_spike,knn,auc,0.7772,0.48,8000,2026-06-03 01:41:21
A|5s|state|nc5|LLE,5s,state,8,pooled,LLE,5,reg_fwdvol,ridge,r2,0.1896,0.48,8000,2026-06-03 01:41:21
A|5s|state|nc5|LLE,5s,state,8,pooled,LLE,5,reg_fwdvol,knn,r2,0.3463,0.48,8000,2026-06-03 01:41:21
A|5s|state|nc5|LLE,5s,state,8,pooled,LLE,5,reg_curvol,ridge,r2,0.1755,0.48,8000,2026-06-03 01:41:21
A|5s|state|nc5|LLE,5s,state,8,pooled,LLE,5,reg_curvol,knn,r2,0.3289,0.48,8000,2026-06-03 01:41:21
A|5s|state|nc5|LLE,5s,state,8,pooled,LLE,5,reg_relspread,ridge,r2,0.6224,0.48,8000,2026-06-03 01:41:21
A|5s|state|nc5|LLE,5s,state,8,pooled,LLE,5,reg_relspread,knn,r2,0.8518,0.48,8000,2026-06-03 01:41:21
A|5s|state|nc5|LLE,5s,state,8,pooled,LLE,5,reg_intraday,ridge,r2,0.0527,0.48,8000,2026-06-03 01:41:21
A|5s|state|nc5|LLE,5s,state,8,pooled,LLE,5,reg_intraday,knn,r2,0.0449,0.48,8000,2026-06-03 01:41:21
A|5s|state|nc5|UMAP_nn15,5s,state,8,pooled,UMAP_nn15,5,lab_stress,logistic,auc,0.5777,17.85,8000,2026-06-03 01:41:39
A|5s|state|nc5|UMAP_nn15,5s,state,8,pooled,UMAP_nn15,5,lab_stress,knn,auc,0.7275,17.85,8000,2026-06-03 01:41:39
A|5s|state|nc5|UMAP_nn15,5s,state,8,pooled,UMAP_nn15,5,lab_depth_collapse,logistic,auc,0.6494,17.85,8000,2026-06-03 01:41:39
A|5s|state|nc5|UMAP_nn15,5s,state,8,pooled,UMAP_nn15,5,lab_depth_collapse,knn,auc,0.7428,17.85,8000,2026-06-03 01:41:39
A|5s|state|nc5|UMAP_nn15,5s,state,8,pooled,UMAP_nn15,5,lab_spread_widen,logistic,auc,0.6939,17.85,8000,2026-06-03 01:41:39
A|5s|state|nc5|UMAP_nn15,5s,state,8,pooled,UMAP_nn15,5,lab_spread_widen,knn,auc,0.7309,17.85,8000,2026-06-03 01:41:39
A|5s|state|nc5|UMAP_nn15,5s,state,8,pooled,UMAP_nn15,5,lab_vol_spike,logistic,auc,0.6695,17.85,8000,2026-06-03 01:41:39
A|5s|state|nc5|UMAP_nn15,5s,state,8,pooled,UMAP_nn15,5,lab_vol_spike,knn,auc,0.7446,17.85,8000,2026-06-03 01:41:39
A|5s|state|nc5|UMAP_nn15,5s,state,8,pooled,UMAP_nn15,5,reg_fwdvol,ridge,r2,0.1699,17.85,8000,2026-06-03 01:41:39
A|5s|state|nc5|UMAP_nn15,5s,state,8,pooled,UMAP_nn15,5,reg_fwdvol,knn,r2,0.2858,17.85,8000,2026-06-03 01:41:39
A|5s|state|nc5|UMAP_nn15,5s,state,8,pooled,UMAP_nn15,5,reg_curvol,ridge,r2,0.1595,17.85,8000,2026-06-03 01:41:39
A|5s|state|nc5|UMAP_nn15,5s,state,8,pooled,UMAP_nn15,5,reg_curvol,knn,r2,0.2668,17.85,8000,2026-06-03 01:41:39
A|5s|state|nc5|UMAP_nn15,5s,state,8,pooled,UMAP_nn15,5,reg_relspread,ridge,r2,0.5863,17.85,8000,2026-06-03 01:41:39
A|5s|state|nc5|UMAP_nn15,5s,state,8,pooled,UMAP_nn15,5,reg_relspread,knn,r2,0.8084,17.85,8000,2026-06-03 01:41:39
A|5s|state|nc5|UMAP_nn15,5s,state,8,pooled,UMAP_nn15,5,reg_intraday,ridge,r2,0.0273,17.85,8000,2026-06-03 01:41:39
A|5s|state|nc5|UMAP_nn15,5s,state,8,pooled,UMAP_nn15,5,reg_intraday,knn,r2,0.0387,17.85,8000,2026-06-03 01:41:39
A|5s|state|nc5|UMAP_nn50,5s,state,8,pooled,UMAP_nn50,5,lab_stress,logistic,auc,0.6115,19.35,8000,2026-06-03 01:41:59
A|5s|state|nc5|UMAP_nn50,5s,state,8,pooled,UMAP_nn50,5,lab_stress,knn,auc,0.7279,19.35,8000,2026-06-03 01:41:59
A|5s|state|nc5|UMAP_nn50,5s,state,8,pooled,UMAP_nn50,5,lab_depth_collapse,logistic,auc,0.6723,19.35,8000,2026-06-03 01:41:59
A|5s|state|nc5|UMAP_nn50,5s,state,8,pooled,UMAP_nn50,5,lab_depth_collapse,knn,auc,0.7418,19.35,8000,2026-06-03 01:41:59
A|5s|state|nc5|UMAP_nn50,5s,state,8,pooled,UMAP_nn50,5,lab_spread_widen,logistic,auc,0.7122,19.35,8000,2026-06-03 01:41:59
A|5s|state|nc5|UMAP_nn50,5s,state,8,pooled,UMAP_nn50,5,lab_spread_widen,knn,auc,0.7345,19.35,8000,2026-06-03 01:41:59
A|5s|state|nc5|UMAP_nn50,5s,state,8,pooled,UMAP_nn50,5,lab_vol_spike,logistic,auc,0.6921,19.35,8000,2026-06-03 01:41:59
A|5s|state|nc5|UMAP_nn50,5s,state,8,pooled,UMAP_nn50,5,lab_vol_spike,knn,auc,0.7378,19.35,8000,2026-06-03 01:41:59
A|5s|state|nc5|UMAP_nn50,5s,state,8,pooled,UMAP_nn50,5,reg_fwdvol,ridge,r2,0.1953,19.35,8000,2026-06-03 01:41:59
A|5s|state|nc5|UMAP_nn50,5s,state,8,pooled,UMAP_nn50,5,reg_fwdvol,knn,r2,0.2763,19.35,8000,2026-06-03 01:41:59
A|5s|state|nc5|UMAP_nn50,5s,state,8,pooled,UMAP_nn50,5,reg_curvol,ridge,r2,0.184,19.35,8000,2026-06-03 01:41:59
A|5s|state|nc5|UMAP_nn50,5s,state,8,pooled,UMAP_nn50,5,reg_curvol,knn,r2,0.2573,19.35,8000,2026-06-03 01:41:59
A|5s|state|nc5|UMAP_nn50,5s,state,8,pooled,UMAP_nn50,5,reg_relspread,ridge,r2,0.6942,19.35,8000,2026-06-03 01:41:59
A|5s|state|nc5|UMAP_nn50,5s,state,8,pooled,UMAP_nn50,5,reg_relspread,knn,r2,0.8267,19.35,8000,2026-06-03 01:41:59
A|5s|state|nc5|UMAP_nn50,5s,state,8,pooled,UMAP_nn50,5,reg_intraday,ridge,r2,0.0321,19.35,8000,2026-06-03 01:41:59
A|5s|state|nc5|UMAP_nn50,5s,state,8,pooled,UMAP_nn50,5,reg_intraday,knn,r2,0.0338,19.35,8000,2026-06-03 01:41:59
A|5s|state|nc5|Diffusion_a1.0,5s,state,8,pooled,Diffusion_a1.0,5,lab_stress,logistic,auc,0.5446,1.6,8000,2026-06-03 01:42:01
A|5s|state|nc5|Diffusion_a1.0,5s,state,8,pooled,Diffusion_a1.0,5,lab_stress,knn,auc,0.7074,1.6,8000,2026-06-03 01:42:01
A|5s|state|nc5|Diffusion_a1.0,5s,state,8,pooled,Diffusion_a1.0,5,lab_depth_collapse,logistic,auc,0.6303,1.6,8000,2026-06-03 01:42:01
A|5s|state|nc5|Diffusion_a1.0,5s,state,8,pooled,Diffusion_a1.0,5,lab_depth_collapse,knn,auc,0.7158,1.6,8000,2026-06-03 01:42:01
A|5s|state|nc5|Diffusion_a1.0,5s,state,8,pooled,Diffusion_a1.0,5,lab_spread_widen,logistic,auc,0.7188,1.6,8000,2026-06-03 01:42:01
A|5s|state|nc5|Diffusion_a1.0,5s,state,8,pooled,Diffusion_a1.0,5,lab_spread_widen,knn,auc,0.7263,1.6,8000,2026-06-03 01:42:01
A|5s|state|nc5|Diffusion_a1.0,5s,state,8,pooled,Diffusion_a1.0,5,lab_vol_spike,logistic,auc,0.6743,1.6,8000,2026-06-03 01:42:01
A|5s|state|nc5|Diffusion_a1.0,5s,state,8,pooled,Diffusion_a1.0,5,lab_vol_spike,knn,auc,0.7094,1.6,8000,2026-06-03 01:42:01
A|5s|state|nc5|Diffusion_a1.0,5s,state,8,pooled,Diffusion_a1.0,5,reg_fwdvol,ridge,r2,0.1148,1.6,8000,2026-06-03 01:42:01
A|5s|state|nc5|Diffusion_a1.0,5s,state,8,pooled,Diffusion_a1.0,5,reg_fwdvol,knn,r2,0.2211,1.6,8000,2026-06-03 01:42:01
A|5s|state|nc5|Diffusion_a1.0,5s,state,8,pooled,Diffusion_a1.0,5,reg_curvol,ridge,r2,0.106,1.6,8000,2026-06-03 01:42:01
A|5s|state|nc5|Diffusion_a1.0,5s,state,8,pooled,Diffusion_a1.0,5,reg_curvol,knn,r2,0.2042,1.6,8000,2026-06-03 01:42:01
A|5s|state|nc5|Diffusion_a1.0,5s,state,8,pooled,Diffusion_a1.0,5,reg_relspread,ridge,r2,0.4266,1.6,8000,2026-06-03 01:42:01
A|5s|state|nc5|Diffusion_a1.0,5s,state,8,pooled,Diffusion_a1.0,5,reg_relspread,knn,r2,0.7347,1.6,8000,2026-06-03 01:42:01
A|5s|state|nc5|Diffusion_a1.0,5s,state,8,pooled,Diffusion_a1.0,5,reg_intraday,ridge,r2,0.0555,1.6,8000,2026-06-03 01:42:01
A|5s|state|nc5|Diffusion_a1.0,5s,state,8,pooled,Diffusion_a1.0,5,reg_intraday,knn,r2,0.0403,1.6,8000,2026-06-03 01:42:01
A|5s|state|nc5|Diffusion_a0.5,5s,state,8,pooled,Diffusion_a0.5,5,lab_stress,logistic,auc,0.5291,1.61,8000,2026-06-03 01:42:03
A|5s|state|nc5|Diffusion_a0.5,5s,state,8,pooled,Diffusion_a0.5,5,lab_stress,knn,auc,0.7077,1.61,8000,2026-06-03 01:42:03
A|5s|state|nc5|Diffusion_a0.5,5s,state,8,pooled,Diffusion_a0.5,5,lab_depth_collapse,logistic,auc,0.6185,1.61,8000,2026-06-03 01:42:03
A|5s|state|nc5|Diffusion_a0.5,5s,state,8,pooled,Diffusion_a0.5,5,lab_depth_collapse,knn,auc,0.7165,1.61,8000,2026-06-03 01:42:03
A|5s|state|nc5|Diffusion_a0.5,5s,state,8,pooled,Diffusion_a0.5,5,lab_spread_widen,logistic,auc,0.7119,1.61,8000,2026-06-03 01:42:03
A|5s|state|nc5|Diffusion_a0.5,5s,state,8,pooled,Diffusion_a0.5,5,lab_spread_widen,knn,auc,0.7303,1.61,8000,2026-06-03 01:42:03
A|5s|state|nc5|Diffusion_a0.5,5s,state,8,pooled,Diffusion_a0.5,5,lab_vol_spike,logistic,auc,0.6601,1.61,8000,2026-06-03 01:42:03
A|5s|state|nc5|Diffusion_a0.5,5s,state,8,pooled,Diffusion_a0.5,5,lab_vol_spike,knn,auc,0.7104,1.61,8000,2026-06-03 01:42:03
A|5s|state|nc5|Diffusion_a0.5,5s,state,8,pooled,Diffusion_a0.5,5,reg_fwdvol,ridge,r2,0.0992,1.61,8000,2026-06-03 01:42:03
A|5s|state|nc5|Diffusion_a0.5,5s,state,8,pooled,Diffusion_a0.5,5,reg_fwdvol,knn,r2,0.2232,1.61,8000,2026-06-03 01:42:03
A|5s|state|nc5|Diffusion_a0.5,5s,state,8,pooled,Diffusion_a0.5,5,reg_curvol,ridge,r2,0.0898,1.61,8000,2026-06-03 01:42:03
A|5s|state|nc5|Diffusion_a0.5,5s,state,8,pooled,Diffusion_a0.5,5,reg_curvol,knn,r2,0.2077,1.61,8000,2026-06-03 01:42:03
A|5s|state|nc5|Diffusion_a0.5,5s,state,8,pooled,Diffusion_a0.5,5,reg_relspread,ridge,r2,0.3563,1.61,8000,2026-06-03 01:42:03
A|5s|state|nc5|Diffusion_a0.5,5s,state,8,pooled,Diffusion_a0.5,5,reg_relspread,knn,r2,0.7384,1.61,8000,2026-06-03 01:42:03
A|5s|state|nc5|Diffusion_a0.5,5s,state,8,pooled,Diffusion_a0.5,5,reg_intraday,ridge,r2,0.0464,1.61,8000,2026-06-03 01:42:03
A|5s|state|nc5|Diffusion_a0.5,5s,state,8,pooled,Diffusion_a0.5,5,reg_intraday,knn,r2,0.0394,1.61,8000,2026-06-03 01:42:03
A|5s|flow|nc2|PCA,5s,flow,7,pooled,PCA,2,lab_stress,logistic,auc,0.6283,0.0,8000,2026-06-03 01:42:03
A|5s|flow|nc2|PCA,5s,flow,7,pooled,PCA,2,lab_stress,knn,auc,0.606,0.0,8000,2026-06-03 01:42:03
A|5s|flow|nc2|PCA,5s,flow,7,pooled,PCA,2,lab_depth_collapse,logistic,auc,0.5391,0.0,8000,2026-06-03 01:42:03
A|5s|flow|nc2|PCA,5s,flow,7,pooled,PCA,2,lab_depth_collapse,knn,auc,0.516,0.0,8000,2026-06-03 01:42:03
A|5s|flow|nc2|PCA,5s,flow,7,pooled,PCA,2,lab_spread_widen,logistic,auc,0.5261,0.0,8000,2026-06-03 01:42:03
A|5s|flow|nc2|PCA,5s,flow,7,pooled,PCA,2,lab_spread_widen,knn,auc,0.517,0.0,8000,2026-06-03 01:42:03
A|5s|flow|nc2|PCA,5s,flow,7,pooled,PCA,2,lab_vol_spike,logistic,auc,0.6967,0.0,8000,2026-06-03 01:42:03
A|5s|flow|nc2|PCA,5s,flow,7,pooled,PCA,2,lab_vol_spike,knn,auc,0.675,0.0,8000,2026-06-03 01:42:03
A|5s|flow|nc2|PCA,5s,flow,7,pooled,PCA,2,reg_fwdvol,ridge,r2,0.1314,0.0,8000,2026-06-03 01:42:03
A|5s|flow|nc2|PCA,5s,flow,7,pooled,PCA,2,reg_fwdvol,knn,r2,0.1357,0.0,8000,2026-06-03 01:42:03
A|5s|flow|nc2|PCA,5s,flow,7,pooled,PCA,2,reg_curvol,ridge,r2,0.1294,0.0,8000,2026-06-03 01:42:03
A|5s|flow|nc2|PCA,5s,flow,7,pooled,PCA,2,reg_curvol,knn,r2,0.1284,0.0,8000,2026-06-03 01:42:03
A|5s|flow|nc2|PCA,5s,flow,7,pooled,PCA,2,reg_relspread,ridge,r2,0.0333,0.0,8000,2026-06-03 01:42:03
A|5s|flow|nc2|PCA,5s,flow,7,pooled,PCA,2,reg_relspread,knn,r2,0.0325,0.0,8000,2026-06-03 01:42:03
A|5s|flow|nc2|PCA,5s,flow,7,pooled,PCA,2,reg_intraday,ridge,r2,0.0125,0.0,8000,2026-06-03 01:42:03
A|5s|flow|nc2|PCA,5s,flow,7,pooled,PCA,2,reg_intraday,knn,r2,-0.0274,0.0,8000,2026-06-03 01:42:03
A|5s|flow|nc2|KernelPCA_rbf,5s,flow,7,pooled,KernelPCA_rbf,2,lab_stress,logistic,auc,0.5941,0.2,8000,2026-06-03 01:42:04
A|5s|flow|nc2|KernelPCA_rbf,5s,flow,7,pooled,KernelPCA_rbf,2,lab_stress,knn,auc,0.6045,0.2,8000,2026-06-03 01:42:04
A|5s|flow|nc2|KernelPCA_rbf,5s,flow,7,pooled,KernelPCA_rbf,2,lab_depth_collapse,logistic,auc,0.5509,0.2,8000,2026-06-03 01:42:04
A|5s|flow|nc2|KernelPCA_rbf,5s,flow,7,pooled,KernelPCA_rbf,2,lab_depth_collapse,knn,auc,0.5299,0.2,8000,2026-06-03 01:42:04
A|5s|flow|nc2|KernelPCA_rbf,5s,flow,7,pooled,KernelPCA_rbf,2,lab_spread_widen,logistic,auc,0.514,0.2,8000,2026-06-03 01:42:04
A|5s|flow|nc2|KernelPCA_rbf,5s,flow,7,pooled,KernelPCA_rbf,2,lab_spread_widen,knn,auc,0.5163,0.2,8000,2026-06-03 01:42:04
A|5s|flow|nc2|KernelPCA_rbf,5s,flow,7,pooled,KernelPCA_rbf,2,lab_vol_spike,logistic,auc,0.6274,0.2,8000,2026-06-03 01:42:04
A|5s|flow|nc2|KernelPCA_rbf,5s,flow,7,pooled,KernelPCA_rbf,2,lab_vol_spike,knn,auc,0.6615,0.2,8000,2026-06-03 01:42:04
A|5s|flow|nc2|KernelPCA_rbf,5s,flow,7,pooled,KernelPCA_rbf,2,reg_fwdvol,ridge,r2,0.0387,0.2,8000,2026-06-03 01:42:04
A|5s|flow|nc2|KernelPCA_rbf,5s,flow,7,pooled,KernelPCA_rbf,2,reg_fwdvol,knn,r2,0.0857,0.2,8000,2026-06-03 01:42:04
A|5s|flow|nc2|KernelPCA_rbf,5s,flow,7,pooled,KernelPCA_rbf,2,reg_curvol,ridge,r2,0.0394,0.2,8000,2026-06-03 01:42:04
A|5s|flow|nc2|KernelPCA_rbf,5s,flow,7,pooled,KernelPCA_rbf,2,reg_curvol,knn,r2,0.0745,0.2,8000,2026-06-03 01:42:04
A|5s|flow|nc2|KernelPCA_rbf,5s,flow,7,pooled,KernelPCA_rbf,2,reg_relspread,ridge,r2,0.0921,0.2,8000,2026-06-03 01:42:04
A|5s|flow|nc2|KernelPCA_rbf,5s,flow,7,pooled,KernelPCA_rbf,2,reg_relspread,knn,r2,0.0994,0.2,8000,2026-06-03 01:42:04
A|5s|flow|nc2|KernelPCA_rbf,5s,flow,7,pooled,KernelPCA_rbf,2,reg_intraday,ridge,r2,0.0053,0.2,8000,2026-06-03 01:42:04
A|5s|flow|nc2|KernelPCA_rbf,5s,flow,7,pooled,KernelPCA_rbf,2,reg_intraday,knn,r2,-0.0292,0.2,8000,2026-06-03 01:42:04
A|5s|flow|nc2|Isomap_nn10,5s,flow,7,pooled,Isomap_nn10,2,lab_stress,logistic,auc,0.4929,1.51,8000,2026-06-03 01:42:05
A|5s|flow|nc2|Isomap_nn10,5s,flow,7,pooled,Isomap_nn10,2,lab_stress,knn,auc,0.6536,1.51,8000,2026-06-03 01:42:05
A|5s|flow|nc2|Isomap_nn10,5s,flow,7,pooled,Isomap_nn10,2,lab_depth_collapse,logistic,auc,0.505,1.51,8000,2026-06-03 01:42:05
A|5s|flow|nc2|Isomap_nn10,5s,flow,7,pooled,Isomap_nn10,2,lab_depth_collapse,knn,auc,0.5293,1.51,8000,2026-06-03 01:42:05
A|5s|flow|nc2|Isomap_nn10,5s,flow,7,pooled,Isomap_nn10,2,lab_spread_widen,logistic,auc,0.4964,1.51,8000,2026-06-03 01:42:05
A|5s|flow|nc2|Isomap_nn10,5s,flow,7,pooled,Isomap_nn10,2,lab_spread_widen,knn,auc,0.5465,1.51,8000,2026-06-03 01:42:05
A|5s|flow|nc2|Isomap_nn10,5s,flow,7,pooled,Isomap_nn10,2,lab_vol_spike,logistic,auc,0.5506,1.51,8000,2026-06-03 01:42:05
A|5s|flow|nc2|Isomap_nn10,5s,flow,7,pooled,Isomap_nn10,2,lab_vol_spike,knn,auc,0.7747,1.51,8000,2026-06-03 01:42:05
A|5s|flow|nc2|Isomap_nn10,5s,flow,7,pooled,Isomap_nn10,2,reg_fwdvol,ridge,r2,0.0028,1.51,8000,2026-06-03 01:42:05
A|5s|flow|nc2|Isomap_nn10,5s,flow,7,pooled,Isomap_nn10,2,reg_fwdvol,knn,r2,0.3231,1.51,8000,2026-06-03 01:42:05
A|5s|flow|nc2|Isomap_nn10,5s,flow,7,pooled,Isomap_nn10,2,reg_curvol,ridge,r2,0.0021,1.51,8000,2026-06-03 01:42:05
A|5s|flow|nc2|Isomap_nn10,5s,flow,7,pooled,Isomap_nn10,2,reg_curvol,knn,r2,0.2934,1.51,8000,2026-06-03 01:42:05
A|5s|flow|nc2|Isomap_nn10,5s,flow,7,pooled,Isomap_nn10,2,reg_relspread,ridge,r2,-0.0006,1.51,8000,2026-06-03 01:42:05
A|5s|flow|nc2|Isomap_nn10,5s,flow,7,pooled,Isomap_nn10,2,reg_relspread,knn,r2,0.3225,1.51,8000,2026-06-03 01:42:05
A|5s|flow|nc2|Isomap_nn10,5s,flow,7,pooled,Isomap_nn10,2,reg_intraday,ridge,r2,-0.0015,1.51,8000,2026-06-03 01:42:05
A|5s|flow|nc2|Isomap_nn10,5s,flow,7,pooled,Isomap_nn10,2,reg_intraday,knn,r2,-0.0007,1.51,8000,2026-06-03 01:42:05
A|5s|flow|nc2|Isomap_nn30,5s,flow,7,pooled,Isomap_nn30,2,lab_stress,logistic,auc,0.5791,2.45,8000,2026-06-03 01:42:08
A|5s|flow|nc2|Isomap_nn30,5s,flow,7,pooled,Isomap_nn30,2,lab_stress,knn,auc,0.6422,2.45,8000,2026-06-03 01:42:08
A|5s|flow|nc2|Isomap_nn30,5s,flow,7,pooled,Isomap_nn30,2,lab_depth_collapse,logistic,auc,0.5248,2.45,8000,2026-06-03 01:42:08
A|5s|flow|nc2|Isomap_nn30,5s,flow,7,pooled,Isomap_nn30,2,lab_depth_collapse,knn,auc,0.5144,2.45,8000,2026-06-03 01:42:08
A|5s|flow|nc2|Isomap_nn30,5s,flow,7,pooled,Isomap_nn30,2,lab_spread_widen,logistic,auc,0.5131,2.45,8000,2026-06-03 01:42:08
A|5s|flow|nc2|Isomap_nn30,5s,flow,7,pooled,Isomap_nn30,2,lab_spread_widen,knn,auc,0.521,2.45,8000,2026-06-03 01:42:08
A|5s|flow|nc2|Isomap_nn30,5s,flow,7,pooled,Isomap_nn30,2,lab_vol_spike,logistic,auc,0.6656,2.45,8000,2026-06-03 01:42:08
A|5s|flow|nc2|Isomap_nn30,5s,flow,7,pooled,Isomap_nn30,2,lab_vol_spike,knn,auc,0.7783,2.45,8000,2026-06-03 01:42:08
A|5s|flow|nc2|Isomap_nn30,5s,flow,7,pooled,Isomap_nn30,2,reg_fwdvol,ridge,r2,0.0892,2.45,8000,2026-06-03 01:42:08
A|5s|flow|nc2|Isomap_nn30,5s,flow,7,pooled,Isomap_nn30,2,reg_fwdvol,knn,r2,0.315,2.45,8000,2026-06-03 01:42:08
A|5s|flow|nc2|Isomap_nn30,5s,flow,7,pooled,Isomap_nn30,2,reg_curvol,ridge,r2,0.0848,2.45,8000,2026-06-03 01:42:08
A|5s|flow|nc2|Isomap_nn30,5s,flow,7,pooled,Isomap_nn30,2,reg_curvol,knn,r2,0.2833,2.45,8000,2026-06-03 01:42:08
A|5s|flow|nc2|Isomap_nn30,5s,flow,7,pooled,Isomap_nn30,2,reg_relspread,ridge,r2,0.0135,2.45,8000,2026-06-03 01:42:08
A|5s|flow|nc2|Isomap_nn30,5s,flow,7,pooled,Isomap_nn30,2,reg_relspread,knn,r2,0.2326,2.45,8000,2026-06-03 01:42:08
A|5s|flow|nc2|Isomap_nn30,5s,flow,7,pooled,Isomap_nn30,2,reg_intraday,ridge,r2,0.0071,2.45,8000,2026-06-03 01:42:08
A|5s|flow|nc2|Isomap_nn30,5s,flow,7,pooled,Isomap_nn30,2,reg_intraday,knn,r2,-0.0133,2.45,8000,2026-06-03 01:42:08
A|5s|flow|nc2|LLE,5s,flow,7,pooled,LLE,2,lab_stress,logistic,auc,0.6441,0.41,8000,2026-06-03 01:42:09
A|5s|flow|nc2|LLE,5s,flow,7,pooled,LLE,2,lab_stress,knn,auc,0.6504,0.41,8000,2026-06-03 01:42:09
A|5s|flow|nc2|LLE,5s,flow,7,pooled,LLE,2,lab_depth_collapse,logistic,auc,0.5436,0.41,8000,2026-06-03 01:42:09
A|5s|flow|nc2|LLE,5s,flow,7,pooled,LLE,2,lab_depth_collapse,knn,auc,0.5258,0.41,8000,2026-06-03 01:42:09
A|5s|flow|nc2|LLE,5s,flow,7,pooled,LLE,2,lab_spread_widen,logistic,auc,0.5034,0.41,8000,2026-06-03 01:42:09
A|5s|flow|nc2|LLE,5s,flow,7,pooled,LLE,2,lab_spread_widen,knn,auc,0.513,0.41,8000,2026-06-03 01:42:09
A|5s|flow|nc2|LLE,5s,flow,7,pooled,LLE,2,lab_vol_spike,logistic,auc,0.7521,0.41,8000,2026-06-03 01:42:09
A|5s|flow|nc2|LLE,5s,flow,7,pooled,LLE,2,lab_vol_spike,knn,auc,0.7836,0.41,8000,2026-06-03 01:42:09
A|5s|flow|nc2|LLE,5s,flow,7,pooled,LLE,2,reg_fwdvol,ridge,r2,0.2419,0.41,8000,2026-06-03 01:42:09
A|5s|flow|nc2|LLE,5s,flow,7,pooled,LLE,2,reg_fwdvol,knn,r2,0.3331,0.41,8000,2026-06-03 01:42:09
A|5s|flow|nc2|LLE,5s,flow,7,pooled,LLE,2,reg_curvol,ridge,r2,0.2246,0.41,8000,2026-06-03 01:42:09
A|5s|flow|nc2|LLE,5s,flow,7,pooled,LLE,2,reg_curvol,knn,r2,0.3114,0.41,8000,2026-06-03 01:42:09
A|5s|flow|nc2|LLE,5s,flow,7,pooled,LLE,2,reg_relspread,ridge,r2,0.1321,0.41,8000,2026-06-03 01:42:09
A|5s|flow|nc2|LLE,5s,flow,7,pooled,LLE,2,reg_relspread,knn,r2,0.1865,0.41,8000,2026-06-03 01:42:09
A|5s|flow|nc2|LLE,5s,flow,7,pooled,LLE,2,reg_intraday,ridge,r2,0.003,0.41,8000,2026-06-03 01:42:09
A|5s|flow|nc2|LLE,5s,flow,7,pooled,LLE,2,reg_intraday,knn,r2,-0.0305,0.41,8000,2026-06-03 01:42:09
A|5s|flow|nc2|UMAP_nn15,5s,flow,7,pooled,UMAP_nn15,2,lab_stress,logistic,auc,0.5128,17.58,8000,2026-06-03 01:42:26
A|5s|flow|nc2|UMAP_nn15,5s,flow,7,pooled,UMAP_nn15,2,lab_stress,knn,auc,0.7058,17.58,8000,2026-06-03 01:42:26
A|5s|flow|nc2|UMAP_nn15,5s,flow,7,pooled,UMAP_nn15,2,lab_depth_collapse,logistic,auc,0.5071,17.58,8000,2026-06-03 01:42:26
A|5s|flow|nc2|UMAP_nn15,5s,flow,7,pooled,UMAP_nn15,2,lab_depth_collapse,knn,auc,0.5456,17.58,8000,2026-06-03 01:42:26
A|5s|flow|nc2|UMAP_nn15,5s,flow,7,pooled,UMAP_nn15,2,lab_spread_widen,logistic,auc,0.4954,17.58,8000,2026-06-03 01:42:26
A|5s|flow|nc2|UMAP_nn15,5s,flow,7,pooled,UMAP_nn15,2,lab_spread_widen,knn,auc,0.5389,17.58,8000,2026-06-03 01:42:26
A|5s|flow|nc2|UMAP_nn15,5s,flow,7,pooled,UMAP_nn15,2,lab_vol_spike,logistic,auc,0.4873,17.58,8000,2026-06-03 01:42:26
A|5s|flow|nc2|UMAP_nn15,5s,flow,7,pooled,UMAP_nn15,2,lab_vol_spike,knn,auc,0.8461,17.58,8000,2026-06-03 01:42:26
A|5s|flow|nc2|UMAP_nn15,5s,flow,7,pooled,UMAP_nn15,2,reg_fwdvol,ridge,r2,-0.0002,17.58,8000,2026-06-03 01:42:26
A|5s|flow|nc2|UMAP_nn15,5s,flow,7,pooled,UMAP_nn15,2,reg_fwdvol,knn,r2,0.4843,17.58,8000,2026-06-03 01:42:26
A|5s|flow|nc2|UMAP_nn15,5s,flow,7,pooled,UMAP_nn15,2,reg_curvol,ridge,r2,-0.0006,17.58,8000,2026-06-03 01:42:26
A|5s|flow|nc2|UMAP_nn15,5s,flow,7,pooled,UMAP_nn15,2,reg_curvol,knn,r2,0.4444,17.58,8000,2026-06-03 01:42:26
A|5s|flow|nc2|UMAP_nn15,5s,flow,7,pooled,UMAP_nn15,2,reg_relspread,ridge,r2,0.0001,17.58,8000,2026-06-03 01:42:26
A|5s|flow|nc2|UMAP_nn15,5s,flow,7,pooled,UMAP_nn15,2,reg_relspread,knn,r2,0.4735,17.58,8000,2026-06-03 01:42:26
A|5s|flow|nc2|UMAP_nn15,5s,flow,7,pooled,UMAP_nn15,2,reg_intraday,ridge,r2,-0.002,17.58,8000,2026-06-03 01:42:26
A|5s|flow|nc2|UMAP_nn15,5s,flow,7,pooled,UMAP_nn15,2,reg_intraday,knn,r2,0.0013,17.58,8000,2026-06-03 01:42:26
A|5s|flow|nc2|UMAP_nn50,5s,flow,7,pooled,UMAP_nn50,2,lab_stress,logistic,auc,0.5165,19.12,8000,2026-06-03 01:42:46
A|5s|flow|nc2|UMAP_nn50,5s,flow,7,pooled,UMAP_nn50,2,lab_stress,knn,auc,0.7071,19.12,8000,2026-06-03 01:42:46
A|5s|flow|nc2|UMAP_nn50,5s,flow,7,pooled,UMAP_nn50,2,lab_depth_collapse,logistic,auc,0.5075,19.12,8000,2026-06-03 01:42:46
A|5s|flow|nc2|UMAP_nn50,5s,flow,7,pooled,UMAP_nn50,2,lab_depth_collapse,knn,auc,0.5473,19.12,8000,2026-06-03 01:42:46
A|5s|flow|nc2|UMAP_nn50,5s,flow,7,pooled,UMAP_nn50,2,lab_spread_widen,logistic,auc,0.4984,19.12,8000,2026-06-03 01:42:46
A|5s|flow|nc2|UMAP_nn50,5s,flow,7,pooled,UMAP_nn50,2,lab_spread_widen,knn,auc,0.5407,19.12,8000,2026-06-03 01:42:46
A|5s|flow|nc2|UMAP_nn50,5s,flow,7,pooled,UMAP_nn50,2,lab_vol_spike,logistic,auc,0.5099,19.12,8000,2026-06-03 01:42:46
A|5s|flow|nc2|UMAP_nn50,5s,flow,7,pooled,UMAP_nn50,2,lab_vol_spike,knn,auc,0.8471,19.12,8000,2026-06-03 01:42:46
A|5s|flow|nc2|UMAP_nn50,5s,flow,7,pooled,UMAP_nn50,2,reg_fwdvol,ridge,r2,0.0001,19.12,8000,2026-06-03 01:42:46
A|5s|flow|nc2|UMAP_nn50,5s,flow,7,pooled,UMAP_nn50,2,reg_fwdvol,knn,r2,0.4863,19.12,8000,2026-06-03 01:42:46
A|5s|flow|nc2|UMAP_nn50,5s,flow,7,pooled,UMAP_nn50,2,reg_curvol,ridge,r2,-0.0003,19.12,8000,2026-06-03 01:42:46
A|5s|flow|nc2|UMAP_nn50,5s,flow,7,pooled,UMAP_nn50,2,reg_curvol,knn,r2,0.4438,19.12,8000,2026-06-03 01:42:46
A|5s|flow|nc2|UMAP_nn50,5s,flow,7,pooled,UMAP_nn50,2,reg_relspread,ridge,r2,-0.001,19.12,8000,2026-06-03 01:42:46
A|5s|flow|nc2|UMAP_nn50,5s,flow,7,pooled,UMAP_nn50,2,reg_relspread,knn,r2,0.4768,19.12,8000,2026-06-03 01:42:46
A|5s|flow|nc2|UMAP_nn50,5s,flow,7,pooled,UMAP_nn50,2,reg_intraday,ridge,r2,-0.0021,19.12,8000,2026-06-03 01:42:46
A|5s|flow|nc2|UMAP_nn50,5s,flow,7,pooled,UMAP_nn50,2,reg_intraday,knn,r2,0.0076,19.12,8000,2026-06-03 01:42:46
A|5s|flow|nc2|Diffusion_a1.0,5s,flow,7,pooled,Diffusion_a1.0,2,lab_stress,logistic,auc,0.6288,1.65,8000,2026-06-03 01:42:48
A|5s|flow|nc2|Diffusion_a1.0,5s,flow,7,pooled,Diffusion_a1.0,2,lab_stress,knn,auc,0.6029,1.65,8000,2026-06-03 01:42:48
A|5s|flow|nc2|Diffusion_a1.0,5s,flow,7,pooled,Diffusion_a1.0,2,lab_depth_collapse,logistic,auc,0.5356,1.65,8000,2026-06-03 01:42:48
A|5s|flow|nc2|Diffusion_a1.0,5s,flow,7,pooled,Diffusion_a1.0,2,lab_depth_collapse,knn,auc,0.5139,1.65,8000,2026-06-03 01:42:48
A|5s|flow|nc2|Diffusion_a1.0,5s,flow,7,pooled,Diffusion_a1.0,2,lab_spread_widen,logistic,auc,0.5064,1.65,8000,2026-06-03 01:42:48
A|5s|flow|nc2|Diffusion_a1.0,5s,flow,7,pooled,Diffusion_a1.0,2,lab_spread_widen,knn,auc,0.5269,1.65,8000,2026-06-03 01:42:48
A|5s|flow|nc2|Diffusion_a1.0,5s,flow,7,pooled,Diffusion_a1.0,2,lab_vol_spike,logistic,auc,0.7009,1.65,8000,2026-06-03 01:42:48
A|5s|flow|nc2|Diffusion_a1.0,5s,flow,7,pooled,Diffusion_a1.0,2,lab_vol_spike,knn,auc,0.6782,1.65,8000,2026-06-03 01:42:48
A|5s|flow|nc2|Diffusion_a1.0,5s,flow,7,pooled,Diffusion_a1.0,2,reg_fwdvol,ridge,r2,0.0866,1.65,8000,2026-06-03 01:42:48
A|5s|flow|nc2|Diffusion_a1.0,5s,flow,7,pooled,Diffusion_a1.0,2,reg_fwdvol,knn,r2,0.1367,1.65,8000,2026-06-03 01:42:48
A|5s|flow|nc2|Diffusion_a1.0,5s,flow,7,pooled,Diffusion_a1.0,2,reg_curvol,ridge,r2,0.0888,1.65,8000,2026-06-03 01:42:48
A|5s|flow|nc2|Diffusion_a1.0,5s,flow,7,pooled,Diffusion_a1.0,2,reg_curvol,knn,r2,0.1253,1.65,8000,2026-06-03 01:42:48
A|5s|flow|nc2|Diffusion_a1.0,5s,flow,7,pooled,Diffusion_a1.0,2,reg_relspread,ridge,r2,0.0197,1.65,8000,2026-06-03 01:42:48
A|5s|flow|nc2|Diffusion_a1.0,5s,flow,7,pooled,Diffusion_a1.0,2,reg_relspread,knn,r2,0.0222,1.65,8000,2026-06-03 01:42:48
A|5s|flow|nc2|Diffusion_a1.0,5s,flow,7,pooled,Diffusion_a1.0,2,reg_intraday,ridge,r2,0.0081,1.65,8000,2026-06-03 01:42:48
A|5s|flow|nc2|Diffusion_a1.0,5s,flow,7,pooled,Diffusion_a1.0,2,reg_intraday,knn,r2,-0.0258,1.65,8000,2026-06-03 01:42:48
A|5s|flow|nc2|Diffusion_a0.5,5s,flow,7,pooled,Diffusion_a0.5,2,lab_stress,logistic,auc,0.6258,1.67,8000,2026-06-03 01:42:49
A|5s|flow|nc2|Diffusion_a0.5,5s,flow,7,pooled,Diffusion_a0.5,2,lab_stress,knn,auc,0.6064,1.67,8000,2026-06-03 01:42:49
A|5s|flow|nc2|Diffusion_a0.5,5s,flow,7,pooled,Diffusion_a0.5,2,lab_depth_collapse,logistic,auc,0.5386,1.67,8000,2026-06-03 01:42:49
A|5s|flow|nc2|Diffusion_a0.5,5s,flow,7,pooled,Diffusion_a0.5,2,lab_depth_collapse,knn,auc,0.5127,1.67,8000,2026-06-03 01:42:49
A|5s|flow|nc2|Diffusion_a0.5,5s,flow,7,pooled,Diffusion_a0.5,2,lab_spread_widen,logistic,auc,0.5192,1.67,8000,2026-06-03 01:42:49
A|5s|flow|nc2|Diffusion_a0.5,5s,flow,7,pooled,Diffusion_a0.5,2,lab_spread_widen,knn,auc,0.5193,1.67,8000,2026-06-03 01:42:49
A|5s|flow|nc2|Diffusion_a0.5,5s,flow,7,pooled,Diffusion_a0.5,2,lab_vol_spike,logistic,auc,0.6919,1.67,8000,2026-06-03 01:42:49
A|5s|flow|nc2|Diffusion_a0.5,5s,flow,7,pooled,Diffusion_a0.5,2,lab_vol_spike,knn,auc,0.6745,1.67,8000,2026-06-03 01:42:49
A|5s|flow|nc2|Diffusion_a0.5,5s,flow,7,pooled,Diffusion_a0.5,2,reg_fwdvol,ridge,r2,0.0973,1.67,8000,2026-06-03 01:42:49
A|5s|flow|nc2|Diffusion_a0.5,5s,flow,7,pooled,Diffusion_a0.5,2,reg_fwdvol,knn,r2,0.1275,1.67,8000,2026-06-03 01:42:49
A|5s|flow|nc2|Diffusion_a0.5,5s,flow,7,pooled,Diffusion_a0.5,2,reg_curvol,ridge,r2,0.0989,1.67,8000,2026-06-03 01:42:49
A|5s|flow|nc2|Diffusion_a0.5,5s,flow,7,pooled,Diffusion_a0.5,2,reg_curvol,knn,r2,0.1212,1.67,8000,2026-06-03 01:42:49
A|5s|flow|nc2|Diffusion_a0.5,5s,flow,7,pooled,Diffusion_a0.5,2,reg_relspread,ridge,r2,0.027,1.67,8000,2026-06-03 01:42:49
A|5s|flow|nc2|Diffusion_a0.5,5s,flow,7,pooled,Diffusion_a0.5,2,reg_relspread,knn,r2,0.0365,1.67,8000,2026-06-03 01:42:49
A|5s|flow|nc2|Diffusion_a0.5,5s,flow,7,pooled,Diffusion_a0.5,2,reg_intraday,ridge,r2,0.0095,1.67,8000,2026-06-03 01:42:49
A|5s|flow|nc2|Diffusion_a0.5,5s,flow,7,pooled,Diffusion_a0.5,2,reg_intraday,knn,r2,-0.0258,1.67,8000,2026-06-03 01:42:49
A|5s|flow|nc3|PCA,5s,flow,7,pooled,PCA,3,lab_stress,logistic,auc,0.6651,0.0,8000,2026-06-03 01:42:50
A|5s|flow|nc3|PCA,5s,flow,7,pooled,PCA,3,lab_stress,knn,auc,0.7186,0.0,8000,2026-06-03 01:42:50
A|5s|flow|nc3|PCA,5s,flow,7,pooled,PCA,3,lab_depth_collapse,logistic,auc,0.585,0.0,8000,2026-06-03 01:42:50
A|5s|flow|nc3|PCA,5s,flow,7,pooled,PCA,3,lab_depth_collapse,knn,auc,0.5614,0.0,8000,2026-06-03 01:42:50
A|5s|flow|nc3|PCA,5s,flow,7,pooled,PCA,3,lab_spread_widen,logistic,auc,0.5277,0.0,8000,2026-06-03 01:42:50
A|5s|flow|nc3|PCA,5s,flow,7,pooled,PCA,3,lab_spread_widen,knn,auc,0.5427,0.0,8000,2026-06-03 01:42:50
A|5s|flow|nc3|PCA,5s,flow,7,pooled,PCA,3,lab_vol_spike,logistic,auc,0.823,0.0,8000,2026-06-03 01:42:50
A|5s|flow|nc3|PCA,5s,flow,7,pooled,PCA,3,lab_vol_spike,knn,auc,0.846,0.0,8000,2026-06-03 01:42:50
A|5s|flow|nc3|PCA,5s,flow,7,pooled,PCA,3,reg_fwdvol,ridge,r2,0.3724,0.0,8000,2026-06-03 01:42:50
A|5s|flow|nc3|PCA,5s,flow,7,pooled,PCA,3,reg_fwdvol,knn,r2,0.4917,0.0,8000,2026-06-03 01:42:50
A|5s|flow|nc3|PCA,5s,flow,7,pooled,PCA,3,reg_curvol,ridge,r2,0.3419,0.0,8000,2026-06-03 01:42:50
A|5s|flow|nc3|PCA,5s,flow,7,pooled,PCA,3,reg_curvol,knn,r2,0.4483,0.0,8000,2026-06-03 01:42:50
A|5s|flow|nc3|PCA,5s,flow,7,pooled,PCA,3,reg_relspread,ridge,r2,0.4405,0.0,8000,2026-06-03 01:42:50
A|5s|flow|nc3|PCA,5s,flow,7,pooled,PCA,3,reg_relspread,knn,r2,0.4884,0.0,8000,2026-06-03 01:42:50
A|5s|flow|nc3|PCA,5s,flow,7,pooled,PCA,3,reg_intraday,ridge,r2,0.0127,0.0,8000,2026-06-03 01:42:50
A|5s|flow|nc3|PCA,5s,flow,7,pooled,PCA,3,reg_intraday,knn,r2,0.0075,0.0,8000,2026-06-03 01:42:50
A|5s|flow|nc3|KernelPCA_rbf,5s,flow,7,pooled,KernelPCA_rbf,3,lab_stress,logistic,auc,0.5958,0.2,8000,2026-06-03 01:42:50
A|5s|flow|nc3|KernelPCA_rbf,5s,flow,7,pooled,KernelPCA_rbf,3,lab_stress,knn,auc,0.6484,0.2,8000,2026-06-03 01:42:50
A|5s|flow|nc3|KernelPCA_rbf,5s,flow,7,pooled,KernelPCA_rbf,3,lab_depth_collapse,logistic,auc,0.5499,0.2,8000,2026-06-03 01:42:50
A|5s|flow|nc3|KernelPCA_rbf,5s,flow,7,pooled,KernelPCA_rbf,3,lab_depth_collapse,knn,auc,0.5348,0.2,8000,2026-06-03 01:42:50
A|5s|flow|nc3|KernelPCA_rbf,5s,flow,7,pooled,KernelPCA_rbf,3,lab_spread_widen,logistic,auc,0.5353,0.2,8000,2026-06-03 01:42:50
A|5s|flow|nc3|KernelPCA_rbf,5s,flow,7,pooled,KernelPCA_rbf,3,lab_spread_widen,knn,auc,0.5218,0.2,8000,2026-06-03 01:42:50
A|5s|flow|nc3|KernelPCA_rbf,5s,flow,7,pooled,KernelPCA_rbf,3,lab_vol_spike,logistic,auc,0.6322,0.2,8000,2026-06-03 01:42:50
A|5s|flow|nc3|KernelPCA_rbf,5s,flow,7,pooled,KernelPCA_rbf,3,lab_vol_spike,knn,auc,0.764,0.2,8000,2026-06-03 01:42:50
A|5s|flow|nc3|KernelPCA_rbf,5s,flow,7,pooled,KernelPCA_rbf,3,reg_fwdvol,ridge,r2,0.0392,0.2,8000,2026-06-03 01:42:50
A|5s|flow|nc3|KernelPCA_rbf,5s,flow,7,pooled,KernelPCA_rbf,3,reg_fwdvol,knn,r2,0.29,0.2,8000,2026-06-03 01:42:50
A|5s|flow|nc3|KernelPCA_rbf,5s,flow,7,pooled,KernelPCA_rbf,3,reg_curvol,ridge,r2,0.0397,0.2,8000,2026-06-03 01:42:50
A|5s|flow|nc3|KernelPCA_rbf,5s,flow,7,pooled,KernelPCA_rbf,3,reg_curvol,knn,r2,0.2638,0.2,8000,2026-06-03 01:42:50
A|5s|flow|nc3|KernelPCA_rbf,5s,flow,7,pooled,KernelPCA_rbf,3,reg_relspread,ridge,r2,0.1061,0.2,8000,2026-06-03 01:42:50
A|5s|flow|nc3|KernelPCA_rbf,5s,flow,7,pooled,KernelPCA_rbf,3,reg_relspread,knn,r2,0.3012,0.2,8000,2026-06-03 01:42:50
A|5s|flow|nc3|KernelPCA_rbf,5s,flow,7,pooled,KernelPCA_rbf,3,reg_intraday,ridge,r2,0.0049,0.2,8000,2026-06-03 01:42:50
A|5s|flow|nc3|KernelPCA_rbf,5s,flow,7,pooled,KernelPCA_rbf,3,reg_intraday,knn,r2,-0.0105,0.2,8000,2026-06-03 01:42:50
A|5s|flow|nc3|Isomap_nn10,5s,flow,7,pooled,Isomap_nn10,3,lab_stress,logistic,auc,0.6487,1.48,8000,2026-06-03 01:42:52
A|5s|flow|nc3|Isomap_nn10,5s,flow,7,pooled,Isomap_nn10,3,lab_stress,knn,auc,0.6778,1.48,8000,2026-06-03 01:42:52
A|5s|flow|nc3|Isomap_nn10,5s,flow,7,pooled,Isomap_nn10,3,lab_depth_collapse,logistic,auc,0.523,1.48,8000,2026-06-03 01:42:52
A|5s|flow|nc3|Isomap_nn10,5s,flow,7,pooled,Isomap_nn10,3,lab_depth_collapse,knn,auc,0.524,1.48,8000,2026-06-03 01:42:52
A|5s|flow|nc3|Isomap_nn10,5s,flow,7,pooled,Isomap_nn10,3,lab_spread_widen,logistic,auc,0.5138,1.48,8000,2026-06-03 01:42:52
A|5s|flow|nc3|Isomap_nn10,5s,flow,7,pooled,Isomap_nn10,3,lab_spread_widen,knn,auc,0.5326,1.48,8000,2026-06-03 01:42:52
A|5s|flow|nc3|Isomap_nn10,5s,flow,7,pooled,Isomap_nn10,3,lab_vol_spike,logistic,auc,0.7452,1.48,8000,2026-06-03 01:42:52
A|5s|flow|nc3|Isomap_nn10,5s,flow,7,pooled,Isomap_nn10,3,lab_vol_spike,knn,auc,0.8311,1.48,8000,2026-06-03 01:42:52
A|5s|flow|nc3|Isomap_nn10,5s,flow,7,pooled,Isomap_nn10,3,reg_fwdvol,ridge,r2,0.1639,1.48,8000,2026-06-03 01:42:52
A|5s|flow|nc3|Isomap_nn10,5s,flow,7,pooled,Isomap_nn10,3,reg_fwdvol,knn,r2,0.4456,1.48,8000,2026-06-03 01:42:52
A|5s|flow|nc3|Isomap_nn10,5s,flow,7,pooled,Isomap_nn10,3,reg_curvol,ridge,r2,0.1606,1.48,8000,2026-06-03 01:42:52
A|5s|flow|nc3|Isomap_nn10,5s,flow,7,pooled,Isomap_nn10,3,reg_curvol,knn,r2,0.4044,1.48,8000,2026-06-03 01:42:52
A|5s|flow|nc3|Isomap_nn10,5s,flow,7,pooled,Isomap_nn10,3,reg_relspread,ridge,r2,0.0053,1.48,8000,2026-06-03 01:42:52
A|5s|flow|nc3|Isomap_nn10,5s,flow,7,pooled,Isomap_nn10,3,reg_relspread,knn,r2,0.3997,1.48,8000,2026-06-03 01:42:52
A|5s|flow|nc3|Isomap_nn10,5s,flow,7,pooled,Isomap_nn10,3,reg_intraday,ridge,r2,0.0117,1.48,8000,2026-06-03 01:42:52
A|5s|flow|nc3|Isomap_nn10,5s,flow,7,pooled,Isomap_nn10,3,reg_intraday,knn,r2,-0.0073,1.48,8000,2026-06-03 01:42:52
A|5s|flow|nc3|Isomap_nn30,5s,flow,7,pooled,Isomap_nn30,3,lab_stress,logistic,auc,0.6454,2.59,8000,2026-06-03 01:42:55
A|5s|flow|nc3|Isomap_nn30,5s,flow,7,pooled,Isomap_nn30,3,lab_stress,knn,auc,0.6712,2.59,8000,2026-06-03 01:42:55
A|5s|flow|nc3|Isomap_nn30,5s,flow,7,pooled,Isomap_nn30,3,lab_depth_collapse,logistic,auc,0.5288,2.59,8000,2026-06-03 01:42:55
A|5s|flow|nc3|Isomap_nn30,5s,flow,7,pooled,Isomap_nn30,3,lab_depth_collapse,knn,auc,0.5324,2.59,8000,2026-06-03 01:42:55
A|5s|flow|nc3|Isomap_nn30,5s,flow,7,pooled,Isomap_nn30,3,lab_spread_widen,logistic,auc,0.5255,2.59,8000,2026-06-03 01:42:55
A|5s|flow|nc3|Isomap_nn30,5s,flow,7,pooled,Isomap_nn30,3,lab_spread_widen,knn,auc,0.5358,2.59,8000,2026-06-03 01:42:55
A|5s|flow|nc3|Isomap_nn30,5s,flow,7,pooled,Isomap_nn30,3,lab_vol_spike,logistic,auc,0.7259,2.59,8000,2026-06-03 01:42:55
A|5s|flow|nc3|Isomap_nn30,5s,flow,7,pooled,Isomap_nn30,3,lab_vol_spike,knn,auc,0.8299,2.59,8000,2026-06-03 01:42:55
A|5s|flow|nc3|Isomap_nn30,5s,flow,7,pooled,Isomap_nn30,3,reg_fwdvol,ridge,r2,0.182,2.59,8000,2026-06-03 01:42:55
A|5s|flow|nc3|Isomap_nn30,5s,flow,7,pooled,Isomap_nn30,3,reg_fwdvol,knn,r2,0.4494,2.59,8000,2026-06-03 01:42:55
A|5s|flow|nc3|Isomap_nn30,5s,flow,7,pooled,Isomap_nn30,3,reg_curvol,ridge,r2,0.1757,2.59,8000,2026-06-03 01:42:55
A|5s|flow|nc3|Isomap_nn30,5s,flow,7,pooled,Isomap_nn30,3,reg_curvol,knn,r2,0.4038,2.59,8000,2026-06-03 01:42:55
A|5s|flow|nc3|Isomap_nn30,5s,flow,7,pooled,Isomap_nn30,3,reg_relspread,ridge,r2,0.0128,2.59,8000,2026-06-03 01:42:55
A|5s|flow|nc3|Isomap_nn30,5s,flow,7,pooled,Isomap_nn30,3,reg_relspread,knn,r2,0.4104,2.59,8000,2026-06-03 01:42:55
A|5s|flow|nc3|Isomap_nn30,5s,flow,7,pooled,Isomap_nn30,3,reg_intraday,ridge,r2,0.0121,2.59,8000,2026-06-03 01:42:55
A|5s|flow|nc3|Isomap_nn30,5s,flow,7,pooled,Isomap_nn30,3,reg_intraday,knn,r2,0.0028,2.59,8000,2026-06-03 01:42:55
A|5s|flow|nc3|LLE,5s,flow,7,pooled,LLE,3,lab_stress,logistic,auc,0.6635,0.45,8000,2026-06-03 01:42:55
A|5s|flow|nc3|LLE,5s,flow,7,pooled,LLE,3,lab_stress,knn,auc,0.6848,0.45,8000,2026-06-03 01:42:55
A|5s|flow|nc3|LLE,5s,flow,7,pooled,LLE,3,lab_depth_collapse,logistic,auc,0.5494,0.45,8000,2026-06-03 01:42:55
A|5s|flow|nc3|LLE,5s,flow,7,pooled,LLE,3,lab_depth_collapse,knn,auc,0.5425,0.45,8000,2026-06-03 01:42:55
A|5s|flow|nc3|LLE,5s,flow,7,pooled,LLE,3,lab_spread_widen,logistic,auc,0.5249,0.45,8000,2026-06-03 01:42:55
A|5s|flow|nc3|LLE,5s,flow,7,pooled,LLE,3,lab_spread_widen,knn,auc,0.5286,0.45,8000,2026-06-03 01:42:55
A|5s|flow|nc3|LLE,5s,flow,7,pooled,LLE,3,lab_vol_spike,logistic,auc,0.7943,0.45,8000,2026-06-03 01:42:55
A|5s|flow|nc3|LLE,5s,flow,7,pooled,LLE,3,lab_vol_spike,knn,auc,0.8249,0.45,8000,2026-06-03 01:42:55
A|5s|flow|nc3|LLE,5s,flow,7,pooled,LLE,3,reg_fwdvol,ridge,r2,0.3057,0.45,8000,2026-06-03 01:42:55
A|5s|flow|nc3|LLE,5s,flow,7,pooled,LLE,3,reg_fwdvol,knn,r2,0.4268,0.45,8000,2026-06-03 01:42:55
A|5s|flow|nc3|LLE,5s,flow,7,pooled,LLE,3,reg_curvol,ridge,r2,0.2857,0.45,8000,2026-06-03 01:42:55
A|5s|flow|nc3|LLE,5s,flow,7,pooled,LLE,3,reg_curvol,knn,r2,0.3954,0.45,8000,2026-06-03 01:42:55
A|5s|flow|nc3|LLE,5s,flow,7,pooled,LLE,3,reg_relspread,ridge,r2,0.145,0.45,8000,2026-06-03 01:42:55
A|5s|flow|nc3|LLE,5s,flow,7,pooled,LLE,3,reg_relspread,knn,r2,0.313,0.45,8000,2026-06-03 01:42:55
A|5s|flow|nc3|LLE,5s,flow,7,pooled,LLE,3,reg_intraday,ridge,r2,0.0118,0.45,8000,2026-06-03 01:42:55
A|5s|flow|nc3|LLE,5s,flow,7,pooled,LLE,3,reg_intraday,knn,r2,-0.0201,0.45,8000,2026-06-03 01:42:55
A|5s|flow|nc3|UMAP_nn15,5s,flow,7,pooled,UMAP_nn15,3,lab_stress,logistic,auc,0.5265,17.93,8000,2026-06-03 01:43:14
A|5s|flow|nc3|UMAP_nn15,5s,flow,7,pooled,UMAP_nn15,3,lab_stress,knn,auc,0.7074,17.93,8000,2026-06-03 01:43:14
A|5s|flow|nc3|UMAP_nn15,5s,flow,7,pooled,UMAP_nn15,3,lab_depth_collapse,logistic,auc,0.511,17.93,8000,2026-06-03 01:43:14
A|5s|flow|nc3|UMAP_nn15,5s,flow,7,pooled,UMAP_nn15,3,lab_depth_collapse,knn,auc,0.5497,17.93,8000,2026-06-03 01:43:14
A|5s|flow|nc3|UMAP_nn15,5s,flow,7,pooled,UMAP_nn15,3,lab_spread_widen,logistic,auc,0.5005,17.93,8000,2026-06-03 01:43:14
A|5s|flow|nc3|UMAP_nn15,5s,flow,7,pooled,UMAP_nn15,3,lab_spread_widen,knn,auc,0.5487,17.93,8000,2026-06-03 01:43:14
A|5s|flow|nc3|UMAP_nn15,5s,flow,7,pooled,UMAP_nn15,3,lab_vol_spike,logistic,auc,0.5616,17.93,8000,2026-06-03 01:43:14
A|5s|flow|nc3|UMAP_nn15,5s,flow,7,pooled,UMAP_nn15,3,lab_vol_spike,knn,auc,0.845,17.93,8000,2026-06-03 01:43:14
A|5s|flow|nc3|UMAP_nn15,5s,flow,7,pooled,UMAP_nn15,3,reg_fwdvol,ridge,r2,0.0068,17.93,8000,2026-06-03 01:43:14
A|5s|flow|nc3|UMAP_nn15,5s,flow,7,pooled,UMAP_nn15,3,reg_fwdvol,knn,r2,0.485,17.93,8000,2026-06-03 01:43:14
A|5s|flow|nc3|UMAP_nn15,5s,flow,7,pooled,UMAP_nn15,3,reg_curvol,ridge,r2,0.007,17.93,8000,2026-06-03 01:43:14
A|5s|flow|nc3|UMAP_nn15,5s,flow,7,pooled,UMAP_nn15,3,reg_curvol,knn,r2,0.4462,17.93,8000,2026-06-03 01:43:14
A|5s|flow|nc3|UMAP_nn15,5s,flow,7,pooled,UMAP_nn15,3,reg_relspread,ridge,r2,0.0069,17.93,8000,2026-06-03 01:43:14
A|5s|flow|nc3|UMAP_nn15,5s,flow,7,pooled,UMAP_nn15,3,reg_relspread,knn,r2,0.4811,17.93,8000,2026-06-03 01:43:14
A|5s|flow|nc3|UMAP_nn15,5s,flow,7,pooled,UMAP_nn15,3,reg_intraday,ridge,r2,-0.0021,17.93,8000,2026-06-03 01:43:14
A|5s|flow|nc3|UMAP_nn15,5s,flow,7,pooled,UMAP_nn15,3,reg_intraday,knn,r2,0.0072,17.93,8000,2026-06-03 01:43:14
A|5s|flow|nc3|UMAP_nn50,5s,flow,7,pooled,UMAP_nn50,3,lab_stress,logistic,auc,0.52,19.34,8000,2026-06-03 01:43:33
A|5s|flow|nc3|UMAP_nn50,5s,flow,7,pooled,UMAP_nn50,3,lab_stress,knn,auc,0.708,19.34,8000,2026-06-03 01:43:33
A|5s|flow|nc3|UMAP_nn50,5s,flow,7,pooled,UMAP_nn50,3,lab_depth_collapse,logistic,auc,0.5122,19.34,8000,2026-06-03 01:43:33
A|5s|flow|nc3|UMAP_nn50,5s,flow,7,pooled,UMAP_nn50,3,lab_depth_collapse,knn,auc,0.5487,19.34,8000,2026-06-03 01:43:33
A|5s|flow|nc3|UMAP_nn50,5s,flow,7,pooled,UMAP_nn50,3,lab_spread_widen,logistic,auc,0.5008,19.34,8000,2026-06-03 01:43:33
A|5s|flow|nc3|UMAP_nn50,5s,flow,7,pooled,UMAP_nn50,3,lab_spread_widen,knn,auc,0.5442,19.34,8000,2026-06-03 01:43:33
A|5s|flow|nc3|UMAP_nn50,5s,flow,7,pooled,UMAP_nn50,3,lab_vol_spike,logistic,auc,0.542,19.34,8000,2026-06-03 01:43:33
A|5s|flow|nc3|UMAP_nn50,5s,flow,7,pooled,UMAP_nn50,3,lab_vol_spike,knn,auc,0.8497,19.34,8000,2026-06-03 01:43:33
A|5s|flow|nc3|UMAP_nn50,5s,flow,7,pooled,UMAP_nn50,3,reg_fwdvol,ridge,r2,0.003,19.34,8000,2026-06-03 01:43:33
A|5s|flow|nc3|UMAP_nn50,5s,flow,7,pooled,UMAP_nn50,3,reg_fwdvol,knn,r2,0.4911,19.34,8000,2026-06-03 01:43:33
A|5s|flow|nc3|UMAP_nn50,5s,flow,7,pooled,UMAP_nn50,3,reg_curvol,ridge,r2,0.003,19.34,8000,2026-06-03 01:43:33
A|5s|flow|nc3|UMAP_nn50,5s,flow,7,pooled,UMAP_nn50,3,reg_curvol,knn,r2,0.4486,19.34,8000,2026-06-03 01:43:33
A|5s|flow|nc3|UMAP_nn50,5s,flow,7,pooled,UMAP_nn50,3,reg_relspread,ridge,r2,-0.0004,19.34,8000,2026-06-03 01:43:33
A|5s|flow|nc3|UMAP_nn50,5s,flow,7,pooled,UMAP_nn50,3,reg_relspread,knn,r2,0.4837,19.34,8000,2026-06-03 01:43:33
A|5s|flow|nc3|UMAP_nn50,5s,flow,7,pooled,UMAP_nn50,3,reg_intraday,ridge,r2,-0.0021,19.34,8000,2026-06-03 01:43:33
A|5s|flow|nc3|UMAP_nn50,5s,flow,7,pooled,UMAP_nn50,3,reg_intraday,knn,r2,-0.0006,19.34,8000,2026-06-03 01:43:33
A|5s|flow|nc3|Diffusion_a1.0,5s,flow,7,pooled,Diffusion_a1.0,3,lab_stress,logistic,auc,0.6237,1.66,8000,2026-06-03 01:43:35
A|5s|flow|nc3|Diffusion_a1.0,5s,flow,7,pooled,Diffusion_a1.0,3,lab_stress,knn,auc,0.6231,1.66,8000,2026-06-03 01:43:35
A|5s|flow|nc3|Diffusion_a1.0,5s,flow,7,pooled,Diffusion_a1.0,3,lab_depth_collapse,logistic,auc,0.544,1.66,8000,2026-06-03 01:43:35
A|5s|flow|nc3|Diffusion_a1.0,5s,flow,7,pooled,Diffusion_a1.0,3,lab_depth_collapse,knn,auc,0.5229,1.66,8000,2026-06-03 01:43:35
A|5s|flow|nc3|Diffusion_a1.0,5s,flow,7,pooled,Diffusion_a1.0,3,lab_spread_widen,logistic,auc,0.538,1.66,8000,2026-06-03 01:43:35
A|5s|flow|nc3|Diffusion_a1.0,5s,flow,7,pooled,Diffusion_a1.0,3,lab_spread_widen,knn,auc,0.5154,1.66,8000,2026-06-03 01:43:35
A|5s|flow|nc3|Diffusion_a1.0,5s,flow,7,pooled,Diffusion_a1.0,3,lab_vol_spike,logistic,auc,0.697,1.66,8000,2026-06-03 01:43:35
A|5s|flow|nc3|Diffusion_a1.0,5s,flow,7,pooled,Diffusion_a1.0,3,lab_vol_spike,knn,auc,0.7196,1.66,8000,2026-06-03 01:43:35
A|5s|flow|nc3|Diffusion_a1.0,5s,flow,7,pooled,Diffusion_a1.0,3,reg_fwdvol,ridge,r2,0.1289,1.66,8000,2026-06-03 01:43:35
A|5s|flow|nc3|Diffusion_a1.0,5s,flow,7,pooled,Diffusion_a1.0,3,reg_fwdvol,knn,r2,0.2119,1.66,8000,2026-06-03 01:43:35
A|5s|flow|nc3|Diffusion_a1.0,5s,flow,7,pooled,Diffusion_a1.0,3,reg_curvol,ridge,r2,0.1258,1.66,8000,2026-06-03 01:43:35
A|5s|flow|nc3|Diffusion_a1.0,5s,flow,7,pooled,Diffusion_a1.0,3,reg_curvol,knn,r2,0.198,1.66,8000,2026-06-03 01:43:35
A|5s|flow|nc3|Diffusion_a1.0,5s,flow,7,pooled,Diffusion_a1.0,3,reg_relspread,ridge,r2,0.0412,1.66,8000,2026-06-03 01:43:35
A|5s|flow|nc3|Diffusion_a1.0,5s,flow,7,pooled,Diffusion_a1.0,3,reg_relspread,knn,r2,0.194,1.66,8000,2026-06-03 01:43:35
A|5s|flow|nc3|Diffusion_a1.0,5s,flow,7,pooled,Diffusion_a1.0,3,reg_intraday,ridge,r2,0.0122,1.66,8000,2026-06-03 01:43:35
A|5s|flow|nc3|Diffusion_a1.0,5s,flow,7,pooled,Diffusion_a1.0,3,reg_intraday,knn,r2,-0.0276,1.66,8000,2026-06-03 01:43:35
A|5s|flow|nc3|Diffusion_a0.5,5s,flow,7,pooled,Diffusion_a0.5,3,lab_stress,logistic,auc,0.62,1.69,8000,2026-06-03 01:43:37
A|5s|flow|nc3|Diffusion_a0.5,5s,flow,7,pooled,Diffusion_a0.5,3,lab_stress,knn,auc,0.6451,1.69,8000,2026-06-03 01:43:37
A|5s|flow|nc3|Diffusion_a0.5,5s,flow,7,pooled,Diffusion_a0.5,3,lab_depth_collapse,logistic,auc,0.5484,1.69,8000,2026-06-03 01:43:37
A|5s|flow|nc3|Diffusion_a0.5,5s,flow,7,pooled,Diffusion_a0.5,3,lab_depth_collapse,knn,auc,0.5388,1.69,8000,2026-06-03 01:43:37
A|5s|flow|nc3|Diffusion_a0.5,5s,flow,7,pooled,Diffusion_a0.5,3,lab_spread_widen,logistic,auc,0.536,1.69,8000,2026-06-03 01:43:37
A|5s|flow|nc3|Diffusion_a0.5,5s,flow,7,pooled,Diffusion_a0.5,3,lab_spread_widen,knn,auc,0.5215,1.69,8000,2026-06-03 01:43:37
A|5s|flow|nc3|Diffusion_a0.5,5s,flow,7,pooled,Diffusion_a0.5,3,lab_vol_spike,logistic,auc,0.7222,1.69,8000,2026-06-03 01:43:37
A|5s|flow|nc3|Diffusion_a0.5,5s,flow,7,pooled,Diffusion_a0.5,3,lab_vol_spike,knn,auc,0.7698,1.69,8000,2026-06-03 01:43:37
A|5s|flow|nc3|Diffusion_a0.5,5s,flow,7,pooled,Diffusion_a0.5,3,reg_fwdvol,ridge,r2,0.1105,1.69,8000,2026-06-03 01:43:37
A|5s|flow|nc3|Diffusion_a0.5,5s,flow,7,pooled,Diffusion_a0.5,3,reg_fwdvol,knn,r2,0.2951,1.69,8000,2026-06-03 01:43:37
A|5s|flow|nc3|Diffusion_a0.5,5s,flow,7,pooled,Diffusion_a0.5,3,reg_curvol,ridge,r2,0.1098,1.69,8000,2026-06-03 01:43:37
A|5s|flow|nc3|Diffusion_a0.5,5s,flow,7,pooled,Diffusion_a0.5,3,reg_curvol,knn,r2,0.2704,1.69,8000,2026-06-03 01:43:37
A|5s|flow|nc3|Diffusion_a0.5,5s,flow,7,pooled,Diffusion_a0.5,3,reg_relspread,ridge,r2,0.0631,1.69,8000,2026-06-03 01:43:37
A|5s|flow|nc3|Diffusion_a0.5,5s,flow,7,pooled,Diffusion_a0.5,3,reg_relspread,knn,r2,0.3065,1.69,8000,2026-06-03 01:43:37
A|5s|flow|nc3|Diffusion_a0.5,5s,flow,7,pooled,Diffusion_a0.5,3,reg_intraday,ridge,r2,0.0119,1.69,8000,2026-06-03 01:43:37
A|5s|flow|nc3|Diffusion_a0.5,5s,flow,7,pooled,Diffusion_a0.5,3,reg_intraday,knn,r2,-0.0213,1.69,8000,2026-06-03 01:43:37
A|5s|flow|nc5|PCA,5s,flow,7,pooled,PCA,5,lab_stress,logistic,auc,0.6662,0.0,8000,2026-06-03 01:43:37
A|5s|flow|nc5|PCA,5s,flow,7,pooled,PCA,5,lab_stress,knn,auc,0.7146,0.0,8000,2026-06-03 01:43:37
A|5s|flow|nc5|PCA,5s,flow,7,pooled,PCA,5,lab_depth_collapse,logistic,auc,0.5852,0.0,8000,2026-06-03 01:43:37
A|5s|flow|nc5|PCA,5s,flow,7,pooled,PCA,5,lab_depth_collapse,knn,auc,0.5552,0.0,8000,2026-06-03 01:43:37
A|5s|flow|nc5|PCA,5s,flow,7,pooled,PCA,5,lab_spread_widen,logistic,auc,0.541,0.0,8000,2026-06-03 01:43:37
A|5s|flow|nc5|PCA,5s,flow,7,pooled,PCA,5,lab_spread_widen,knn,auc,0.5443,0.0,8000,2026-06-03 01:43:37
A|5s|flow|nc5|PCA,5s,flow,7,pooled,PCA,5,lab_vol_spike,logistic,auc,0.8233,0.0,8000,2026-06-03 01:43:37
A|5s|flow|nc5|PCA,5s,flow,7,pooled,PCA,5,lab_vol_spike,knn,auc,0.8456,0.0,8000,2026-06-03 01:43:37
A|5s|flow|nc5|PCA,5s,flow,7,pooled,PCA,5,reg_fwdvol,ridge,r2,0.3754,0.0,8000,2026-06-03 01:43:37
A|5s|flow|nc5|PCA,5s,flow,7,pooled,PCA,5,reg_fwdvol,knn,r2,0.4931,0.0,8000,2026-06-03 01:43:37
A|5s|flow|nc5|PCA,5s,flow,7,pooled,PCA,5,reg_curvol,ridge,r2,0.3442,0.0,8000,2026-06-03 01:43:37
A|5s|flow|nc5|PCA,5s,flow,7,pooled,PCA,5,reg_curvol,knn,r2,0.4501,0.0,8000,2026-06-03 01:43:37
A|5s|flow|nc5|PCA,5s,flow,7,pooled,PCA,5,reg_relspread,ridge,r2,0.4458,0.0,8000,2026-06-03 01:43:37
A|5s|flow|nc5|PCA,5s,flow,7,pooled,PCA,5,reg_relspread,knn,r2,0.4928,0.0,8000,2026-06-03 01:43:37
A|5s|flow|nc5|PCA,5s,flow,7,pooled,PCA,5,reg_intraday,ridge,r2,0.0128,0.0,8000,2026-06-03 01:43:37
A|5s|flow|nc5|PCA,5s,flow,7,pooled,PCA,5,reg_intraday,knn,r2,0.0108,0.0,8000,2026-06-03 01:43:37
A|5s|flow|nc5|KernelPCA_rbf,5s,flow,7,pooled,KernelPCA_rbf,5,lab_stress,logistic,auc,0.6444,0.2,8000,2026-06-03 01:43:38
A|5s|flow|nc5|KernelPCA_rbf,5s,flow,7,pooled,KernelPCA_rbf,5,lab_stress,knn,auc,0.711,0.2,8000,2026-06-03 01:43:38
A|5s|flow|nc5|KernelPCA_rbf,5s,flow,7,pooled,KernelPCA_rbf,5,lab_depth_collapse,logistic,auc,0.5717,0.2,8000,2026-06-03 01:43:38
A|5s|flow|nc5|KernelPCA_rbf,5s,flow,7,pooled,KernelPCA_rbf,5,lab_depth_collapse,knn,auc,0.5557,0.2,8000,2026-06-03 01:43:38
A|5s|flow|nc5|KernelPCA_rbf,5s,flow,7,pooled,KernelPCA_rbf,5,lab_spread_widen,logistic,auc,0.5453,0.2,8000,2026-06-03 01:43:38
A|5s|flow|nc5|KernelPCA_rbf,5s,flow,7,pooled,KernelPCA_rbf,5,lab_spread_widen,knn,auc,0.5432,0.2,8000,2026-06-03 01:43:38
A|5s|flow|nc5|KernelPCA_rbf,5s,flow,7,pooled,KernelPCA_rbf,5,lab_vol_spike,logistic,auc,0.7684,0.2,8000,2026-06-03 01:43:38
A|5s|flow|nc5|KernelPCA_rbf,5s,flow,7,pooled,KernelPCA_rbf,5,lab_vol_spike,knn,auc,0.845,0.2,8000,2026-06-03 01:43:38
A|5s|flow|nc5|KernelPCA_rbf,5s,flow,7,pooled,KernelPCA_rbf,5,reg_fwdvol,ridge,r2,0.2291,0.2,8000,2026-06-03 01:43:38
A|5s|flow|nc5|KernelPCA_rbf,5s,flow,7,pooled,KernelPCA_rbf,5,reg_fwdvol,knn,r2,0.4728,0.2,8000,2026-06-03 01:43:38
A|5s|flow|nc5|KernelPCA_rbf,5s,flow,7,pooled,KernelPCA_rbf,5,reg_curvol,ridge,r2,0.21,0.2,8000,2026-06-03 01:43:38
A|5s|flow|nc5|KernelPCA_rbf,5s,flow,7,pooled,KernelPCA_rbf,5,reg_curvol,knn,r2,0.4321,0.2,8000,2026-06-03 01:43:38
A|5s|flow|nc5|KernelPCA_rbf,5s,flow,7,pooled,KernelPCA_rbf,5,reg_relspread,ridge,r2,0.3282,0.2,8000,2026-06-03 01:43:38
A|5s|flow|nc5|KernelPCA_rbf,5s,flow,7,pooled,KernelPCA_rbf,5,reg_relspread,knn,r2,0.4808,0.2,8000,2026-06-03 01:43:38
A|5s|flow|nc5|KernelPCA_rbf,5s,flow,7,pooled,KernelPCA_rbf,5,reg_intraday,ridge,r2,0.0054,0.2,8000,2026-06-03 01:43:38
A|5s|flow|nc5|KernelPCA_rbf,5s,flow,7,pooled,KernelPCA_rbf,5,reg_intraday,knn,r2,0.0127,0.2,8000,2026-06-03 01:43:38
A|5s|flow|nc5|Isomap_nn10,5s,flow,7,pooled,Isomap_nn10,5,lab_stress,logistic,auc,0.6697,1.5,8000,2026-06-03 01:43:40
A|5s|flow|nc5|Isomap_nn10,5s,flow,7,pooled,Isomap_nn10,5,lab_stress,knn,auc,0.7086,1.5,8000,2026-06-03 01:43:40
A|5s|flow|nc5|Isomap_nn10,5s,flow,7,pooled,Isomap_nn10,5,lab_depth_collapse,logistic,auc,0.5812,1.5,8000,2026-06-03 01:43:40
A|5s|flow|nc5|Isomap_nn10,5s,flow,7,pooled,Isomap_nn10,5,lab_depth_collapse,knn,auc,0.5411,1.5,8000,2026-06-03 01:43:40
A|5s|flow|nc5|Isomap_nn10,5s,flow,7,pooled,Isomap_nn10,5,lab_spread_widen,logistic,auc,0.4984,1.5,8000,2026-06-03 01:43:40
A|5s|flow|nc5|Isomap_nn10,5s,flow,7,pooled,Isomap_nn10,5,lab_spread_widen,knn,auc,0.5444,1.5,8000,2026-06-03 01:43:40
A|5s|flow|nc5|Isomap_nn10,5s,flow,7,pooled,Isomap_nn10,5,lab_vol_spike,logistic,auc,0.8279,1.5,8000,2026-06-03 01:43:40
A|5s|flow|nc5|Isomap_nn10,5s,flow,7,pooled,Isomap_nn10,5,lab_vol_spike,knn,auc,0.847,1.5,8000,2026-06-03 01:43:40
A|5s|flow|nc5|Isomap_nn10,5s,flow,7,pooled,Isomap_nn10,5,reg_fwdvol,ridge,r2,0.3693,1.5,8000,2026-06-03 01:43:40
A|5s|flow|nc5|Isomap_nn10,5s,flow,7,pooled,Isomap_nn10,5,reg_fwdvol,knn,r2,0.487,1.5,8000,2026-06-03 01:43:40
A|5s|flow|nc5|Isomap_nn10,5s,flow,7,pooled,Isomap_nn10,5,reg_curvol,ridge,r2,0.3435,1.5,8000,2026-06-03 01:43:40
A|5s|flow|nc5|Isomap_nn10,5s,flow,7,pooled,Isomap_nn10,5,reg_curvol,knn,r2,0.4446,1.5,8000,2026-06-03 01:43:40
A|5s|flow|nc5|Isomap_nn10,5s,flow,7,pooled,Isomap_nn10,5,reg_relspread,ridge,r2,0.4039,1.5,8000,2026-06-03 01:43:40
A|5s|flow|nc5|Isomap_nn10,5s,flow,7,pooled,Isomap_nn10,5,reg_relspread,knn,r2,0.4803,1.5,8000,2026-06-03 01:43:40
A|5s|flow|nc5|Isomap_nn10,5s,flow,7,pooled,Isomap_nn10,5,reg_intraday,ridge,r2,0.0119,1.5,8000,2026-06-03 01:43:40
A|5s|flow|nc5|Isomap_nn10,5s,flow,7,pooled,Isomap_nn10,5,reg_intraday,knn,r2,0.0041,1.5,8000,2026-06-03 01:43:40
A|5s|flow|nc5|Isomap_nn30,5s,flow,7,pooled,Isomap_nn30,5,lab_stress,logistic,auc,0.6696,2.52,8000,2026-06-03 01:43:43
A|5s|flow|nc5|Isomap_nn30,5s,flow,7,pooled,Isomap_nn30,5,lab_stress,knn,auc,0.7217,2.52,8000,2026-06-03 01:43:43
A|5s|flow|nc5|Isomap_nn30,5s,flow,7,pooled,Isomap_nn30,5,lab_depth_collapse,logistic,auc,0.5818,2.52,8000,2026-06-03 01:43:43
A|5s|flow|nc5|Isomap_nn30,5s,flow,7,pooled,Isomap_nn30,5,lab_depth_collapse,knn,auc,0.5536,2.52,8000,2026-06-03 01:43:43
A|5s|flow|nc5|Isomap_nn30,5s,flow,7,pooled,Isomap_nn30,5,lab_spread_widen,logistic,auc,0.5246,2.52,8000,2026-06-03 01:43:43
A|5s|flow|nc5|Isomap_nn30,5s,flow,7,pooled,Isomap_nn30,5,lab_spread_widen,knn,auc,0.5416,2.52,8000,2026-06-03 01:43:43
A|5s|flow|nc5|Isomap_nn30,5s,flow,7,pooled,Isomap_nn30,5,lab_vol_spike,logistic,auc,0.8227,2.52,8000,2026-06-03 01:43:43
A|5s|flow|nc5|Isomap_nn30,5s,flow,7,pooled,Isomap_nn30,5,lab_vol_spike,knn,auc,0.8493,2.52,8000,2026-06-03 01:43:43
A|5s|flow|nc5|Isomap_nn30,5s,flow,7,pooled,Isomap_nn30,5,reg_fwdvol,ridge,r2,0.3536,2.52,8000,2026-06-03 01:43:43
A|5s|flow|nc5|Isomap_nn30,5s,flow,7,pooled,Isomap_nn30,5,reg_fwdvol,knn,r2,0.494,2.52,8000,2026-06-03 01:43:43
A|5s|flow|nc5|Isomap_nn30,5s,flow,7,pooled,Isomap_nn30,5,reg_curvol,ridge,r2,0.3273,2.52,8000,2026-06-03 01:43:43
A|5s|flow|nc5|Isomap_nn30,5s,flow,7,pooled,Isomap_nn30,5,reg_curvol,knn,r2,0.4512,2.52,8000,2026-06-03 01:43:43
A|5s|flow|nc5|Isomap_nn30,5s,flow,7,pooled,Isomap_nn30,5,reg_relspread,ridge,r2,0.3854,2.52,8000,2026-06-03 01:43:43
A|5s|flow|nc5|Isomap_nn30,5s,flow,7,pooled,Isomap_nn30,5,reg_relspread,knn,r2,0.49,2.52,8000,2026-06-03 01:43:43
A|5s|flow|nc5|Isomap_nn30,5s,flow,7,pooled,Isomap_nn30,5,reg_intraday,ridge,r2,0.0122,2.52,8000,2026-06-03 01:43:43
A|5s|flow|nc5|Isomap_nn30,5s,flow,7,pooled,Isomap_nn30,5,reg_intraday,knn,r2,0.0185,2.52,8000,2026-06-03 01:43:43
A|5s|flow|nc5|LLE,5s,flow,7,pooled,LLE,5,lab_stress,logistic,auc,0.672,0.4,8000,2026-06-03 01:43:44
A|5s|flow|nc5|LLE,5s,flow,7,pooled,LLE,5,lab_stress,knn,auc,0.7204,0.4,8000,2026-06-03 01:43:44
A|5s|flow|nc5|LLE,5s,flow,7,pooled,LLE,5,lab_depth_collapse,logistic,auc,0.576,0.4,8000,2026-06-03 01:43:44
A|5s|flow|nc5|LLE,5s,flow,7,pooled,LLE,5,lab_depth_collapse,knn,auc,0.5639,0.4,8000,2026-06-03 01:43:44
A|5s|flow|nc5|LLE,5s,flow,7,pooled,LLE,5,lab_spread_widen,logistic,auc,0.5133,0.4,8000,2026-06-03 01:43:44
A|5s|flow|nc5|LLE,5s,flow,7,pooled,LLE,5,lab_spread_widen,knn,auc,0.5412,0.4,8000,2026-06-03 01:43:44
A|5s|flow|nc5|LLE,5s,flow,7,pooled,LLE,5,lab_vol_spike,logistic,auc,0.8205,0.4,8000,2026-06-03 01:43:44
A|5s|flow|nc5|LLE,5s,flow,7,pooled,LLE,5,lab_vol_spike,knn,auc,0.8454,0.4,8000,2026-06-03 01:43:44
A|5s|flow|nc5|LLE,5s,flow,7,pooled,LLE,5,reg_fwdvol,ridge,r2,0.3465,0.4,8000,2026-06-03 01:43:44
A|5s|flow|nc5|LLE,5s,flow,7,pooled,LLE,5,reg_fwdvol,knn,r2,0.4808,0.4,8000,2026-06-03 01:43:44
A|5s|flow|nc5|LLE,5s,flow,7,pooled,LLE,5,reg_curvol,ridge,r2,0.3202,0.4,8000,2026-06-03 01:43:44
A|5s|flow|nc5|LLE,5s,flow,7,pooled,LLE,5,reg_curvol,knn,r2,0.4406,0.4,8000,2026-06-03 01:43:44
A|5s|flow|nc5|LLE,5s,flow,7,pooled,LLE,5,reg_relspread,ridge,r2,0.2735,0.4,8000,2026-06-03 01:43:44
A|5s|flow|nc5|LLE,5s,flow,7,pooled,LLE,5,reg_relspread,knn,r2,0.4647,0.4,8000,2026-06-03 01:43:44
A|5s|flow|nc5|LLE,5s,flow,7,pooled,LLE,5,reg_intraday,ridge,r2,0.0132,0.4,8000,2026-06-03 01:43:44
A|5s|flow|nc5|LLE,5s,flow,7,pooled,LLE,5,reg_intraday,knn,r2,0.0006,0.4,8000,2026-06-03 01:43:44
A|5s|flow|nc5|UMAP_nn15,5s,flow,7,pooled,UMAP_nn15,5,lab_stress,logistic,auc,0.614,17.92,8000,2026-06-03 01:44:02
A|5s|flow|nc5|UMAP_nn15,5s,flow,7,pooled,UMAP_nn15,5,lab_stress,knn,auc,0.7075,17.92,8000,2026-06-03 01:44:02
A|5s|flow|nc5|UMAP_nn15,5s,flow,7,pooled,UMAP_nn15,5,lab_depth_collapse,logistic,auc,0.571,17.92,8000,2026-06-03 01:44:02
A|5s|flow|nc5|UMAP_nn15,5s,flow,7,pooled,UMAP_nn15,5,lab_depth_collapse,knn,auc,0.5545,17.92,8000,2026-06-03 01:44:02
A|5s|flow|nc5|UMAP_nn15,5s,flow,7,pooled,UMAP_nn15,5,lab_spread_widen,logistic,auc,0.5013,17.92,8000,2026-06-03 01:44:02
A|5s|flow|nc5|UMAP_nn15,5s,flow,7,pooled,UMAP_nn15,5,lab_spread_widen,knn,auc,0.5445,17.92,8000,2026-06-03 01:44:02
A|5s|flow|nc5|UMAP_nn15,5s,flow,7,pooled,UMAP_nn15,5,lab_vol_spike,logistic,auc,0.6781,17.92,8000,2026-06-03 01:44:02
A|5s|flow|nc5|UMAP_nn15,5s,flow,7,pooled,UMAP_nn15,5,lab_vol_spike,knn,auc,0.8456,17.92,8000,2026-06-03 01:44:02
A|5s|flow|nc5|UMAP_nn15,5s,flow,7,pooled,UMAP_nn15,5,reg_fwdvol,ridge,r2,0.0995,17.92,8000,2026-06-03 01:44:02
A|5s|flow|nc5|UMAP_nn15,5s,flow,7,pooled,UMAP_nn15,5,reg_fwdvol,knn,r2,0.4814,17.92,8000,2026-06-03 01:44:02
A|5s|flow|nc5|UMAP_nn15,5s,flow,7,pooled,UMAP_nn15,5,reg_curvol,ridge,r2,0.0959,17.92,8000,2026-06-03 01:44:02
A|5s|flow|nc5|UMAP_nn15,5s,flow,7,pooled,UMAP_nn15,5,reg_curvol,knn,r2,0.4401,17.92,8000,2026-06-03 01:44:02
A|5s|flow|nc5|UMAP_nn15,5s,flow,7,pooled,UMAP_nn15,5,reg_relspread,ridge,r2,0.2363,17.92,8000,2026-06-03 01:44:02
A|5s|flow|nc5|UMAP_nn15,5s,flow,7,pooled,UMAP_nn15,5,reg_relspread,knn,r2,0.4773,17.92,8000,2026-06-03 01:44:02
A|5s|flow|nc5|UMAP_nn15,5s,flow,7,pooled,UMAP_nn15,5,reg_intraday,ridge,r2,0.0071,17.92,8000,2026-06-03 01:44:02
A|5s|flow|nc5|UMAP_nn15,5s,flow,7,pooled,UMAP_nn15,5,reg_intraday,knn,r2,-0.001,17.92,8000,2026-06-03 01:44:02
A|5s|flow|nc5|UMAP_nn50,5s,flow,7,pooled,UMAP_nn50,5,lab_stress,logistic,auc,0.541,19.4,8000,2026-06-03 01:44:22
A|5s|flow|nc5|UMAP_nn50,5s,flow,7,pooled,UMAP_nn50,5,lab_stress,knn,auc,0.7118,19.4,8000,2026-06-03 01:44:22
A|5s|flow|nc5|UMAP_nn50,5s,flow,7,pooled,UMAP_nn50,5,lab_depth_collapse,logistic,auc,0.5037,19.4,8000,2026-06-03 01:44:22
A|5s|flow|nc5|UMAP_nn50,5s,flow,7,pooled,UMAP_nn50,5,lab_depth_collapse,knn,auc,0.5476,19.4,8000,2026-06-03 01:44:22
A|5s|flow|nc5|UMAP_nn50,5s,flow,7,pooled,UMAP_nn50,5,lab_spread_widen,logistic,auc,0.5152,19.4,8000,2026-06-03 01:44:22
A|5s|flow|nc5|UMAP_nn50,5s,flow,7,pooled,UMAP_nn50,5,lab_spread_widen,knn,auc,0.552,19.4,8000,2026-06-03 01:44:22
A|5s|flow|nc5|UMAP_nn50,5s,flow,7,pooled,UMAP_nn50,5,lab_vol_spike,logistic,auc,0.5464,19.4,8000,2026-06-03 01:44:22
A|5s|flow|nc5|UMAP_nn50,5s,flow,7,pooled,UMAP_nn50,5,lab_vol_spike,knn,auc,0.8495,19.4,8000,2026-06-03 01:44:22
A|5s|flow|nc5|UMAP_nn50,5s,flow,7,pooled,UMAP_nn50,5,reg_fwdvol,ridge,r2,0.0177,19.4,8000,2026-06-03 01:44:22
A|5s|flow|nc5|UMAP_nn50,5s,flow,7,pooled,UMAP_nn50,5,reg_fwdvol,knn,r2,0.4858,19.4,8000,2026-06-03 01:44:22
A|5s|flow|nc5|UMAP_nn50,5s,flow,7,pooled,UMAP_nn50,5,reg_curvol,ridge,r2,0.018,19.4,8000,2026-06-03 01:44:22
A|5s|flow|nc5|UMAP_nn50,5s,flow,7,pooled,UMAP_nn50,5,reg_curvol,knn,r2,0.4425,19.4,8000,2026-06-03 01:44:22
A|5s|flow|nc5|UMAP_nn50,5s,flow,7,pooled,UMAP_nn50,5,reg_relspread,ridge,r2,0.0027,19.4,8000,2026-06-03 01:44:22
A|5s|flow|nc5|UMAP_nn50,5s,flow,7,pooled,UMAP_nn50,5,reg_relspread,knn,r2,0.4837,19.4,8000,2026-06-03 01:44:22
A|5s|flow|nc5|UMAP_nn50,5s,flow,7,pooled,UMAP_nn50,5,reg_intraday,ridge,r2,-0.0002,19.4,8000,2026-06-03 01:44:22
A|5s|flow|nc5|UMAP_nn50,5s,flow,7,pooled,UMAP_nn50,5,reg_intraday,knn,r2,0.004,19.4,8000,2026-06-03 01:44:22
A|5s|flow|nc5|Diffusion_a1.0,5s,flow,7,pooled,Diffusion_a1.0,5,lab_stress,logistic,auc,0.6505,1.62,8000,2026-06-03 01:44:24
A|5s|flow|nc5|Diffusion_a1.0,5s,flow,7,pooled,Diffusion_a1.0,5,lab_stress,knn,auc,0.7141,1.62,8000,2026-06-03 01:44:24
A|5s|flow|nc5|Diffusion_a1.0,5s,flow,7,pooled,Diffusion_a1.0,5,lab_depth_collapse,logistic,auc,0.5742,1.62,8000,2026-06-03 01:44:24
A|5s|flow|nc5|Diffusion_a1.0,5s,flow,7,pooled,Diffusion_a1.0,5,lab_depth_collapse,knn,auc,0.5568,1.62,8000,2026-06-03 01:44:24
A|5s|flow|nc5|Diffusion_a1.0,5s,flow,7,pooled,Diffusion_a1.0,5,lab_spread_widen,logistic,auc,0.5423,1.62,8000,2026-06-03 01:44:24
A|5s|flow|nc5|Diffusion_a1.0,5s,flow,7,pooled,Diffusion_a1.0,5,lab_spread_widen,knn,auc,0.5321,1.62,8000,2026-06-03 01:44:24
A|5s|flow|nc5|Diffusion_a1.0,5s,flow,7,pooled,Diffusion_a1.0,5,lab_vol_spike,logistic,auc,0.808,1.62,8000,2026-06-03 01:44:24
A|5s|flow|nc5|Diffusion_a1.0,5s,flow,7,pooled,Diffusion_a1.0,5,lab_vol_spike,knn,auc,0.8418,1.62,8000,2026-06-03 01:44:24
A|5s|flow|nc5|Diffusion_a1.0,5s,flow,7,pooled,Diffusion_a1.0,5,reg_fwdvol,ridge,r2,0.2799,1.62,8000,2026-06-03 01:44:24
A|5s|flow|nc5|Diffusion_a1.0,5s,flow,7,pooled,Diffusion_a1.0,5,reg_fwdvol,knn,r2,0.4778,1.62,8000,2026-06-03 01:44:24
A|5s|flow|nc5|Diffusion_a1.0,5s,flow,7,pooled,Diffusion_a1.0,5,reg_curvol,ridge,r2,0.2521,1.62,8000,2026-06-03 01:44:24
A|5s|flow|nc5|Diffusion_a1.0,5s,flow,7,pooled,Diffusion_a1.0,5,reg_curvol,knn,r2,0.4336,1.62,8000,2026-06-03 01:44:24
A|5s|flow|nc5|Diffusion_a1.0,5s,flow,7,pooled,Diffusion_a1.0,5,reg_relspread,ridge,r2,0.3012,1.62,8000,2026-06-03 01:44:24
A|5s|flow|nc5|Diffusion_a1.0,5s,flow,7,pooled,Diffusion_a1.0,5,reg_relspread,knn,r2,0.4774,1.62,8000,2026-06-03 01:44:24
A|5s|flow|nc5|Diffusion_a1.0,5s,flow,7,pooled,Diffusion_a1.0,5,reg_intraday,ridge,r2,0.0127,1.62,8000,2026-06-03 01:44:24
A|5s|flow|nc5|Diffusion_a1.0,5s,flow,7,pooled,Diffusion_a1.0,5,reg_intraday,knn,r2,0.0138,1.62,8000,2026-06-03 01:44:24
A|5s|flow|nc5|Diffusion_a0.5,5s,flow,7,pooled,Diffusion_a0.5,5,lab_stress,logistic,auc,0.661,1.63,8000,2026-06-03 01:44:26
A|5s|flow|nc5|Diffusion_a0.5,5s,flow,7,pooled,Diffusion_a0.5,5,lab_stress,knn,auc,0.7152,1.63,8000,2026-06-03 01:44:26
A|5s|flow|nc5|Diffusion_a0.5,5s,flow,7,pooled,Diffusion_a0.5,5,lab_depth_collapse,logistic,auc,0.5841,1.63,8000,2026-06-03 01:44:26
A|5s|flow|nc5|Diffusion_a0.5,5s,flow,7,pooled,Diffusion_a0.5,5,lab_depth_collapse,knn,auc,0.5571,1.63,8000,2026-06-03 01:44:26
A|5s|flow|nc5|Diffusion_a0.5,5s,flow,7,pooled,Diffusion_a0.5,5,lab_spread_widen,logistic,auc,0.5383,1.63,8000,2026-06-03 01:44:26
A|5s|flow|nc5|Diffusion_a0.5,5s,flow,7,pooled,Diffusion_a0.5,5,lab_spread_widen,knn,auc,0.5502,1.63,8000,2026-06-03 01:44:26
A|5s|flow|nc5|Diffusion_a0.5,5s,flow,7,pooled,Diffusion_a0.5,5,lab_vol_spike,logistic,auc,0.8198,1.63,8000,2026-06-03 01:44:26
A|5s|flow|nc5|Diffusion_a0.5,5s,flow,7,pooled,Diffusion_a0.5,5,lab_vol_spike,knn,auc,0.8465,1.63,8000,2026-06-03 01:44:26
A|5s|flow|nc5|Diffusion_a0.5,5s,flow,7,pooled,Diffusion_a0.5,5,reg_fwdvol,ridge,r2,0.3781,1.63,8000,2026-06-03 01:44:26
A|5s|flow|nc5|Diffusion_a0.5,5s,flow,7,pooled,Diffusion_a0.5,5,reg_fwdvol,knn,r2,0.4847,1.63,8000,2026-06-03 01:44:26
A|5s|flow|nc5|Diffusion_a0.5,5s,flow,7,pooled,Diffusion_a0.5,5,reg_curvol,ridge,r2,0.3431,1.63,8000,2026-06-03 01:44:26
A|5s|flow|nc5|Diffusion_a0.5,5s,flow,7,pooled,Diffusion_a0.5,5,reg_curvol,knn,r2,0.4427,1.63,8000,2026-06-03 01:44:26
A|5s|flow|nc5|Diffusion_a0.5,5s,flow,7,pooled,Diffusion_a0.5,5,reg_relspread,ridge,r2,0.4197,1.63,8000,2026-06-03 01:44:26
A|5s|flow|nc5|Diffusion_a0.5,5s,flow,7,pooled,Diffusion_a0.5,5,reg_relspread,knn,r2,0.4868,1.63,8000,2026-06-03 01:44:26
A|5s|flow|nc5|Diffusion_a0.5,5s,flow,7,pooled,Diffusion_a0.5,5,reg_intraday,ridge,r2,0.0123,1.63,8000,2026-06-03 01:44:26
A|5s|flow|nc5|Diffusion_a0.5,5s,flow,7,pooled,Diffusion_a0.5,5,reg_intraday,knn,r2,0.0139,1.63,8000,2026-06-03 01:44:26
A|5s|dynamics|nc2|PCA,5s,dynamics,4,pooled,PCA,2,lab_stress,logistic,auc,0.7605,0.0,8000,2026-06-03 01:44:26
A|5s|dynamics|nc2|PCA,5s,dynamics,4,pooled,PCA,2,lab_stress,knn,auc,0.7575,0.0,8000,2026-06-03 01:44:26
A|5s|dynamics|nc2|PCA,5s,dynamics,4,pooled,PCA,2,lab_depth_collapse,logistic,auc,0.6893,0.0,8000,2026-06-03 01:44:26
A|5s|dynamics|nc2|PCA,5s,dynamics,4,pooled,PCA,2,lab_depth_collapse,knn,auc,0.6873,0.0,8000,2026-06-03 01:44:26
A|5s|dynamics|nc2|PCA,5s,dynamics,4,pooled,PCA,2,lab_spread_widen,logistic,auc,0.6862,0.0,8000,2026-06-03 01:44:26
A|5s|dynamics|nc2|PCA,5s,dynamics,4,pooled,PCA,2,lab_spread_widen,knn,auc,0.6801,0.0,8000,2026-06-03 01:44:26
A|5s|dynamics|nc2|PCA,5s,dynamics,4,pooled,PCA,2,lab_vol_spike,logistic,auc,0.9646,0.0,8000,2026-06-03 01:44:26
A|5s|dynamics|nc2|PCA,5s,dynamics,4,pooled,PCA,2,lab_vol_spike,knn,auc,0.9619,0.0,8000,2026-06-03 01:44:26
A|5s|dynamics|nc2|PCA,5s,dynamics,4,pooled,PCA,2,reg_fwdvol,ridge,r2,0.7704,0.0,8000,2026-06-03 01:44:26
A|5s|dynamics|nc2|PCA,5s,dynamics,4,pooled,PCA,2,reg_fwdvol,knn,r2,0.8563,0.0,8000,2026-06-03 01:44:26
A|5s|dynamics|nc2|PCA,5s,dynamics,4,pooled,PCA,2,reg_curvol,ridge,r2,0.8468,0.0,8000,2026-06-03 01:44:26
A|5s|dynamics|nc2|PCA,5s,dynamics,4,pooled,PCA,2,reg_curvol,knn,r2,0.9718,0.0,8000,2026-06-03 01:44:26
A|5s|dynamics|nc2|PCA,5s,dynamics,4,pooled,PCA,2,reg_relspread,ridge,r2,0.3066,0.0,8000,2026-06-03 01:44:26
A|5s|dynamics|nc2|PCA,5s,dynamics,4,pooled,PCA,2,reg_relspread,knn,r2,0.4756,0.0,8000,2026-06-03 01:44:26
A|5s|dynamics|nc2|PCA,5s,dynamics,4,pooled,PCA,2,reg_intraday,ridge,r2,0.0854,0.0,8000,2026-06-03 01:44:26
A|5s|dynamics|nc2|PCA,5s,dynamics,4,pooled,PCA,2,reg_intraday,knn,r2,0.0613,0.0,8000,2026-06-03 01:44:26
A|5s|dynamics|nc2|KernelPCA_rbf,5s,dynamics,4,pooled,KernelPCA_rbf,2,lab_stress,logistic,auc,0.7412,0.19,8000,2026-06-03 01:44:27
A|5s|dynamics|nc2|KernelPCA_rbf,5s,dynamics,4,pooled,KernelPCA_rbf,2,lab_stress,knn,auc,0.7478,0.19,8000,2026-06-03 01:44:27
A|5s|dynamics|nc2|KernelPCA_rbf,5s,dynamics,4,pooled,KernelPCA_rbf,2,lab_depth_collapse,logistic,auc,0.7159,0.19,8000,2026-06-03 01:44:27
A|5s|dynamics|nc2|KernelPCA_rbf,5s,dynamics,4,pooled,KernelPCA_rbf,2,lab_depth_collapse,knn,auc,0.7211,0.19,8000,2026-06-03 01:44:27
A|5s|dynamics|nc2|KernelPCA_rbf,5s,dynamics,4,pooled,KernelPCA_rbf,2,lab_spread_widen,logistic,auc,0.5771,0.19,8000,2026-06-03 01:44:27
A|5s|dynamics|nc2|KernelPCA_rbf,5s,dynamics,4,pooled,KernelPCA_rbf,2,lab_spread_widen,knn,auc,0.5802,0.19,8000,2026-06-03 01:44:27
A|5s|dynamics|nc2|KernelPCA_rbf,5s,dynamics,4,pooled,KernelPCA_rbf,2,lab_vol_spike,logistic,auc,0.9529,0.19,8000,2026-06-03 01:44:27
A|5s|dynamics|nc2|KernelPCA_rbf,5s,dynamics,4,pooled,KernelPCA_rbf,2,lab_vol_spike,knn,auc,0.9581,0.19,8000,2026-06-03 01:44:27
A|5s|dynamics|nc2|KernelPCA_rbf,5s,dynamics,4,pooled,KernelPCA_rbf,2,reg_fwdvol,ridge,r2,0.6641,0.19,8000,2026-06-03 01:44:27
A|5s|dynamics|nc2|KernelPCA_rbf,5s,dynamics,4,pooled,KernelPCA_rbf,2,reg_fwdvol,knn,r2,0.8163,0.19,8000,2026-06-03 01:44:27
A|5s|dynamics|nc2|KernelPCA_rbf,5s,dynamics,4,pooled,KernelPCA_rbf,2,reg_curvol,ridge,r2,0.7341,0.19,8000,2026-06-03 01:44:27
A|5s|dynamics|nc2|KernelPCA_rbf,5s,dynamics,4,pooled,KernelPCA_rbf,2,reg_curvol,knn,r2,0.896,0.19,8000,2026-06-03 01:44:27
A|5s|dynamics|nc2|KernelPCA_rbf,5s,dynamics,4,pooled,KernelPCA_rbf,2,reg_relspread,ridge,r2,0.3676,0.19,8000,2026-06-03 01:44:27
A|5s|dynamics|nc2|KernelPCA_rbf,5s,dynamics,4,pooled,KernelPCA_rbf,2,reg_relspread,knn,r2,0.4353,0.19,8000,2026-06-03 01:44:27
A|5s|dynamics|nc2|KernelPCA_rbf,5s,dynamics,4,pooled,KernelPCA_rbf,2,reg_intraday,ridge,r2,0.0489,0.19,8000,2026-06-03 01:44:27
A|5s|dynamics|nc2|KernelPCA_rbf,5s,dynamics,4,pooled,KernelPCA_rbf,2,reg_intraday,knn,r2,0.0555,0.19,8000,2026-06-03 01:44:27
A|5s|dynamics|nc2|Isomap_nn10,5s,dynamics,4,pooled,Isomap_nn10,2,lab_stress,logistic,auc,0.5014,1.56,8000,2026-06-03 01:44:28
A|5s|dynamics|nc2|Isomap_nn10,5s,dynamics,4,pooled,Isomap_nn10,2,lab_stress,knn,auc,0.7142,1.56,8000,2026-06-03 01:44:28
A|5s|dynamics|nc2|Isomap_nn10,5s,dynamics,4,pooled,Isomap_nn10,2,lab_depth_collapse,logistic,auc,0.7124,1.56,8000,2026-06-03 01:44:28
A|5s|dynamics|nc2|Isomap_nn10,5s,dynamics,4,pooled,Isomap_nn10,2,lab_depth_collapse,knn,auc,0.7252,1.56,8000,2026-06-03 01:44:28
A|5s|dynamics|nc2|Isomap_nn10,5s,dynamics,4,pooled,Isomap_nn10,2,lab_spread_widen,logistic,auc,0.7194,1.56,8000,2026-06-03 01:44:28
A|5s|dynamics|nc2|Isomap_nn10,5s,dynamics,4,pooled,Isomap_nn10,2,lab_spread_widen,knn,auc,0.7026,1.56,8000,2026-06-03 01:44:28
A|5s|dynamics|nc2|Isomap_nn10,5s,dynamics,4,pooled,Isomap_nn10,2,lab_vol_spike,logistic,auc,0.5272,1.56,8000,2026-06-03 01:44:28
A|5s|dynamics|nc2|Isomap_nn10,5s,dynamics,4,pooled,Isomap_nn10,2,lab_vol_spike,knn,auc,0.885,1.56,8000,2026-06-03 01:44:28
A|5s|dynamics|nc2|Isomap_nn10,5s,dynamics,4,pooled,Isomap_nn10,2,reg_fwdvol,ridge,r2,0.0019,1.56,8000,2026-06-03 01:44:28
A|5s|dynamics|nc2|Isomap_nn10,5s,dynamics,4,pooled,Isomap_nn10,2,reg_fwdvol,knn,r2,0.4902,1.56,8000,2026-06-03 01:44:28
A|5s|dynamics|nc2|Isomap_nn10,5s,dynamics,4,pooled,Isomap_nn10,2,reg_curvol,ridge,r2,0.0017,1.56,8000,2026-06-03 01:44:28
A|5s|dynamics|nc2|Isomap_nn10,5s,dynamics,4,pooled,Isomap_nn10,2,reg_curvol,knn,r2,0.5207,1.56,8000,2026-06-03 01:44:28
A|5s|dynamics|nc2|Isomap_nn10,5s,dynamics,4,pooled,Isomap_nn10,2,reg_relspread,ridge,r2,0.0541,1.56,8000,2026-06-03 01:44:28
A|5s|dynamics|nc2|Isomap_nn10,5s,dynamics,4,pooled,Isomap_nn10,2,reg_relspread,knn,r2,0.3505,1.56,8000,2026-06-03 01:44:28
A|5s|dynamics|nc2|Isomap_nn10,5s,dynamics,4,pooled,Isomap_nn10,2,reg_intraday,ridge,r2,-0.0027,1.56,8000,2026-06-03 01:44:28
A|5s|dynamics|nc2|Isomap_nn10,5s,dynamics,4,pooled,Isomap_nn10,2,reg_intraday,knn,r2,0.0035,1.56,8000,2026-06-03 01:44:28
A|5s|dynamics|nc2|Isomap_nn30,5s,dynamics,4,pooled,Isomap_nn30,2,lab_stress,logistic,auc,0.614,2.69,8000,2026-06-03 01:44:31
A|5s|dynamics|nc2|Isomap_nn30,5s,dynamics,4,pooled,Isomap_nn30,2,lab_stress,knn,auc,0.6918,2.69,8000,2026-06-03 01:44:31
A|5s|dynamics|nc2|Isomap_nn30,5s,dynamics,4,pooled,Isomap_nn30,2,lab_depth_collapse,logistic,auc,0.7242,2.69,8000,2026-06-03 01:44:31
A|5s|dynamics|nc2|Isomap_nn30,5s,dynamics,4,pooled,Isomap_nn30,2,lab_depth_collapse,knn,auc,0.7306,2.69,8000,2026-06-03 01:44:31
A|5s|dynamics|nc2|Isomap_nn30,5s,dynamics,4,pooled,Isomap_nn30,2,lab_spread_widen,logistic,auc,0.709,2.69,8000,2026-06-03 01:44:31
A|5s|dynamics|nc2|Isomap_nn30,5s,dynamics,4,pooled,Isomap_nn30,2,lab_spread_widen,knn,auc,0.7094,2.69,8000,2026-06-03 01:44:31
A|5s|dynamics|nc2|Isomap_nn30,5s,dynamics,4,pooled,Isomap_nn30,2,lab_vol_spike,logistic,auc,0.6924,2.69,8000,2026-06-03 01:44:31
A|5s|dynamics|nc2|Isomap_nn30,5s,dynamics,4,pooled,Isomap_nn30,2,lab_vol_spike,knn,auc,0.8219,2.69,8000,2026-06-03 01:44:31
A|5s|dynamics|nc2|Isomap_nn30,5s,dynamics,4,pooled,Isomap_nn30,2,reg_fwdvol,ridge,r2,0.0987,2.69,8000,2026-06-03 01:44:31
A|5s|dynamics|nc2|Isomap_nn30,5s,dynamics,4,pooled,Isomap_nn30,2,reg_fwdvol,knn,r2,0.4023,2.69,8000,2026-06-03 01:44:31
A|5s|dynamics|nc2|Isomap_nn30,5s,dynamics,4,pooled,Isomap_nn30,2,reg_curvol,ridge,r2,0.1072,2.69,8000,2026-06-03 01:44:31
A|5s|dynamics|nc2|Isomap_nn30,5s,dynamics,4,pooled,Isomap_nn30,2,reg_curvol,knn,r2,0.4338,2.69,8000,2026-06-03 01:44:31
A|5s|dynamics|nc2|Isomap_nn30,5s,dynamics,4,pooled,Isomap_nn30,2,reg_relspread,ridge,r2,0.1454,2.69,8000,2026-06-03 01:44:31
A|5s|dynamics|nc2|Isomap_nn30,5s,dynamics,4,pooled,Isomap_nn30,2,reg_relspread,knn,r2,0.3875,2.69,8000,2026-06-03 01:44:31
A|5s|dynamics|nc2|Isomap_nn30,5s,dynamics,4,pooled,Isomap_nn30,2,reg_intraday,ridge,r2,0.0094,2.69,8000,2026-06-03 01:44:31
A|5s|dynamics|nc2|Isomap_nn30,5s,dynamics,4,pooled,Isomap_nn30,2,reg_intraday,knn,r2,0.0004,2.69,8000,2026-06-03 01:44:31
A|5s|dynamics|nc2|LLE,5s,dynamics,4,pooled,LLE,2,lab_stress,logistic,auc,0.7342,0.43,8000,2026-06-03 01:44:32
A|5s|dynamics|nc2|LLE,5s,dynamics,4,pooled,LLE,2,lab_stress,knn,auc,0.7213,0.43,8000,2026-06-03 01:44:32
A|5s|dynamics|nc2|LLE,5s,dynamics,4,pooled,LLE,2,lab_depth_collapse,logistic,auc,0.6623,0.43,8000,2026-06-03 01:44:32
A|5s|dynamics|nc2|LLE,5s,dynamics,4,pooled,LLE,2,lab_depth_collapse,knn,auc,0.6803,0.43,8000,2026-06-03 01:44:32
A|5s|dynamics|nc2|LLE,5s,dynamics,4,pooled,LLE,2,lab_spread_widen,logistic,auc,0.5879,0.43,8000,2026-06-03 01:44:32
A|5s|dynamics|nc2|LLE,5s,dynamics,4,pooled,LLE,2,lab_spread_widen,knn,auc,0.564,0.43,8000,2026-06-03 01:44:32
A|5s|dynamics|nc2|LLE,5s,dynamics,4,pooled,LLE,2,lab_vol_spike,logistic,auc,0.9193,0.43,8000,2026-06-03 01:44:32
A|5s|dynamics|nc2|LLE,5s,dynamics,4,pooled,LLE,2,lab_vol_spike,knn,auc,0.9263,0.43,8000,2026-06-03 01:44:32
A|5s|dynamics|nc2|LLE,5s,dynamics,4,pooled,LLE,2,reg_fwdvol,ridge,r2,0.6641,0.43,8000,2026-06-03 01:44:32
A|5s|dynamics|nc2|LLE,5s,dynamics,4,pooled,LLE,2,reg_fwdvol,knn,r2,0.7583,0.43,8000,2026-06-03 01:44:32
A|5s|dynamics|nc2|LLE,5s,dynamics,4,pooled,LLE,2,reg_curvol,ridge,r2,0.7301,0.43,8000,2026-06-03 01:44:32
A|5s|dynamics|nc2|LLE,5s,dynamics,4,pooled,LLE,2,reg_curvol,knn,r2,0.8499,0.43,8000,2026-06-03 01:44:32
A|5s|dynamics|nc2|LLE,5s,dynamics,4,pooled,LLE,2,reg_relspread,ridge,r2,0.181,0.43,8000,2026-06-03 01:44:32
A|5s|dynamics|nc2|LLE,5s,dynamics,4,pooled,LLE,2,reg_relspread,knn,r2,0.2956,0.43,8000,2026-06-03 01:44:32
A|5s|dynamics|nc2|LLE,5s,dynamics,4,pooled,LLE,2,reg_intraday,ridge,r2,0.0723,0.43,8000,2026-06-03 01:44:32
A|5s|dynamics|nc2|LLE,5s,dynamics,4,pooled,LLE,2,reg_intraday,knn,r2,0.0516,0.43,8000,2026-06-03 01:44:32
A|5s|dynamics|nc2|UMAP_nn15,5s,dynamics,4,pooled,UMAP_nn15,2,lab_stress,logistic,auc,0.5171,17.55,8000,2026-06-03 01:44:50
A|5s|dynamics|nc2|UMAP_nn15,5s,dynamics,4,pooled,UMAP_nn15,2,lab_stress,knn,auc,0.7697,17.55,8000,2026-06-03 01:44:50
A|5s|dynamics|nc2|UMAP_nn15,5s,dynamics,4,pooled,UMAP_nn15,2,lab_depth_collapse,logistic,auc,0.6968,17.55,8000,2026-06-03 01:44:50
A|5s|dynamics|nc2|UMAP_nn15,5s,dynamics,4,pooled,UMAP_nn15,2,lab_depth_collapse,knn,auc,0.7219,17.55,8000,2026-06-03 01:44:50
A|5s|dynamics|nc2|UMAP_nn15,5s,dynamics,4,pooled,UMAP_nn15,2,lab_spread_widen,logistic,auc,0.6746,17.55,8000,2026-06-03 01:44:50
A|5s|dynamics|nc2|UMAP_nn15,5s,dynamics,4,pooled,UMAP_nn15,2,lab_spread_widen,knn,auc,0.7012,17.55,8000,2026-06-03 01:44:50
A|5s|dynamics|nc2|UMAP_nn15,5s,dynamics,4,pooled,UMAP_nn15,2,lab_vol_spike,logistic,auc,0.5294,17.55,8000,2026-06-03 01:44:50
A|5s|dynamics|nc2|UMAP_nn15,5s,dynamics,4,pooled,UMAP_nn15,2,lab_vol_spike,knn,auc,0.9551,17.55,8000,2026-06-03 01:44:50
A|5s|dynamics|nc2|UMAP_nn15,5s,dynamics,4,pooled,UMAP_nn15,2,reg_fwdvol,ridge,r2,0.0086,17.55,8000,2026-06-03 01:44:50
A|5s|dynamics|nc2|UMAP_nn15,5s,dynamics,4,pooled,UMAP_nn15,2,reg_fwdvol,knn,r2,0.8405,17.55,8000,2026-06-03 01:44:50
A|5s|dynamics|nc2|UMAP_nn15,5s,dynamics,4,pooled,UMAP_nn15,2,reg_curvol,ridge,r2,0.0085,17.55,8000,2026-06-03 01:44:50
A|5s|dynamics|nc2|UMAP_nn15,5s,dynamics,4,pooled,UMAP_nn15,2,reg_curvol,knn,r2,0.9393,17.55,8000,2026-06-03 01:44:50
A|5s|dynamics|nc2|UMAP_nn15,5s,dynamics,4,pooled,UMAP_nn15,2,reg_relspread,ridge,r2,0.066,17.55,8000,2026-06-03 01:44:50
A|5s|dynamics|nc2|UMAP_nn15,5s,dynamics,4,pooled,UMAP_nn15,2,reg_relspread,knn,r2,0.5181,17.55,8000,2026-06-03 01:44:50
A|5s|dynamics|nc2|UMAP_nn15,5s,dynamics,4,pooled,UMAP_nn15,2,reg_intraday,ridge,r2,-0.0017,17.55,8000,2026-06-03 01:44:50
A|5s|dynamics|nc2|UMAP_nn15,5s,dynamics,4,pooled,UMAP_nn15,2,reg_intraday,knn,r2,0.0536,17.55,8000,2026-06-03 01:44:50
A|5s|dynamics|nc2|UMAP_nn50,5s,dynamics,4,pooled,UMAP_nn50,2,lab_stress,logistic,auc,0.6014,19.18,8000,2026-06-03 01:45:09
A|5s|dynamics|nc2|UMAP_nn50,5s,dynamics,4,pooled,UMAP_nn50,2,lab_stress,knn,auc,0.7656,19.18,8000,2026-06-03 01:45:09
A|5s|dynamics|nc2|UMAP_nn50,5s,dynamics,4,pooled,UMAP_nn50,2,lab_depth_collapse,logistic,auc,0.6954,19.18,8000,2026-06-03 01:45:09
A|5s|dynamics|nc2|UMAP_nn50,5s,dynamics,4,pooled,UMAP_nn50,2,lab_depth_collapse,knn,auc,0.7134,19.18,8000,2026-06-03 01:45:09
A|5s|dynamics|nc2|UMAP_nn50,5s,dynamics,4,pooled,UMAP_nn50,2,lab_spread_widen,logistic,auc,0.5531,19.18,8000,2026-06-03 01:45:09
A|5s|dynamics|nc2|UMAP_nn50,5s,dynamics,4,pooled,UMAP_nn50,2,lab_spread_widen,knn,auc,0.6925,19.18,8000,2026-06-03 01:45:09
A|5s|dynamics|nc2|UMAP_nn50,5s,dynamics,4,pooled,UMAP_nn50,2,lab_vol_spike,logistic,auc,0.6192,19.18,8000,2026-06-03 01:45:09
A|5s|dynamics|nc2|UMAP_nn50,5s,dynamics,4,pooled,UMAP_nn50,2,lab_vol_spike,knn,auc,0.9536,19.18,8000,2026-06-03 01:45:09
A|5s|dynamics|nc2|UMAP_nn50,5s,dynamics,4,pooled,UMAP_nn50,2,reg_fwdvol,ridge,r2,0.0589,19.18,8000,2026-06-03 01:45:09
A|5s|dynamics|nc2|UMAP_nn50,5s,dynamics,4,pooled,UMAP_nn50,2,reg_fwdvol,knn,r2,0.8235,19.18,8000,2026-06-03 01:45:09
A|5s|dynamics|nc2|UMAP_nn50,5s,dynamics,4,pooled,UMAP_nn50,2,reg_curvol,ridge,r2,0.0624,19.18,8000,2026-06-03 01:45:09
A|5s|dynamics|nc2|UMAP_nn50,5s,dynamics,4,pooled,UMAP_nn50,2,reg_curvol,knn,r2,0.9212,19.18,8000,2026-06-03 01:45:09
A|5s|dynamics|nc2|UMAP_nn50,5s,dynamics,4,pooled,UMAP_nn50,2,reg_relspread,ridge,r2,0.073,19.18,8000,2026-06-03 01:45:09
A|5s|dynamics|nc2|UMAP_nn50,5s,dynamics,4,pooled,UMAP_nn50,2,reg_relspread,knn,r2,0.491,19.18,8000,2026-06-03 01:45:09
A|5s|dynamics|nc2|UMAP_nn50,5s,dynamics,4,pooled,UMAP_nn50,2,reg_intraday,ridge,r2,0.0029,19.18,8000,2026-06-03 01:45:09
A|5s|dynamics|nc2|UMAP_nn50,5s,dynamics,4,pooled,UMAP_nn50,2,reg_intraday,knn,r2,0.0524,19.18,8000,2026-06-03 01:45:09
A|5s|dynamics|nc2|Diffusion_a1.0,5s,dynamics,4,pooled,Diffusion_a1.0,2,lab_stress,logistic,auc,0.7065,1.56,8000,2026-06-03 01:45:11
A|5s|dynamics|nc2|Diffusion_a1.0,5s,dynamics,4,pooled,Diffusion_a1.0,2,lab_stress,knn,auc,0.7481,1.56,8000,2026-06-03 01:45:11
A|5s|dynamics|nc2|Diffusion_a1.0,5s,dynamics,4,pooled,Diffusion_a1.0,2,lab_depth_collapse,logistic,auc,0.5609,1.56,8000,2026-06-03 01:45:11
A|5s|dynamics|nc2|Diffusion_a1.0,5s,dynamics,4,pooled,Diffusion_a1.0,2,lab_depth_collapse,knn,auc,0.6183,1.56,8000,2026-06-03 01:45:11
A|5s|dynamics|nc2|Diffusion_a1.0,5s,dynamics,4,pooled,Diffusion_a1.0,2,lab_spread_widen,logistic,auc,0.722,1.56,8000,2026-06-03 01:45:11
A|5s|dynamics|nc2|Diffusion_a1.0,5s,dynamics,4,pooled,Diffusion_a1.0,2,lab_spread_widen,knn,auc,0.7162,1.56,8000,2026-06-03 01:45:11
A|5s|dynamics|nc2|Diffusion_a1.0,5s,dynamics,4,pooled,Diffusion_a1.0,2,lab_vol_spike,logistic,auc,0.8604,1.56,8000,2026-06-03 01:45:11
A|5s|dynamics|nc2|Diffusion_a1.0,5s,dynamics,4,pooled,Diffusion_a1.0,2,lab_vol_spike,knn,auc,0.9402,1.56,8000,2026-06-03 01:45:11
A|5s|dynamics|nc2|Diffusion_a1.0,5s,dynamics,4,pooled,Diffusion_a1.0,2,reg_fwdvol,ridge,r2,0.1777,1.56,8000,2026-06-03 01:45:11
A|5s|dynamics|nc2|Diffusion_a1.0,5s,dynamics,4,pooled,Diffusion_a1.0,2,reg_fwdvol,knn,r2,0.7758,1.56,8000,2026-06-03 01:45:11
A|5s|dynamics|nc2|Diffusion_a1.0,5s,dynamics,4,pooled,Diffusion_a1.0,2,reg_curvol,ridge,r2,0.1849,1.56,8000,2026-06-03 01:45:11
A|5s|dynamics|nc2|Diffusion_a1.0,5s,dynamics,4,pooled,Diffusion_a1.0,2,reg_curvol,knn,r2,0.8591,1.56,8000,2026-06-03 01:45:11
A|5s|dynamics|nc2|Diffusion_a1.0,5s,dynamics,4,pooled,Diffusion_a1.0,2,reg_relspread,ridge,r2,0.0403,1.56,8000,2026-06-03 01:45:11
A|5s|dynamics|nc2|Diffusion_a1.0,5s,dynamics,4,pooled,Diffusion_a1.0,2,reg_relspread,knn,r2,0.4702,1.56,8000,2026-06-03 01:45:11
A|5s|dynamics|nc2|Diffusion_a1.0,5s,dynamics,4,pooled,Diffusion_a1.0,2,reg_intraday,ridge,r2,0.0143,1.56,8000,2026-06-03 01:45:11
A|5s|dynamics|nc2|Diffusion_a1.0,5s,dynamics,4,pooled,Diffusion_a1.0,2,reg_intraday,knn,r2,0.0529,1.56,8000,2026-06-03 01:45:11
A|5s|dynamics|nc2|Diffusion_a0.5,5s,dynamics,4,pooled,Diffusion_a0.5,2,lab_stress,logistic,auc,0.6472,1.56,8000,2026-06-03 01:45:13
A|5s|dynamics|nc2|Diffusion_a0.5,5s,dynamics,4,pooled,Diffusion_a0.5,2,lab_stress,knn,auc,0.7413,1.56,8000,2026-06-03 01:45:13
A|5s|dynamics|nc2|Diffusion_a0.5,5s,dynamics,4,pooled,Diffusion_a0.5,2,lab_depth_collapse,logistic,auc,0.5037,1.56,8000,2026-06-03 01:45:13
A|5s|dynamics|nc2|Diffusion_a0.5,5s,dynamics,4,pooled,Diffusion_a0.5,2,lab_depth_collapse,knn,auc,0.5668,1.56,8000,2026-06-03 01:45:13
A|5s|dynamics|nc2|Diffusion_a0.5,5s,dynamics,4,pooled,Diffusion_a0.5,2,lab_spread_widen,logistic,auc,0.6184,1.56,8000,2026-06-03 01:45:13
A|5s|dynamics|nc2|Diffusion_a0.5,5s,dynamics,4,pooled,Diffusion_a0.5,2,lab_spread_widen,knn,auc,0.6793,1.56,8000,2026-06-03 01:45:13
A|5s|dynamics|nc2|Diffusion_a0.5,5s,dynamics,4,pooled,Diffusion_a0.5,2,lab_vol_spike,logistic,auc,0.8862,1.56,8000,2026-06-03 01:45:13
A|5s|dynamics|nc2|Diffusion_a0.5,5s,dynamics,4,pooled,Diffusion_a0.5,2,lab_vol_spike,knn,auc,0.9254,1.56,8000,2026-06-03 01:45:13
A|5s|dynamics|nc2|Diffusion_a0.5,5s,dynamics,4,pooled,Diffusion_a0.5,2,reg_fwdvol,ridge,r2,-0.2443,1.56,8000,2026-06-03 01:45:13
A|5s|dynamics|nc2|Diffusion_a0.5,5s,dynamics,4,pooled,Diffusion_a0.5,2,reg_fwdvol,knn,r2,0.7481,1.56,8000,2026-06-03 01:45:13
A|5s|dynamics|nc2|Diffusion_a0.5,5s,dynamics,4,pooled,Diffusion_a0.5,2,reg_curvol,ridge,r2,-0.2489,1.56,8000,2026-06-03 01:45:13
A|5s|dynamics|nc2|Diffusion_a0.5,5s,dynamics,4,pooled,Diffusion_a0.5,2,reg_curvol,knn,r2,0.8284,1.56,8000,2026-06-03 01:45:13
A|5s|dynamics|nc2|Diffusion_a0.5,5s,dynamics,4,pooled,Diffusion_a0.5,2,reg_relspread,ridge,r2,-0.737,1.56,8000,2026-06-03 01:45:13
A|5s|dynamics|nc2|Diffusion_a0.5,5s,dynamics,4,pooled,Diffusion_a0.5,2,reg_relspread,knn,r2,0.48,1.56,8000,2026-06-03 01:45:13
A|5s|dynamics|nc2|Diffusion_a0.5,5s,dynamics,4,pooled,Diffusion_a0.5,2,reg_intraday,ridge,r2,-0.1804,1.56,8000,2026-06-03 01:45:13
A|5s|dynamics|nc2|Diffusion_a0.5,5s,dynamics,4,pooled,Diffusion_a0.5,2,reg_intraday,knn,r2,0.0534,1.56,8000,2026-06-03 01:45:13
A|5s|dynamics|nc3|PCA,5s,dynamics,4,pooled,PCA,3,lab_stress,logistic,auc,0.7642,0.0,8000,2026-06-03 01:45:13
A|5s|dynamics|nc3|PCA,5s,dynamics,4,pooled,PCA,3,lab_stress,knn,auc,0.7772,0.0,8000,2026-06-03 01:45:13
A|5s|dynamics|nc3|PCA,5s,dynamics,4,pooled,PCA,3,lab_depth_collapse,logistic,auc,0.7277,0.0,8000,2026-06-03 01:45:13
A|5s|dynamics|nc3|PCA,5s,dynamics,4,pooled,PCA,3,lab_depth_collapse,knn,auc,0.7351,0.0,8000,2026-06-03 01:45:13
A|5s|dynamics|nc3|PCA,5s,dynamics,4,pooled,PCA,3,lab_spread_widen,logistic,auc,0.7489,0.0,8000,2026-06-03 01:45:13
A|5s|dynamics|nc3|PCA,5s,dynamics,4,pooled,PCA,3,lab_spread_widen,knn,auc,0.7383,0.0,8000,2026-06-03 01:45:13
A|5s|dynamics|nc3|PCA,5s,dynamics,4,pooled,PCA,3,lab_vol_spike,logistic,auc,0.9682,0.0,8000,2026-06-03 01:45:13
A|5s|dynamics|nc3|PCA,5s,dynamics,4,pooled,PCA,3,lab_vol_spike,knn,auc,0.9624,0.0,8000,2026-06-03 01:45:13
A|5s|dynamics|nc3|PCA,5s,dynamics,4,pooled,PCA,3,reg_fwdvol,ridge,r2,0.7764,0.0,8000,2026-06-03 01:45:13
A|5s|dynamics|nc3|PCA,5s,dynamics,4,pooled,PCA,3,reg_fwdvol,knn,r2,0.8637,0.0,8000,2026-06-03 01:45:13
A|5s|dynamics|nc3|PCA,5s,dynamics,4,pooled,PCA,3,reg_curvol,ridge,r2,0.8539,0.0,8000,2026-06-03 01:45:13
A|5s|dynamics|nc3|PCA,5s,dynamics,4,pooled,PCA,3,reg_curvol,knn,r2,0.9778,0.0,8000,2026-06-03 01:45:13
A|5s|dynamics|nc3|PCA,5s,dynamics,4,pooled,PCA,3,reg_relspread,ridge,r2,0.3103,0.0,8000,2026-06-03 01:45:13
A|5s|dynamics|nc3|PCA,5s,dynamics,4,pooled,PCA,3,reg_relspread,knn,r2,0.5642,0.0,8000,2026-06-03 01:45:13
A|5s|dynamics|nc3|PCA,5s,dynamics,4,pooled,PCA,3,reg_intraday,ridge,r2,0.0858,0.0,8000,2026-06-03 01:45:13
A|5s|dynamics|nc3|PCA,5s,dynamics,4,pooled,PCA,3,reg_intraday,knn,r2,0.0755,0.0,8000,2026-06-03 01:45:13
A|5s|dynamics|nc3|KernelPCA_rbf,5s,dynamics,4,pooled,KernelPCA_rbf,3,lab_stress,logistic,auc,0.741,0.2,8000,2026-06-03 01:45:13
A|5s|dynamics|nc3|KernelPCA_rbf,5s,dynamics,4,pooled,KernelPCA_rbf,3,lab_stress,knn,auc,0.747,0.2,8000,2026-06-03 01:45:13
A|5s|dynamics|nc3|KernelPCA_rbf,5s,dynamics,4,pooled,KernelPCA_rbf,3,lab_depth_collapse,logistic,auc,0.7153,0.2,8000,2026-06-03 01:45:13
A|5s|dynamics|nc3|KernelPCA_rbf,5s,dynamics,4,pooled,KernelPCA_rbf,3,lab_depth_collapse,knn,auc,0.7155,0.2,8000,2026-06-03 01:45:13
A|5s|dynamics|nc3|KernelPCA_rbf,5s,dynamics,4,pooled,KernelPCA_rbf,3,lab_spread_widen,logistic,auc,0.5786,0.2,8000,2026-06-03 01:45:13
A|5s|dynamics|nc3|KernelPCA_rbf,5s,dynamics,4,pooled,KernelPCA_rbf,3,lab_spread_widen,knn,auc,0.5673,0.2,8000,2026-06-03 01:45:13
A|5s|dynamics|nc3|KernelPCA_rbf,5s,dynamics,4,pooled,KernelPCA_rbf,3,lab_vol_spike,logistic,auc,0.9529,0.2,8000,2026-06-03 01:45:13
A|5s|dynamics|nc3|KernelPCA_rbf,5s,dynamics,4,pooled,KernelPCA_rbf,3,lab_vol_spike,knn,auc,0.9575,0.2,8000,2026-06-03 01:45:13
A|5s|dynamics|nc3|KernelPCA_rbf,5s,dynamics,4,pooled,KernelPCA_rbf,3,reg_fwdvol,ridge,r2,0.6642,0.2,8000,2026-06-03 01:45:13
A|5s|dynamics|nc3|KernelPCA_rbf,5s,dynamics,4,pooled,KernelPCA_rbf,3,reg_fwdvol,knn,r2,0.8186,0.2,8000,2026-06-03 01:45:13
A|5s|dynamics|nc3|KernelPCA_rbf,5s,dynamics,4,pooled,KernelPCA_rbf,3,reg_curvol,ridge,r2,0.7343,0.2,8000,2026-06-03 01:45:13
A|5s|dynamics|nc3|KernelPCA_rbf,5s,dynamics,4,pooled,KernelPCA_rbf,3,reg_curvol,knn,r2,0.8976,0.2,8000,2026-06-03 01:45:13
A|5s|dynamics|nc3|KernelPCA_rbf,5s,dynamics,4,pooled,KernelPCA_rbf,3,reg_relspread,ridge,r2,0.3682,0.2,8000,2026-06-03 01:45:13
A|5s|dynamics|nc3|KernelPCA_rbf,5s,dynamics,4,pooled,KernelPCA_rbf,3,reg_relspread,knn,r2,0.4514,0.2,8000,2026-06-03 01:45:13
A|5s|dynamics|nc3|KernelPCA_rbf,5s,dynamics,4,pooled,KernelPCA_rbf,3,reg_intraday,ridge,r2,0.048,0.2,8000,2026-06-03 01:45:13
A|5s|dynamics|nc3|KernelPCA_rbf,5s,dynamics,4,pooled,KernelPCA_rbf,3,reg_intraday,knn,r2,0.0603,0.2,8000,2026-06-03 01:45:13
A|5s|dynamics|nc3|Isomap_nn10,5s,dynamics,4,pooled,Isomap_nn10,3,lab_stress,logistic,auc,0.7515,1.59,8000,2026-06-03 01:45:15
A|5s|dynamics|nc3|Isomap_nn10,5s,dynamics,4,pooled,Isomap_nn10,3,lab_stress,knn,auc,0.7689,1.59,8000,2026-06-03 01:45:15
A|5s|dynamics|nc3|Isomap_nn10,5s,dynamics,4,pooled,Isomap_nn10,3,lab_depth_collapse,logistic,auc,0.7168,1.59,8000,2026-06-03 01:45:15
A|5s|dynamics|nc3|Isomap_nn10,5s,dynamics,4,pooled,Isomap_nn10,3,lab_depth_collapse,knn,auc,0.7384,1.59,8000,2026-06-03 01:45:15
A|5s|dynamics|nc3|Isomap_nn10,5s,dynamics,4,pooled,Isomap_nn10,3,lab_spread_widen,logistic,auc,0.726,1.59,8000,2026-06-03 01:45:15
A|5s|dynamics|nc3|Isomap_nn10,5s,dynamics,4,pooled,Isomap_nn10,3,lab_spread_widen,knn,auc,0.723,1.59,8000,2026-06-03 01:45:15
A|5s|dynamics|nc3|Isomap_nn10,5s,dynamics,4,pooled,Isomap_nn10,3,lab_vol_spike,logistic,auc,0.9438,1.59,8000,2026-06-03 01:45:15
A|5s|dynamics|nc3|Isomap_nn10,5s,dynamics,4,pooled,Isomap_nn10,3,lab_vol_spike,knn,auc,0.9521,1.59,8000,2026-06-03 01:45:15
A|5s|dynamics|nc3|Isomap_nn10,5s,dynamics,4,pooled,Isomap_nn10,3,reg_fwdvol,ridge,r2,0.7245,1.59,8000,2026-06-03 01:45:15
A|5s|dynamics|nc3|Isomap_nn10,5s,dynamics,4,pooled,Isomap_nn10,3,reg_fwdvol,knn,r2,0.831,1.59,8000,2026-06-03 01:45:15
A|5s|dynamics|nc3|Isomap_nn10,5s,dynamics,4,pooled,Isomap_nn10,3,reg_curvol,ridge,r2,0.7989,1.59,8000,2026-06-03 01:45:15
A|5s|dynamics|nc3|Isomap_nn10,5s,dynamics,4,pooled,Isomap_nn10,3,reg_curvol,knn,r2,0.9397,1.59,8000,2026-06-03 01:45:15
A|5s|dynamics|nc3|Isomap_nn10,5s,dynamics,4,pooled,Isomap_nn10,3,reg_relspread,ridge,r2,0.2845,1.59,8000,2026-06-03 01:45:15
A|5s|dynamics|nc3|Isomap_nn10,5s,dynamics,4,pooled,Isomap_nn10,3,reg_relspread,knn,r2,0.5068,1.59,8000,2026-06-03 01:45:15
A|5s|dynamics|nc3|Isomap_nn10,5s,dynamics,4,pooled,Isomap_nn10,3,reg_intraday,ridge,r2,0.0766,1.59,8000,2026-06-03 01:45:15
A|5s|dynamics|nc3|Isomap_nn10,5s,dynamics,4,pooled,Isomap_nn10,3,reg_intraday,knn,r2,0.0697,1.59,8000,2026-06-03 01:45:15
A|5s|dynamics|nc3|Isomap_nn30,5s,dynamics,4,pooled,Isomap_nn30,3,lab_stress,logistic,auc,0.7629,2.7,8000,2026-06-03 01:45:18
A|5s|dynamics|nc3|Isomap_nn30,5s,dynamics,4,pooled,Isomap_nn30,3,lab_stress,knn,auc,0.7742,2.7,8000,2026-06-03 01:45:18
A|5s|dynamics|nc3|Isomap_nn30,5s,dynamics,4,pooled,Isomap_nn30,3,lab_depth_collapse,logistic,auc,0.7279,2.7,8000,2026-06-03 01:45:18
A|5s|dynamics|nc3|Isomap_nn30,5s,dynamics,4,pooled,Isomap_nn30,3,lab_depth_collapse,knn,auc,0.7375,2.7,8000,2026-06-03 01:45:18
A|5s|dynamics|nc3|Isomap_nn30,5s,dynamics,4,pooled,Isomap_nn30,3,lab_spread_widen,logistic,auc,0.7436,2.7,8000,2026-06-03 01:45:18
A|5s|dynamics|nc3|Isomap_nn30,5s,dynamics,4,pooled,Isomap_nn30,3,lab_spread_widen,knn,auc,0.742,2.7,8000,2026-06-03 01:45:18
A|5s|dynamics|nc3|Isomap_nn30,5s,dynamics,4,pooled,Isomap_nn30,3,lab_vol_spike,logistic,auc,0.9644,2.7,8000,2026-06-03 01:45:18
A|5s|dynamics|nc3|Isomap_nn30,5s,dynamics,4,pooled,Isomap_nn30,3,lab_vol_spike,knn,auc,0.96,2.7,8000,2026-06-03 01:45:18
A|5s|dynamics|nc3|Isomap_nn30,5s,dynamics,4,pooled,Isomap_nn30,3,reg_fwdvol,ridge,r2,0.7717,2.7,8000,2026-06-03 01:45:18
A|5s|dynamics|nc3|Isomap_nn30,5s,dynamics,4,pooled,Isomap_nn30,3,reg_fwdvol,knn,r2,0.8542,2.7,8000,2026-06-03 01:45:18
A|5s|dynamics|nc3|Isomap_nn30,5s,dynamics,4,pooled,Isomap_nn30,3,reg_curvol,ridge,r2,0.8509,2.7,8000,2026-06-03 01:45:18
A|5s|dynamics|nc3|Isomap_nn30,5s,dynamics,4,pooled,Isomap_nn30,3,reg_curvol,knn,r2,0.969,2.7,8000,2026-06-03 01:45:18
A|5s|dynamics|nc3|Isomap_nn30,5s,dynamics,4,pooled,Isomap_nn30,3,reg_relspread,ridge,r2,0.3106,2.7,8000,2026-06-03 01:45:18
A|5s|dynamics|nc3|Isomap_nn30,5s,dynamics,4,pooled,Isomap_nn30,3,reg_relspread,knn,r2,0.5545,2.7,8000,2026-06-03 01:45:18
A|5s|dynamics|nc3|Isomap_nn30,5s,dynamics,4,pooled,Isomap_nn30,3,reg_intraday,ridge,r2,0.0832,2.7,8000,2026-06-03 01:45:18
A|5s|dynamics|nc3|Isomap_nn30,5s,dynamics,4,pooled,Isomap_nn30,3,reg_intraday,knn,r2,0.0812,2.7,8000,2026-06-03 01:45:18
A|5s|dynamics|nc3|LLE,5s,dynamics,4,pooled,LLE,3,lab_stress,logistic,auc,0.7544,0.43,8000,2026-06-03 01:45:19
A|5s|dynamics|nc3|LLE,5s,dynamics,4,pooled,LLE,3,lab_stress,knn,auc,0.7519,0.43,8000,2026-06-03 01:45:19
A|5s|dynamics|nc3|LLE,5s,dynamics,4,pooled,LLE,3,lab_depth_collapse,logistic,auc,0.7162,0.43,8000,2026-06-03 01:45:19
A|5s|dynamics|nc3|LLE,5s,dynamics,4,pooled,LLE,3,lab_depth_collapse,knn,auc,0.7208,0.43,8000,2026-06-03 01:45:19
A|5s|dynamics|nc3|LLE,5s,dynamics,4,pooled,LLE,3,lab_spread_widen,logistic,auc,0.6086,0.43,8000,2026-06-03 01:45:19
A|5s|dynamics|nc3|LLE,5s,dynamics,4,pooled,LLE,3,lab_spread_widen,knn,auc,0.6065,0.43,8000,2026-06-03 01:45:19
A|5s|dynamics|nc3|LLE,5s,dynamics,4,pooled,LLE,3,lab_vol_spike,logistic,auc,0.9595,0.43,8000,2026-06-03 01:45:19
A|5s|dynamics|nc3|LLE,5s,dynamics,4,pooled,LLE,3,lab_vol_spike,knn,auc,0.959,0.43,8000,2026-06-03 01:45:19
A|5s|dynamics|nc3|LLE,5s,dynamics,4,pooled,LLE,3,reg_fwdvol,ridge,r2,0.7586,0.43,8000,2026-06-03 01:45:19
A|5s|dynamics|nc3|LLE,5s,dynamics,4,pooled,LLE,3,reg_fwdvol,knn,r2,0.8501,0.43,8000,2026-06-03 01:45:19
A|5s|dynamics|nc3|LLE,5s,dynamics,4,pooled,LLE,3,reg_curvol,ridge,r2,0.8349,0.43,8000,2026-06-03 01:45:19
A|5s|dynamics|nc3|LLE,5s,dynamics,4,pooled,LLE,3,reg_curvol,knn,r2,0.9549,0.43,8000,2026-06-03 01:45:19
A|5s|dynamics|nc3|LLE,5s,dynamics,4,pooled,LLE,3,reg_relspread,ridge,r2,0.2433,0.43,8000,2026-06-03 01:45:19
A|5s|dynamics|nc3|LLE,5s,dynamics,4,pooled,LLE,3,reg_relspread,knn,r2,0.4289,0.43,8000,2026-06-03 01:45:19
A|5s|dynamics|nc3|LLE,5s,dynamics,4,pooled,LLE,3,reg_intraday,ridge,r2,0.0836,0.43,8000,2026-06-03 01:45:19
A|5s|dynamics|nc3|LLE,5s,dynamics,4,pooled,LLE,3,reg_intraday,knn,r2,0.064,0.43,8000,2026-06-03 01:45:19
A|5s|dynamics|nc3|UMAP_nn15,5s,dynamics,4,pooled,UMAP_nn15,3,lab_stress,logistic,auc,0.5819,17.7,8000,2026-06-03 01:45:37
A|5s|dynamics|nc3|UMAP_nn15,5s,dynamics,4,pooled,UMAP_nn15,3,lab_stress,knn,auc,0.7696,17.7,8000,2026-06-03 01:45:37
A|5s|dynamics|nc3|UMAP_nn15,5s,dynamics,4,pooled,UMAP_nn15,3,lab_depth_collapse,logistic,auc,0.7142,17.7,8000,2026-06-03 01:45:37
A|5s|dynamics|nc3|UMAP_nn15,5s,dynamics,4,pooled,UMAP_nn15,3,lab_depth_collapse,knn,auc,0.7266,17.7,8000,2026-06-03 01:45:37
A|5s|dynamics|nc3|UMAP_nn15,5s,dynamics,4,pooled,UMAP_nn15,3,lab_spread_widen,logistic,auc,0.6823,17.7,8000,2026-06-03 01:45:37
A|5s|dynamics|nc3|UMAP_nn15,5s,dynamics,4,pooled,UMAP_nn15,3,lab_spread_widen,knn,auc,0.7114,17.7,8000,2026-06-03 01:45:37
A|5s|dynamics|nc3|UMAP_nn15,5s,dynamics,4,pooled,UMAP_nn15,3,lab_vol_spike,logistic,auc,0.575,17.7,8000,2026-06-03 01:45:37
A|5s|dynamics|nc3|UMAP_nn15,5s,dynamics,4,pooled,UMAP_nn15,3,lab_vol_spike,knn,auc,0.9587,17.7,8000,2026-06-03 01:45:37
A|5s|dynamics|nc3|UMAP_nn15,5s,dynamics,4,pooled,UMAP_nn15,3,reg_fwdvol,ridge,r2,0.0671,17.7,8000,2026-06-03 01:45:37
A|5s|dynamics|nc3|UMAP_nn15,5s,dynamics,4,pooled,UMAP_nn15,3,reg_fwdvol,knn,r2,0.8483,17.7,8000,2026-06-03 01:45:37
A|5s|dynamics|nc3|UMAP_nn15,5s,dynamics,4,pooled,UMAP_nn15,3,reg_curvol,ridge,r2,0.0708,17.7,8000,2026-06-03 01:45:37
A|5s|dynamics|nc3|UMAP_nn15,5s,dynamics,4,pooled,UMAP_nn15,3,reg_curvol,knn,r2,0.9502,17.7,8000,2026-06-03 01:45:37
A|5s|dynamics|nc3|UMAP_nn15,5s,dynamics,4,pooled,UMAP_nn15,3,reg_relspread,ridge,r2,0.1117,17.7,8000,2026-06-03 01:45:37
A|5s|dynamics|nc3|UMAP_nn15,5s,dynamics,4,pooled,UMAP_nn15,3,reg_relspread,knn,r2,0.5299,17.7,8000,2026-06-03 01:45:37
A|5s|dynamics|nc3|UMAP_nn15,5s,dynamics,4,pooled,UMAP_nn15,3,reg_intraday,ridge,r2,0.0013,17.7,8000,2026-06-03 01:45:37
A|5s|dynamics|nc3|UMAP_nn15,5s,dynamics,4,pooled,UMAP_nn15,3,reg_intraday,knn,r2,0.0577,17.7,8000,2026-06-03 01:45:37
A|5s|dynamics|nc3|UMAP_nn50,5s,dynamics,4,pooled,UMAP_nn50,3,lab_stress,logistic,auc,0.574,19.53,8000,2026-06-03 01:45:57
A|5s|dynamics|nc3|UMAP_nn50,5s,dynamics,4,pooled,UMAP_nn50,3,lab_stress,knn,auc,0.7681,19.53,8000,2026-06-03 01:45:57
A|5s|dynamics|nc3|UMAP_nn50,5s,dynamics,4,pooled,UMAP_nn50,3,lab_depth_collapse,logistic,auc,0.6971,19.53,8000,2026-06-03 01:45:57
A|5s|dynamics|nc3|UMAP_nn50,5s,dynamics,4,pooled,UMAP_nn50,3,lab_depth_collapse,knn,auc,0.7167,19.53,8000,2026-06-03 01:45:57
A|5s|dynamics|nc3|UMAP_nn50,5s,dynamics,4,pooled,UMAP_nn50,3,lab_spread_widen,logistic,auc,0.6919,19.53,8000,2026-06-03 01:45:57
A|5s|dynamics|nc3|UMAP_nn50,5s,dynamics,4,pooled,UMAP_nn50,3,lab_spread_widen,knn,auc,0.7065,19.53,8000,2026-06-03 01:45:57
A|5s|dynamics|nc3|UMAP_nn50,5s,dynamics,4,pooled,UMAP_nn50,3,lab_vol_spike,logistic,auc,0.6062,19.53,8000,2026-06-03 01:45:57
A|5s|dynamics|nc3|UMAP_nn50,5s,dynamics,4,pooled,UMAP_nn50,3,lab_vol_spike,knn,auc,0.959,19.53,8000,2026-06-03 01:45:57
A|5s|dynamics|nc3|UMAP_nn50,5s,dynamics,4,pooled,UMAP_nn50,3,reg_fwdvol,ridge,r2,0.0579,19.53,8000,2026-06-03 01:45:57
A|5s|dynamics|nc3|UMAP_nn50,5s,dynamics,4,pooled,UMAP_nn50,3,reg_fwdvol,knn,r2,0.8436,19.53,8000,2026-06-03 01:45:57
A|5s|dynamics|nc3|UMAP_nn50,5s,dynamics,4,pooled,UMAP_nn50,3,reg_curvol,ridge,r2,0.0617,19.53,8000,2026-06-03 01:45:57
A|5s|dynamics|nc3|UMAP_nn50,5s,dynamics,4,pooled,UMAP_nn50,3,reg_curvol,knn,r2,0.9471,19.53,8000,2026-06-03 01:45:57
A|5s|dynamics|nc3|UMAP_nn50,5s,dynamics,4,pooled,UMAP_nn50,3,reg_relspread,ridge,r2,0.0552,19.53,8000,2026-06-03 01:45:57
A|5s|dynamics|nc3|UMAP_nn50,5s,dynamics,4,pooled,UMAP_nn50,3,reg_relspread,knn,r2,0.5116,19.53,8000,2026-06-03 01:45:57
A|5s|dynamics|nc3|UMAP_nn50,5s,dynamics,4,pooled,UMAP_nn50,3,reg_intraday,ridge,r2,-0.0001,19.53,8000,2026-06-03 01:45:57
A|5s|dynamics|nc3|UMAP_nn50,5s,dynamics,4,pooled,UMAP_nn50,3,reg_intraday,knn,r2,0.0605,19.53,8000,2026-06-03 01:45:57
A|5s|dynamics|nc3|Diffusion_a1.0,5s,dynamics,4,pooled,Diffusion_a1.0,3,lab_stress,logistic,auc,0.7013,1.8,8000,2026-06-03 01:45:59
A|5s|dynamics|nc3|Diffusion_a1.0,5s,dynamics,4,pooled,Diffusion_a1.0,3,lab_stress,knn,auc,0.7647,1.8,8000,2026-06-03 01:45:59
A|5s|dynamics|nc3|Diffusion_a1.0,5s,dynamics,4,pooled,Diffusion_a1.0,3,lab_depth_collapse,logistic,auc,0.5441,1.8,8000,2026-06-03 01:45:59
A|5s|dynamics|nc3|Diffusion_a1.0,5s,dynamics,4,pooled,Diffusion_a1.0,3,lab_depth_collapse,knn,auc,0.6442,1.8,8000,2026-06-03 01:45:59
A|5s|dynamics|nc3|Diffusion_a1.0,5s,dynamics,4,pooled,Diffusion_a1.0,3,lab_spread_widen,logistic,auc,0.7235,1.8,8000,2026-06-03 01:45:59
A|5s|dynamics|nc3|Diffusion_a1.0,5s,dynamics,4,pooled,Diffusion_a1.0,3,lab_spread_widen,knn,auc,0.7259,1.8,8000,2026-06-03 01:45:59
A|5s|dynamics|nc3|Diffusion_a1.0,5s,dynamics,4,pooled,Diffusion_a1.0,3,lab_vol_spike,logistic,auc,0.8599,1.8,8000,2026-06-03 01:45:59
A|5s|dynamics|nc3|Diffusion_a1.0,5s,dynamics,4,pooled,Diffusion_a1.0,3,lab_vol_spike,knn,auc,0.9549,1.8,8000,2026-06-03 01:45:59
A|5s|dynamics|nc3|Diffusion_a1.0,5s,dynamics,4,pooled,Diffusion_a1.0,3,reg_fwdvol,ridge,r2,0.2385,1.8,8000,2026-06-03 01:45:59
A|5s|dynamics|nc3|Diffusion_a1.0,5s,dynamics,4,pooled,Diffusion_a1.0,3,reg_fwdvol,knn,r2,0.8236,1.8,8000,2026-06-03 01:45:59
A|5s|dynamics|nc3|Diffusion_a1.0,5s,dynamics,4,pooled,Diffusion_a1.0,3,reg_curvol,ridge,r2,0.2528,1.8,8000,2026-06-03 01:45:59
A|5s|dynamics|nc3|Diffusion_a1.0,5s,dynamics,4,pooled,Diffusion_a1.0,3,reg_curvol,knn,r2,0.9172,1.8,8000,2026-06-03 01:45:59
A|5s|dynamics|nc3|Diffusion_a1.0,5s,dynamics,4,pooled,Diffusion_a1.0,3,reg_relspread,ridge,r2,0.0444,1.8,8000,2026-06-03 01:45:59
A|5s|dynamics|nc3|Diffusion_a1.0,5s,dynamics,4,pooled,Diffusion_a1.0,3,reg_relspread,knn,r2,0.5062,1.8,8000,2026-06-03 01:45:59
A|5s|dynamics|nc3|Diffusion_a1.0,5s,dynamics,4,pooled,Diffusion_a1.0,3,reg_intraday,ridge,r2,0.0171,1.8,8000,2026-06-03 01:45:59
A|5s|dynamics|nc3|Diffusion_a1.0,5s,dynamics,4,pooled,Diffusion_a1.0,3,reg_intraday,knn,r2,0.0615,1.8,8000,2026-06-03 01:45:59
A|5s|dynamics|nc3|Diffusion_a0.5,5s,dynamics,4,pooled,Diffusion_a0.5,3,lab_stress,logistic,auc,0.6428,1.57,8000,2026-06-03 01:46:01
A|5s|dynamics|nc3|Diffusion_a0.5,5s,dynamics,4,pooled,Diffusion_a0.5,3,lab_stress,knn,auc,0.7635,1.57,8000,2026-06-03 01:46:01
A|5s|dynamics|nc3|Diffusion_a0.5,5s,dynamics,4,pooled,Diffusion_a0.5,3,lab_depth_collapse,logistic,auc,0.5085,1.57,8000,2026-06-03 01:46:01
A|5s|dynamics|nc3|Diffusion_a0.5,5s,dynamics,4,pooled,Diffusion_a0.5,3,lab_depth_collapse,knn,auc,0.6322,1.57,8000,2026-06-03 01:46:01
A|5s|dynamics|nc3|Diffusion_a0.5,5s,dynamics,4,pooled,Diffusion_a0.5,3,lab_spread_widen,logistic,auc,0.6646,1.57,8000,2026-06-03 01:46:01
A|5s|dynamics|nc3|Diffusion_a0.5,5s,dynamics,4,pooled,Diffusion_a0.5,3,lab_spread_widen,knn,auc,0.7156,1.57,8000,2026-06-03 01:46:01
A|5s|dynamics|nc3|Diffusion_a0.5,5s,dynamics,4,pooled,Diffusion_a0.5,3,lab_vol_spike,logistic,auc,0.9062,1.57,8000,2026-06-03 01:46:01
A|5s|dynamics|nc3|Diffusion_a0.5,5s,dynamics,4,pooled,Diffusion_a0.5,3,lab_vol_spike,knn,auc,0.9531,1.57,8000,2026-06-03 01:46:01
A|5s|dynamics|nc3|Diffusion_a0.5,5s,dynamics,4,pooled,Diffusion_a0.5,3,reg_fwdvol,ridge,r2,-0.2372,1.57,8000,2026-06-03 01:46:01
A|5s|dynamics|nc3|Diffusion_a0.5,5s,dynamics,4,pooled,Diffusion_a0.5,3,reg_fwdvol,knn,r2,0.8319,1.57,8000,2026-06-03 01:46:01
A|5s|dynamics|nc3|Diffusion_a0.5,5s,dynamics,4,pooled,Diffusion_a0.5,3,reg_curvol,ridge,r2,-0.2404,1.57,8000,2026-06-03 01:46:01
A|5s|dynamics|nc3|Diffusion_a0.5,5s,dynamics,4,pooled,Diffusion_a0.5,3,reg_curvol,knn,r2,0.9347,1.57,8000,2026-06-03 01:46:01
A|5s|dynamics|nc3|Diffusion_a0.5,5s,dynamics,4,pooled,Diffusion_a0.5,3,reg_relspread,ridge,r2,-0.742,1.57,8000,2026-06-03 01:46:01
A|5s|dynamics|nc3|Diffusion_a0.5,5s,dynamics,4,pooled,Diffusion_a0.5,3,reg_relspread,knn,r2,0.5274,1.57,8000,2026-06-03 01:46:01
A|5s|dynamics|nc3|Diffusion_a0.5,5s,dynamics,4,pooled,Diffusion_a0.5,3,reg_intraday,ridge,r2,-0.1786,1.57,8000,2026-06-03 01:46:01
A|5s|dynamics|nc3|Diffusion_a0.5,5s,dynamics,4,pooled,Diffusion_a0.5,3,reg_intraday,knn,r2,0.0665,1.57,8000,2026-06-03 01:46:01
A|1s|full|nc2|PCA,1s,full,19,pooled,PCA,2,lab_stress,logistic,auc,0.6848,0.01,8000,2026-06-03 01:46:53
A|1s|full|nc2|PCA,1s,full,19,pooled,PCA,2,lab_stress,knn,auc,0.7335,0.01,8000,2026-06-03 01:46:53
A|1s|full|nc2|PCA,1s,full,19,pooled,PCA,2,lab_depth_collapse,logistic,auc,0.5034,0.01,8000,2026-06-03 01:46:53
A|1s|full|nc2|PCA,1s,full,19,pooled,PCA,2,lab_depth_collapse,knn,auc,0.6371,0.01,8000,2026-06-03 01:46:53
A|1s|full|nc2|PCA,1s,full,19,pooled,PCA,2,lab_spread_widen,logistic,auc,0.5426,0.01,8000,2026-06-03 01:46:53
A|1s|full|nc2|PCA,1s,full,19,pooled,PCA,2,lab_spread_widen,knn,auc,0.5512,0.01,8000,2026-06-03 01:46:53
A|1s|full|nc2|PCA,1s,full,19,pooled,PCA,2,lab_vol_spike,logistic,auc,0.8459,0.01,8000,2026-06-03 01:46:53
A|1s|full|nc2|PCA,1s,full,19,pooled,PCA,2,lab_vol_spike,knn,auc,0.8435,0.01,8000,2026-06-03 01:46:53
A|1s|full|nc2|PCA,1s,full,19,pooled,PCA,2,reg_fwdvol,ridge,r2,0.5522,0.01,8000,2026-06-03 01:46:53
A|1s|full|nc2|PCA,1s,full,19,pooled,PCA,2,reg_fwdvol,knn,r2,0.5769,0.01,8000,2026-06-03 01:46:53
A|1s|full|nc2|PCA,1s,full,19,pooled,PCA,2,reg_curvol,ridge,r2,0.5586,0.01,8000,2026-06-03 01:46:53
A|1s|full|nc2|PCA,1s,full,19,pooled,PCA,2,reg_curvol,knn,r2,0.5832,0.01,8000,2026-06-03 01:46:53
A|1s|full|nc2|PCA,1s,full,19,pooled,PCA,2,reg_relspread,ridge,r2,0.5285,0.01,8000,2026-06-03 01:46:53
A|1s|full|nc2|PCA,1s,full,19,pooled,PCA,2,reg_relspread,knn,r2,0.5302,0.01,8000,2026-06-03 01:46:53
A|1s|full|nc2|PCA,1s,full,19,pooled,PCA,2,reg_intraday,ridge,r2,0.0783,0.01,8000,2026-06-03 01:46:53
A|1s|full|nc2|PCA,1s,full,19,pooled,PCA,2,reg_intraday,knn,r2,0.0656,0.01,8000,2026-06-03 01:46:53
A|1s|full|nc2|KernelPCA_rbf,1s,full,19,pooled,KernelPCA_rbf,2,lab_stress,logistic,auc,0.6054,0.21,8000,2026-06-03 01:46:53
A|1s|full|nc2|KernelPCA_rbf,1s,full,19,pooled,KernelPCA_rbf,2,lab_stress,knn,auc,0.7009,0.21,8000,2026-06-03 01:46:53
A|1s|full|nc2|KernelPCA_rbf,1s,full,19,pooled,KernelPCA_rbf,2,lab_depth_collapse,logistic,auc,0.5285,0.21,8000,2026-06-03 01:46:53
A|1s|full|nc2|KernelPCA_rbf,1s,full,19,pooled,KernelPCA_rbf,2,lab_depth_collapse,knn,auc,0.6411,0.21,8000,2026-06-03 01:46:53
A|1s|full|nc2|KernelPCA_rbf,1s,full,19,pooled,KernelPCA_rbf,2,lab_spread_widen,logistic,auc,0.5015,0.21,8000,2026-06-03 01:46:53
A|1s|full|nc2|KernelPCA_rbf,1s,full,19,pooled,KernelPCA_rbf,2,lab_spread_widen,knn,auc,0.5127,0.21,8000,2026-06-03 01:46:53
A|1s|full|nc2|KernelPCA_rbf,1s,full,19,pooled,KernelPCA_rbf,2,lab_vol_spike,logistic,auc,0.747,0.21,8000,2026-06-03 01:46:53
A|1s|full|nc2|KernelPCA_rbf,1s,full,19,pooled,KernelPCA_rbf,2,lab_vol_spike,knn,auc,0.8385,0.21,8000,2026-06-03 01:46:53
A|1s|full|nc2|KernelPCA_rbf,1s,full,19,pooled,KernelPCA_rbf,2,reg_fwdvol,ridge,r2,0.2452,0.21,8000,2026-06-03 01:46:53
A|1s|full|nc2|KernelPCA_rbf,1s,full,19,pooled,KernelPCA_rbf,2,reg_fwdvol,knn,r2,0.5538,0.21,8000,2026-06-03 01:46:53
A|1s|full|nc2|KernelPCA_rbf,1s,full,19,pooled,KernelPCA_rbf,2,reg_curvol,ridge,r2,0.2445,0.21,8000,2026-06-03 01:46:53
A|1s|full|nc2|KernelPCA_rbf,1s,full,19,pooled,KernelPCA_rbf,2,reg_curvol,knn,r2,0.5543,0.21,8000,2026-06-03 01:46:53
A|1s|full|nc2|KernelPCA_rbf,1s,full,19,pooled,KernelPCA_rbf,2,reg_relspread,ridge,r2,0.2747,0.21,8000,2026-06-03 01:46:53
A|1s|full|nc2|KernelPCA_rbf,1s,full,19,pooled,KernelPCA_rbf,2,reg_relspread,knn,r2,0.4179,0.21,8000,2026-06-03 01:46:53
A|1s|full|nc2|KernelPCA_rbf,1s,full,19,pooled,KernelPCA_rbf,2,reg_intraday,ridge,r2,0.0214,0.21,8000,2026-06-03 01:46:53
A|1s|full|nc2|KernelPCA_rbf,1s,full,19,pooled,KernelPCA_rbf,2,reg_intraday,knn,r2,0.057,0.21,8000,2026-06-03 01:46:53
A|1s|full|nc2|Isomap_nn10,1s,full,19,pooled,Isomap_nn10,2,lab_stress,logistic,auc,0.5445,1.55,8000,2026-06-03 01:46:55
A|1s|full|nc2|Isomap_nn10,1s,full,19,pooled,Isomap_nn10,2,lab_stress,knn,auc,0.6656,1.55,8000,2026-06-03 01:46:55
A|1s|full|nc2|Isomap_nn10,1s,full,19,pooled,Isomap_nn10,2,lab_depth_collapse,logistic,auc,0.4996,1.55,8000,2026-06-03 01:46:55
A|1s|full|nc2|Isomap_nn10,1s,full,19,pooled,Isomap_nn10,2,lab_depth_collapse,knn,auc,0.5957,1.55,8000,2026-06-03 01:46:55
A|1s|full|nc2|Isomap_nn10,1s,full,19,pooled,Isomap_nn10,2,lab_spread_widen,logistic,auc,0.5227,1.55,8000,2026-06-03 01:46:55
A|1s|full|nc2|Isomap_nn10,1s,full,19,pooled,Isomap_nn10,2,lab_spread_widen,knn,auc,0.5335,1.55,8000,2026-06-03 01:46:55
A|1s|full|nc2|Isomap_nn10,1s,full,19,pooled,Isomap_nn10,2,lab_vol_spike,logistic,auc,0.5957,1.55,8000,2026-06-03 01:46:55
A|1s|full|nc2|Isomap_nn10,1s,full,19,pooled,Isomap_nn10,2,lab_vol_spike,knn,auc,0.7328,1.55,8000,2026-06-03 01:46:55
A|1s|full|nc2|Isomap_nn10,1s,full,19,pooled,Isomap_nn10,2,reg_fwdvol,ridge,r2,0.0827,1.55,8000,2026-06-03 01:46:55
A|1s|full|nc2|Isomap_nn10,1s,full,19,pooled,Isomap_nn10,2,reg_fwdvol,knn,r2,0.3047,1.55,8000,2026-06-03 01:46:55
A|1s|full|nc2|Isomap_nn10,1s,full,19,pooled,Isomap_nn10,2,reg_curvol,ridge,r2,0.0811,1.55,8000,2026-06-03 01:46:55
A|1s|full|nc2|Isomap_nn10,1s,full,19,pooled,Isomap_nn10,2,reg_curvol,knn,r2,0.3041,1.55,8000,2026-06-03 01:46:55
A|1s|full|nc2|Isomap_nn10,1s,full,19,pooled,Isomap_nn10,2,reg_relspread,ridge,r2,0.343,1.55,8000,2026-06-03 01:46:55
A|1s|full|nc2|Isomap_nn10,1s,full,19,pooled,Isomap_nn10,2,reg_relspread,knn,r2,0.4142,1.55,8000,2026-06-03 01:46:55
A|1s|full|nc2|Isomap_nn10,1s,full,19,pooled,Isomap_nn10,2,reg_intraday,ridge,r2,0.012,1.55,8000,2026-06-03 01:46:55
A|1s|full|nc2|Isomap_nn10,1s,full,19,pooled,Isomap_nn10,2,reg_intraday,knn,r2,0.0233,1.55,8000,2026-06-03 01:46:55
A|1s|full|nc2|Isomap_nn30,1s,full,19,pooled,Isomap_nn30,2,lab_stress,logistic,auc,0.5452,2.55,8000,2026-06-03 01:46:58
A|1s|full|nc2|Isomap_nn30,1s,full,19,pooled,Isomap_nn30,2,lab_stress,knn,auc,0.6725,2.55,8000,2026-06-03 01:46:58
A|1s|full|nc2|Isomap_nn30,1s,full,19,pooled,Isomap_nn30,2,lab_depth_collapse,logistic,auc,0.4931,2.55,8000,2026-06-03 01:46:58
A|1s|full|nc2|Isomap_nn30,1s,full,19,pooled,Isomap_nn30,2,lab_depth_collapse,knn,auc,0.6054,2.55,8000,2026-06-03 01:46:58
A|1s|full|nc2|Isomap_nn30,1s,full,19,pooled,Isomap_nn30,2,lab_spread_widen,logistic,auc,0.5213,2.55,8000,2026-06-03 01:46:58
A|1s|full|nc2|Isomap_nn30,1s,full,19,pooled,Isomap_nn30,2,lab_spread_widen,knn,auc,0.5322,2.55,8000,2026-06-03 01:46:58
A|1s|full|nc2|Isomap_nn30,1s,full,19,pooled,Isomap_nn30,2,lab_vol_spike,logistic,auc,0.6004,2.55,8000,2026-06-03 01:46:58
A|1s|full|nc2|Isomap_nn30,1s,full,19,pooled,Isomap_nn30,2,lab_vol_spike,knn,auc,0.7358,2.55,8000,2026-06-03 01:46:58
A|1s|full|nc2|Isomap_nn30,1s,full,19,pooled,Isomap_nn30,2,reg_fwdvol,ridge,r2,0.0902,2.55,8000,2026-06-03 01:46:58
A|1s|full|nc2|Isomap_nn30,1s,full,19,pooled,Isomap_nn30,2,reg_fwdvol,knn,r2,0.297,2.55,8000,2026-06-03 01:46:58
A|1s|full|nc2|Isomap_nn30,1s,full,19,pooled,Isomap_nn30,2,reg_curvol,ridge,r2,0.0887,2.55,8000,2026-06-03 01:46:58
A|1s|full|nc2|Isomap_nn30,1s,full,19,pooled,Isomap_nn30,2,reg_curvol,knn,r2,0.2943,2.55,8000,2026-06-03 01:46:58
A|1s|full|nc2|Isomap_nn30,1s,full,19,pooled,Isomap_nn30,2,reg_relspread,ridge,r2,0.3623,2.55,8000,2026-06-03 01:46:58
A|1s|full|nc2|Isomap_nn30,1s,full,19,pooled,Isomap_nn30,2,reg_relspread,knn,r2,0.4243,2.55,8000,2026-06-03 01:46:58
A|1s|full|nc2|Isomap_nn30,1s,full,19,pooled,Isomap_nn30,2,reg_intraday,ridge,r2,0.0155,2.55,8000,2026-06-03 01:46:58
A|1s|full|nc2|Isomap_nn30,1s,full,19,pooled,Isomap_nn30,2,reg_intraday,knn,r2,0.02,2.55,8000,2026-06-03 01:46:58
A|1s|full|nc2|LLE,1s,full,19,pooled,LLE,2,lab_stress,logistic,auc,0.6363,0.8,8000,2026-06-03 01:46:59
A|1s|full|nc2|LLE,1s,full,19,pooled,LLE,2,lab_stress,knn,auc,0.621,0.8,8000,2026-06-03 01:46:59
A|1s|full|nc2|LLE,1s,full,19,pooled,LLE,2,lab_depth_collapse,logistic,auc,0.5253,0.8,8000,2026-06-03 01:46:59
A|1s|full|nc2|LLE,1s,full,19,pooled,LLE,2,lab_depth_collapse,knn,auc,0.5294,0.8,8000,2026-06-03 01:46:59
A|1s|full|nc2|LLE,1s,full,19,pooled,LLE,2,lab_spread_widen,logistic,auc,0.5341,0.8,8000,2026-06-03 01:46:59
A|1s|full|nc2|LLE,1s,full,19,pooled,LLE,2,lab_spread_widen,knn,auc,0.5302,0.8,8000,2026-06-03 01:46:59
A|1s|full|nc2|LLE,1s,full,19,pooled,LLE,2,lab_vol_spike,logistic,auc,0.7649,0.8,8000,2026-06-03 01:46:59
A|1s|full|nc2|LLE,1s,full,19,pooled,LLE,2,lab_vol_spike,knn,auc,0.7964,0.8,8000,2026-06-03 01:46:59
A|1s|full|nc2|LLE,1s,full,19,pooled,LLE,2,reg_fwdvol,ridge,r2,0.329,0.8,8000,2026-06-03 01:46:59
A|1s|full|nc2|LLE,1s,full,19,pooled,LLE,2,reg_fwdvol,knn,r2,0.4608,0.8,8000,2026-06-03 01:46:59
A|1s|full|nc2|LLE,1s,full,19,pooled,LLE,2,reg_curvol,ridge,r2,0.3257,0.8,8000,2026-06-03 01:46:59
A|1s|full|nc2|LLE,1s,full,19,pooled,LLE,2,reg_curvol,knn,r2,0.4598,0.8,8000,2026-06-03 01:46:59
A|1s|full|nc2|LLE,1s,full,19,pooled,LLE,2,reg_relspread,ridge,r2,0.1629,0.8,8000,2026-06-03 01:46:59
A|1s|full|nc2|LLE,1s,full,19,pooled,LLE,2,reg_relspread,knn,r2,0.2835,0.8,8000,2026-06-03 01:46:59
A|1s|full|nc2|LLE,1s,full,19,pooled,LLE,2,reg_intraday,ridge,r2,0.0642,0.8,8000,2026-06-03 01:46:59
A|1s|full|nc2|LLE,1s,full,19,pooled,LLE,2,reg_intraday,knn,r2,0.0437,0.8,8000,2026-06-03 01:46:59
A|1s|full|nc2|UMAP_nn15,1s,full,19,pooled,UMAP_nn15,2,lab_stress,logistic,auc,0.5687,18.02,8000,2026-06-03 01:47:17
A|1s|full|nc2|UMAP_nn15,1s,full,19,pooled,UMAP_nn15,2,lab_stress,knn,auc,0.7329,18.02,8000,2026-06-03 01:47:17
A|1s|full|nc2|UMAP_nn15,1s,full,19,pooled,UMAP_nn15,2,lab_depth_collapse,logistic,auc,0.5478,18.02,8000,2026-06-03 01:47:17
A|1s|full|nc2|UMAP_nn15,1s,full,19,pooled,UMAP_nn15,2,lab_depth_collapse,knn,auc,0.7206,18.02,8000,2026-06-03 01:47:17
A|1s|full|nc2|UMAP_nn15,1s,full,19,pooled,UMAP_nn15,2,lab_spread_widen,logistic,auc,0.5109,18.02,8000,2026-06-03 01:47:17
A|1s|full|nc2|UMAP_nn15,1s,full,19,pooled,UMAP_nn15,2,lab_spread_widen,knn,auc,0.5984,18.02,8000,2026-06-03 01:47:17
A|1s|full|nc2|UMAP_nn15,1s,full,19,pooled,UMAP_nn15,2,lab_vol_spike,logistic,auc,0.572,18.02,8000,2026-06-03 01:47:17
A|1s|full|nc2|UMAP_nn15,1s,full,19,pooled,UMAP_nn15,2,lab_vol_spike,knn,auc,0.8547,18.02,8000,2026-06-03 01:47:17
A|1s|full|nc2|UMAP_nn15,1s,full,19,pooled,UMAP_nn15,2,reg_fwdvol,ridge,r2,0.0321,18.02,8000,2026-06-03 01:47:17
A|1s|full|nc2|UMAP_nn15,1s,full,19,pooled,UMAP_nn15,2,reg_fwdvol,knn,r2,0.5614,18.02,8000,2026-06-03 01:47:17
A|1s|full|nc2|UMAP_nn15,1s,full,19,pooled,UMAP_nn15,2,reg_curvol,ridge,r2,0.0326,18.02,8000,2026-06-03 01:47:17
A|1s|full|nc2|UMAP_nn15,1s,full,19,pooled,UMAP_nn15,2,reg_curvol,knn,r2,0.5664,18.02,8000,2026-06-03 01:47:17
A|1s|full|nc2|UMAP_nn15,1s,full,19,pooled,UMAP_nn15,2,reg_relspread,ridge,r2,0.0073,18.02,8000,2026-06-03 01:47:17
A|1s|full|nc2|UMAP_nn15,1s,full,19,pooled,UMAP_nn15,2,reg_relspread,knn,r2,0.5788,18.02,8000,2026-06-03 01:47:17
A|1s|full|nc2|UMAP_nn15,1s,full,19,pooled,UMAP_nn15,2,reg_intraday,ridge,r2,0.0024,18.02,8000,2026-06-03 01:47:17
A|1s|full|nc2|UMAP_nn15,1s,full,19,pooled,UMAP_nn15,2,reg_intraday,knn,r2,0.0556,18.02,8000,2026-06-03 01:47:17
A|1s|full|nc2|UMAP_nn50,1s,full,19,pooled,UMAP_nn50,2,lab_stress,logistic,auc,0.6222,19.45,8000,2026-06-03 01:47:37
A|1s|full|nc2|UMAP_nn50,1s,full,19,pooled,UMAP_nn50,2,lab_stress,knn,auc,0.7128,19.45,8000,2026-06-03 01:47:37
A|1s|full|nc2|UMAP_nn50,1s,full,19,pooled,UMAP_nn50,2,lab_depth_collapse,logistic,auc,0.5326,19.45,8000,2026-06-03 01:47:37
A|1s|full|nc2|UMAP_nn50,1s,full,19,pooled,UMAP_nn50,2,lab_depth_collapse,knn,auc,0.7111,19.45,8000,2026-06-03 01:47:37
A|1s|full|nc2|UMAP_nn50,1s,full,19,pooled,UMAP_nn50,2,lab_spread_widen,logistic,auc,0.5321,19.45,8000,2026-06-03 01:47:37
A|1s|full|nc2|UMAP_nn50,1s,full,19,pooled,UMAP_nn50,2,lab_spread_widen,knn,auc,0.5788,19.45,8000,2026-06-03 01:47:37
A|1s|full|nc2|UMAP_nn50,1s,full,19,pooled,UMAP_nn50,2,lab_vol_spike,logistic,auc,0.7894,19.45,8000,2026-06-03 01:47:37
A|1s|full|nc2|UMAP_nn50,1s,full,19,pooled,UMAP_nn50,2,lab_vol_spike,knn,auc,0.8426,19.45,8000,2026-06-03 01:47:37
A|1s|full|nc2|UMAP_nn50,1s,full,19,pooled,UMAP_nn50,2,reg_fwdvol,ridge,r2,0.3416,19.45,8000,2026-06-03 01:47:37
A|1s|full|nc2|UMAP_nn50,1s,full,19,pooled,UMAP_nn50,2,reg_fwdvol,knn,r2,0.5647,19.45,8000,2026-06-03 01:47:37
A|1s|full|nc2|UMAP_nn50,1s,full,19,pooled,UMAP_nn50,2,reg_curvol,ridge,r2,0.3411,19.45,8000,2026-06-03 01:47:37
A|1s|full|nc2|UMAP_nn50,1s,full,19,pooled,UMAP_nn50,2,reg_curvol,knn,r2,0.5695,19.45,8000,2026-06-03 01:47:37
A|1s|full|nc2|UMAP_nn50,1s,full,19,pooled,UMAP_nn50,2,reg_relspread,ridge,r2,0.3037,19.45,8000,2026-06-03 01:47:37
A|1s|full|nc2|UMAP_nn50,1s,full,19,pooled,UMAP_nn50,2,reg_relspread,knn,r2,0.5546,19.45,8000,2026-06-03 01:47:37
A|1s|full|nc2|UMAP_nn50,1s,full,19,pooled,UMAP_nn50,2,reg_intraday,ridge,r2,0.0356,19.45,8000,2026-06-03 01:47:37
A|1s|full|nc2|UMAP_nn50,1s,full,19,pooled,UMAP_nn50,2,reg_intraday,knn,r2,0.0657,19.45,8000,2026-06-03 01:47:37
A|1s|full|nc2|Diffusion_a1.0,1s,full,19,pooled,Diffusion_a1.0,2,lab_stress,logistic,auc,0.7039,1.73,8000,2026-06-03 01:47:39
A|1s|full|nc2|Diffusion_a1.0,1s,full,19,pooled,Diffusion_a1.0,2,lab_stress,knn,auc,0.7211,1.73,8000,2026-06-03 01:47:39
A|1s|full|nc2|Diffusion_a1.0,1s,full,19,pooled,Diffusion_a1.0,2,lab_depth_collapse,logistic,auc,0.5861,1.73,8000,2026-06-03 01:47:39
A|1s|full|nc2|Diffusion_a1.0,1s,full,19,pooled,Diffusion_a1.0,2,lab_depth_collapse,knn,auc,0.633,1.73,8000,2026-06-03 01:47:39
A|1s|full|nc2|Diffusion_a1.0,1s,full,19,pooled,Diffusion_a1.0,2,lab_spread_widen,logistic,auc,0.7064,1.73,8000,2026-06-03 01:47:39
A|1s|full|nc2|Diffusion_a1.0,1s,full,19,pooled,Diffusion_a1.0,2,lab_spread_widen,knn,auc,0.7482,1.73,8000,2026-06-03 01:47:39
A|1s|full|nc2|Diffusion_a1.0,1s,full,19,pooled,Diffusion_a1.0,2,lab_vol_spike,logistic,auc,0.9012,1.73,8000,2026-06-03 01:47:39
A|1s|full|nc2|Diffusion_a1.0,1s,full,19,pooled,Diffusion_a1.0,2,lab_vol_spike,knn,auc,0.8968,1.73,8000,2026-06-03 01:47:39
A|1s|full|nc2|Diffusion_a1.0,1s,full,19,pooled,Diffusion_a1.0,2,reg_fwdvol,ridge,r2,0.155,1.73,8000,2026-06-03 01:47:39
A|1s|full|nc2|Diffusion_a1.0,1s,full,19,pooled,Diffusion_a1.0,2,reg_fwdvol,knn,r2,0.7026,1.73,8000,2026-06-03 01:47:39
A|1s|full|nc2|Diffusion_a1.0,1s,full,19,pooled,Diffusion_a1.0,2,reg_curvol,ridge,r2,0.152,1.73,8000,2026-06-03 01:47:39
A|1s|full|nc2|Diffusion_a1.0,1s,full,19,pooled,Diffusion_a1.0,2,reg_curvol,knn,r2,0.7148,1.73,8000,2026-06-03 01:47:39
A|1s|full|nc2|Diffusion_a1.0,1s,full,19,pooled,Diffusion_a1.0,2,reg_relspread,ridge,r2,0.1512,1.73,8000,2026-06-03 01:47:39
A|1s|full|nc2|Diffusion_a1.0,1s,full,19,pooled,Diffusion_a1.0,2,reg_relspread,knn,r2,0.7888,1.73,8000,2026-06-03 01:47:39
A|1s|full|nc2|Diffusion_a1.0,1s,full,19,pooled,Diffusion_a1.0,2,reg_intraday,ridge,r2,0.0454,1.73,8000,2026-06-03 01:47:39
A|1s|full|nc2|Diffusion_a1.0,1s,full,19,pooled,Diffusion_a1.0,2,reg_intraday,knn,r2,0.102,1.73,8000,2026-06-03 01:47:39
A|1s|full|nc2|Diffusion_a0.5,1s,full,19,pooled,Diffusion_a0.5,2,lab_stress,logistic,auc,0.6728,1.71,8000,2026-06-03 01:47:40
A|1s|full|nc2|Diffusion_a0.5,1s,full,19,pooled,Diffusion_a0.5,2,lab_stress,knn,auc,0.7171,1.71,8000,2026-06-03 01:47:40
A|1s|full|nc2|Diffusion_a0.5,1s,full,19,pooled,Diffusion_a0.5,2,lab_depth_collapse,logistic,auc,0.5601,1.71,8000,2026-06-03 01:47:40
A|1s|full|nc2|Diffusion_a0.5,1s,full,19,pooled,Diffusion_a0.5,2,lab_depth_collapse,knn,auc,0.6565,1.71,8000,2026-06-03 01:47:40
A|1s|full|nc2|Diffusion_a0.5,1s,full,19,pooled,Diffusion_a0.5,2,lab_spread_widen,logistic,auc,0.6466,1.71,8000,2026-06-03 01:47:40
A|1s|full|nc2|Diffusion_a0.5,1s,full,19,pooled,Diffusion_a0.5,2,lab_spread_widen,knn,auc,0.7666,1.71,8000,2026-06-03 01:47:40
A|1s|full|nc2|Diffusion_a0.5,1s,full,19,pooled,Diffusion_a0.5,2,lab_vol_spike,logistic,auc,0.8777,1.71,8000,2026-06-03 01:47:40
A|1s|full|nc2|Diffusion_a0.5,1s,full,19,pooled,Diffusion_a0.5,2,lab_vol_spike,knn,auc,0.8733,1.71,8000,2026-06-03 01:47:40
A|1s|full|nc2|Diffusion_a0.5,1s,full,19,pooled,Diffusion_a0.5,2,reg_fwdvol,ridge,r2,0.0123,1.71,8000,2026-06-03 01:47:40
A|1s|full|nc2|Diffusion_a0.5,1s,full,19,pooled,Diffusion_a0.5,2,reg_fwdvol,knn,r2,0.6623,1.71,8000,2026-06-03 01:47:40
A|1s|full|nc2|Diffusion_a0.5,1s,full,19,pooled,Diffusion_a0.5,2,reg_curvol,ridge,r2,0.0095,1.71,8000,2026-06-03 01:47:40
A|1s|full|nc2|Diffusion_a0.5,1s,full,19,pooled,Diffusion_a0.5,2,reg_curvol,knn,r2,0.6716,1.71,8000,2026-06-03 01:47:40
A|1s|full|nc2|Diffusion_a0.5,1s,full,19,pooled,Diffusion_a0.5,2,reg_relspread,ridge,r2,0.0198,1.71,8000,2026-06-03 01:47:40
A|1s|full|nc2|Diffusion_a0.5,1s,full,19,pooled,Diffusion_a0.5,2,reg_relspread,knn,r2,0.7866,1.71,8000,2026-06-03 01:47:40
A|1s|full|nc2|Diffusion_a0.5,1s,full,19,pooled,Diffusion_a0.5,2,reg_intraday,ridge,r2,0.0019,1.71,8000,2026-06-03 01:47:40
A|1s|full|nc2|Diffusion_a0.5,1s,full,19,pooled,Diffusion_a0.5,2,reg_intraday,knn,r2,0.1068,1.71,8000,2026-06-03 01:47:40
A|1s|full|nc3|PCA,1s,full,19,pooled,PCA,3,lab_stress,logistic,auc,0.6912,0.0,8000,2026-06-03 01:47:41
A|1s|full|nc3|PCA,1s,full,19,pooled,PCA,3,lab_stress,knn,auc,0.7485,0.0,8000,2026-06-03 01:47:41
A|1s|full|nc3|PCA,1s,full,19,pooled,PCA,3,lab_depth_collapse,logistic,auc,0.5042,0.0,8000,2026-06-03 01:47:41
A|1s|full|nc3|PCA,1s,full,19,pooled,PCA,3,lab_depth_collapse,knn,auc,0.6324,0.0,8000,2026-06-03 01:47:41
A|1s|full|nc3|PCA,1s,full,19,pooled,PCA,3,lab_spread_widen,logistic,auc,0.543,0.0,8000,2026-06-03 01:47:41
A|1s|full|nc3|PCA,1s,full,19,pooled,PCA,3,lab_spread_widen,knn,auc,0.5561,0.0,8000,2026-06-03 01:47:41
A|1s|full|nc3|PCA,1s,full,19,pooled,PCA,3,lab_vol_spike,logistic,auc,0.8668,0.0,8000,2026-06-03 01:47:41
A|1s|full|nc3|PCA,1s,full,19,pooled,PCA,3,lab_vol_spike,knn,auc,0.8752,0.0,8000,2026-06-03 01:47:41
A|1s|full|nc3|PCA,1s,full,19,pooled,PCA,3,reg_fwdvol,ridge,r2,0.6051,0.0,8000,2026-06-03 01:47:41
A|1s|full|nc3|PCA,1s,full,19,pooled,PCA,3,reg_fwdvol,knn,r2,0.6599,0.0,8000,2026-06-03 01:47:41
A|1s|full|nc3|PCA,1s,full,19,pooled,PCA,3,reg_curvol,ridge,r2,0.612,0.0,8000,2026-06-03 01:47:41
A|1s|full|nc3|PCA,1s,full,19,pooled,PCA,3,reg_curvol,knn,r2,0.6653,0.0,8000,2026-06-03 01:47:41
A|1s|full|nc3|PCA,1s,full,19,pooled,PCA,3,reg_relspread,ridge,r2,0.5421,0.0,8000,2026-06-03 01:47:41
A|1s|full|nc3|PCA,1s,full,19,pooled,PCA,3,reg_relspread,knn,r2,0.5538,0.0,8000,2026-06-03 01:47:41
A|1s|full|nc3|PCA,1s,full,19,pooled,PCA,3,reg_intraday,ridge,r2,0.0863,0.0,8000,2026-06-03 01:47:41
A|1s|full|nc3|PCA,1s,full,19,pooled,PCA,3,reg_intraday,knn,r2,0.0918,0.0,8000,2026-06-03 01:47:41
A|1s|full|nc3|KernelPCA_rbf,1s,full,19,pooled,KernelPCA_rbf,3,lab_stress,logistic,auc,0.6181,0.2,8000,2026-06-03 01:47:41
A|1s|full|nc3|KernelPCA_rbf,1s,full,19,pooled,KernelPCA_rbf,3,lab_stress,knn,auc,0.7216,0.2,8000,2026-06-03 01:47:41
A|1s|full|nc3|KernelPCA_rbf,1s,full,19,pooled,KernelPCA_rbf,3,lab_depth_collapse,logistic,auc,0.5267,0.2,8000,2026-06-03 01:47:41
A|1s|full|nc3|KernelPCA_rbf,1s,full,19,pooled,KernelPCA_rbf,3,lab_depth_collapse,knn,auc,0.6591,0.2,8000,2026-06-03 01:47:41
A|1s|full|nc3|KernelPCA_rbf,1s,full,19,pooled,KernelPCA_rbf,3,lab_spread_widen,logistic,auc,0.5156,0.2,8000,2026-06-03 01:47:41
A|1s|full|nc3|KernelPCA_rbf,1s,full,19,pooled,KernelPCA_rbf,3,lab_spread_widen,knn,auc,0.5336,0.2,8000,2026-06-03 01:47:41
A|1s|full|nc3|KernelPCA_rbf,1s,full,19,pooled,KernelPCA_rbf,3,lab_vol_spike,logistic,auc,0.7598,0.2,8000,2026-06-03 01:47:41
A|1s|full|nc3|KernelPCA_rbf,1s,full,19,pooled,KernelPCA_rbf,3,lab_vol_spike,knn,auc,0.8621,0.2,8000,2026-06-03 01:47:41
A|1s|full|nc3|KernelPCA_rbf,1s,full,19,pooled,KernelPCA_rbf,3,reg_fwdvol,ridge,r2,0.2598,0.2,8000,2026-06-03 01:47:41
A|1s|full|nc3|KernelPCA_rbf,1s,full,19,pooled,KernelPCA_rbf,3,reg_fwdvol,knn,r2,0.61,0.2,8000,2026-06-03 01:47:41
A|1s|full|nc3|KernelPCA_rbf,1s,full,19,pooled,KernelPCA_rbf,3,reg_curvol,ridge,r2,0.2586,0.2,8000,2026-06-03 01:47:41
A|1s|full|nc3|KernelPCA_rbf,1s,full,19,pooled,KernelPCA_rbf,3,reg_curvol,knn,r2,0.6109,0.2,8000,2026-06-03 01:47:41
A|1s|full|nc3|KernelPCA_rbf,1s,full,19,pooled,KernelPCA_rbf,3,reg_relspread,ridge,r2,0.2818,0.2,8000,2026-06-03 01:47:41
A|1s|full|nc3|KernelPCA_rbf,1s,full,19,pooled,KernelPCA_rbf,3,reg_relspread,knn,r2,0.449,0.2,8000,2026-06-03 01:47:41
A|1s|full|nc3|KernelPCA_rbf,1s,full,19,pooled,KernelPCA_rbf,3,reg_intraday,ridge,r2,0.0218,0.2,8000,2026-06-03 01:47:41
A|1s|full|nc3|KernelPCA_rbf,1s,full,19,pooled,KernelPCA_rbf,3,reg_intraday,knn,r2,0.062,0.2,8000,2026-06-03 01:47:41
A|1s|full|nc3|Isomap_nn10,1s,full,19,pooled,Isomap_nn10,3,lab_stress,logistic,auc,0.6665,1.59,8000,2026-06-03 01:47:43
A|1s|full|nc3|Isomap_nn10,1s,full,19,pooled,Isomap_nn10,3,lab_stress,knn,auc,0.744,1.59,8000,2026-06-03 01:47:43
A|1s|full|nc3|Isomap_nn10,1s,full,19,pooled,Isomap_nn10,3,lab_depth_collapse,logistic,auc,0.5039,1.59,8000,2026-06-03 01:47:43
A|1s|full|nc3|Isomap_nn10,1s,full,19,pooled,Isomap_nn10,3,lab_depth_collapse,knn,auc,0.6674,1.59,8000,2026-06-03 01:47:43
A|1s|full|nc3|Isomap_nn10,1s,full,19,pooled,Isomap_nn10,3,lab_spread_widen,logistic,auc,0.5236,1.59,8000,2026-06-03 01:47:43
A|1s|full|nc3|Isomap_nn10,1s,full,19,pooled,Isomap_nn10,3,lab_spread_widen,knn,auc,0.5555,1.59,8000,2026-06-03 01:47:43
A|1s|full|nc3|Isomap_nn10,1s,full,19,pooled,Isomap_nn10,3,lab_vol_spike,logistic,auc,0.8243,1.59,8000,2026-06-03 01:47:43
A|1s|full|nc3|Isomap_nn10,1s,full,19,pooled,Isomap_nn10,3,lab_vol_spike,knn,auc,0.8572,1.59,8000,2026-06-03 01:47:43
A|1s|full|nc3|Isomap_nn10,1s,full,19,pooled,Isomap_nn10,3,reg_fwdvol,ridge,r2,0.4864,1.59,8000,2026-06-03 01:47:43
A|1s|full|nc3|Isomap_nn10,1s,full,19,pooled,Isomap_nn10,3,reg_fwdvol,knn,r2,0.6156,1.59,8000,2026-06-03 01:47:43
A|1s|full|nc3|Isomap_nn10,1s,full,19,pooled,Isomap_nn10,3,reg_curvol,ridge,r2,0.4876,1.59,8000,2026-06-03 01:47:43
A|1s|full|nc3|Isomap_nn10,1s,full,19,pooled,Isomap_nn10,3,reg_curvol,knn,r2,0.6186,1.59,8000,2026-06-03 01:47:43
A|1s|full|nc3|Isomap_nn10,1s,full,19,pooled,Isomap_nn10,3,reg_relspread,ridge,r2,0.4762,1.59,8000,2026-06-03 01:47:43
A|1s|full|nc3|Isomap_nn10,1s,full,19,pooled,Isomap_nn10,3,reg_relspread,knn,r2,0.5122,1.59,8000,2026-06-03 01:47:43
A|1s|full|nc3|Isomap_nn10,1s,full,19,pooled,Isomap_nn10,3,reg_intraday,ridge,r2,0.0524,1.59,8000,2026-06-03 01:47:43
A|1s|full|nc3|Isomap_nn10,1s,full,19,pooled,Isomap_nn10,3,reg_intraday,knn,r2,0.0609,1.59,8000,2026-06-03 01:47:43
A|1s|full|nc3|Isomap_nn30,1s,full,19,pooled,Isomap_nn30,3,lab_stress,logistic,auc,0.6668,2.55,8000,2026-06-03 01:47:46
A|1s|full|nc3|Isomap_nn30,1s,full,19,pooled,Isomap_nn30,3,lab_stress,knn,auc,0.7407,2.55,8000,2026-06-03 01:47:46
A|1s|full|nc3|Isomap_nn30,1s,full,19,pooled,Isomap_nn30,3,lab_depth_collapse,logistic,auc,0.4887,2.55,8000,2026-06-03 01:47:46
A|1s|full|nc3|Isomap_nn30,1s,full,19,pooled,Isomap_nn30,3,lab_depth_collapse,knn,auc,0.6536,2.55,8000,2026-06-03 01:47:46
A|1s|full|nc3|Isomap_nn30,1s,full,19,pooled,Isomap_nn30,3,lab_spread_widen,logistic,auc,0.5201,2.55,8000,2026-06-03 01:47:46
A|1s|full|nc3|Isomap_nn30,1s,full,19,pooled,Isomap_nn30,3,lab_spread_widen,knn,auc,0.5358,2.55,8000,2026-06-03 01:47:46
A|1s|full|nc3|Isomap_nn30,1s,full,19,pooled,Isomap_nn30,3,lab_vol_spike,logistic,auc,0.8291,2.55,8000,2026-06-03 01:47:46
A|1s|full|nc3|Isomap_nn30,1s,full,19,pooled,Isomap_nn30,3,lab_vol_spike,knn,auc,0.8562,2.55,8000,2026-06-03 01:47:46
A|1s|full|nc3|Isomap_nn30,1s,full,19,pooled,Isomap_nn30,3,reg_fwdvol,ridge,r2,0.5062,2.55,8000,2026-06-03 01:47:46
A|1s|full|nc3|Isomap_nn30,1s,full,19,pooled,Isomap_nn30,3,reg_fwdvol,knn,r2,0.6171,2.55,8000,2026-06-03 01:47:46
A|1s|full|nc3|Isomap_nn30,1s,full,19,pooled,Isomap_nn30,3,reg_curvol,ridge,r2,0.508,2.55,8000,2026-06-03 01:47:46
A|1s|full|nc3|Isomap_nn30,1s,full,19,pooled,Isomap_nn30,3,reg_curvol,knn,r2,0.6204,2.55,8000,2026-06-03 01:47:46
A|1s|full|nc3|Isomap_nn30,1s,full,19,pooled,Isomap_nn30,3,reg_relspread,ridge,r2,0.4846,2.55,8000,2026-06-03 01:47:46
A|1s|full|nc3|Isomap_nn30,1s,full,19,pooled,Isomap_nn30,3,reg_relspread,knn,r2,0.4998,2.55,8000,2026-06-03 01:47:46
A|1s|full|nc3|Isomap_nn30,1s,full,19,pooled,Isomap_nn30,3,reg_intraday,ridge,r2,0.062,2.55,8000,2026-06-03 01:47:46
A|1s|full|nc3|Isomap_nn30,1s,full,19,pooled,Isomap_nn30,3,reg_intraday,knn,r2,0.0738,2.55,8000,2026-06-03 01:47:46
A|1s|full|nc3|LLE,1s,full,19,pooled,LLE,3,lab_stress,logistic,auc,0.6508,0.8,8000,2026-06-03 01:47:47
A|1s|full|nc3|LLE,1s,full,19,pooled,LLE,3,lab_stress,knn,auc,0.653,0.8,8000,2026-06-03 01:47:47
A|1s|full|nc3|LLE,1s,full,19,pooled,LLE,3,lab_depth_collapse,logistic,auc,0.5467,0.8,8000,2026-06-03 01:47:47
A|1s|full|nc3|LLE,1s,full,19,pooled,LLE,3,lab_depth_collapse,knn,auc,0.603,0.8,8000,2026-06-03 01:47:47
A|1s|full|nc3|LLE,1s,full,19,pooled,LLE,3,lab_spread_widen,logistic,auc,0.53,0.8,8000,2026-06-03 01:47:47
A|1s|full|nc3|LLE,1s,full,19,pooled,LLE,3,lab_spread_widen,knn,auc,0.5538,0.8,8000,2026-06-03 01:47:47
A|1s|full|nc3|LLE,1s,full,19,pooled,LLE,3,lab_vol_spike,logistic,auc,0.7711,0.8,8000,2026-06-03 01:47:47
A|1s|full|nc3|LLE,1s,full,19,pooled,LLE,3,lab_vol_spike,knn,auc,0.8145,0.8,8000,2026-06-03 01:47:47
A|1s|full|nc3|LLE,1s,full,19,pooled,LLE,3,reg_fwdvol,ridge,r2,0.3351,0.8,8000,2026-06-03 01:47:47
A|1s|full|nc3|LLE,1s,full,19,pooled,LLE,3,reg_fwdvol,knn,r2,0.5081,0.8,8000,2026-06-03 01:47:47
A|1s|full|nc3|LLE,1s,full,19,pooled,LLE,3,reg_curvol,ridge,r2,0.3327,0.8,8000,2026-06-03 01:47:47
A|1s|full|nc3|LLE,1s,full,19,pooled,LLE,3,reg_curvol,knn,r2,0.5089,0.8,8000,2026-06-03 01:47:47
A|1s|full|nc3|LLE,1s,full,19,pooled,LLE,3,reg_relspread,ridge,r2,0.1628,0.8,8000,2026-06-03 01:47:47
A|1s|full|nc3|LLE,1s,full,19,pooled,LLE,3,reg_relspread,knn,r2,0.3466,0.8,8000,2026-06-03 01:47:47
A|1s|full|nc3|LLE,1s,full,19,pooled,LLE,3,reg_intraday,ridge,r2,0.0644,0.8,8000,2026-06-03 01:47:47
A|1s|full|nc3|LLE,1s,full,19,pooled,LLE,3,reg_intraday,knn,r2,0.0451,0.8,8000,2026-06-03 01:47:47
A|1s|full|nc3|UMAP_nn15,1s,full,19,pooled,UMAP_nn15,3,lab_stress,logistic,auc,0.59,18.08,8000,2026-06-03 01:48:05
A|1s|full|nc3|UMAP_nn15,1s,full,19,pooled,UMAP_nn15,3,lab_stress,knn,auc,0.7478,18.08,8000,2026-06-03 01:48:05
A|1s|full|nc3|UMAP_nn15,1s,full,19,pooled,UMAP_nn15,3,lab_depth_collapse,logistic,auc,0.531,18.08,8000,2026-06-03 01:48:05
A|1s|full|nc3|UMAP_nn15,1s,full,19,pooled,UMAP_nn15,3,lab_depth_collapse,knn,auc,0.7513,18.08,8000,2026-06-03 01:48:05
A|1s|full|nc3|UMAP_nn15,1s,full,19,pooled,UMAP_nn15,3,lab_spread_widen,logistic,auc,0.5322,18.08,8000,2026-06-03 01:48:05
A|1s|full|nc3|UMAP_nn15,1s,full,19,pooled,UMAP_nn15,3,lab_spread_widen,knn,auc,0.6113,18.08,8000,2026-06-03 01:48:05
A|1s|full|nc3|UMAP_nn15,1s,full,19,pooled,UMAP_nn15,3,lab_vol_spike,logistic,auc,0.7115,18.08,8000,2026-06-03 01:48:05
A|1s|full|nc3|UMAP_nn15,1s,full,19,pooled,UMAP_nn15,3,lab_vol_spike,knn,auc,0.8726,18.08,8000,2026-06-03 01:48:05
A|1s|full|nc3|UMAP_nn15,1s,full,19,pooled,UMAP_nn15,3,reg_fwdvol,ridge,r2,0.2216,18.08,8000,2026-06-03 01:48:05
A|1s|full|nc3|UMAP_nn15,1s,full,19,pooled,UMAP_nn15,3,reg_fwdvol,knn,r2,0.6175,18.08,8000,2026-06-03 01:48:05
A|1s|full|nc3|UMAP_nn15,1s,full,19,pooled,UMAP_nn15,3,reg_curvol,ridge,r2,0.2202,18.08,8000,2026-06-03 01:48:05
A|1s|full|nc3|UMAP_nn15,1s,full,19,pooled,UMAP_nn15,3,reg_curvol,knn,r2,0.6231,18.08,8000,2026-06-03 01:48:05
A|1s|full|nc3|UMAP_nn15,1s,full,19,pooled,UMAP_nn15,3,reg_relspread,ridge,r2,0.2999,18.08,8000,2026-06-03 01:48:05
A|1s|full|nc3|UMAP_nn15,1s,full,19,pooled,UMAP_nn15,3,reg_relspread,knn,r2,0.6381,18.08,8000,2026-06-03 01:48:05
A|1s|full|nc3|UMAP_nn15,1s,full,19,pooled,UMAP_nn15,3,reg_intraday,ridge,r2,0.0262,18.08,8000,2026-06-03 01:48:05
A|1s|full|nc3|UMAP_nn15,1s,full,19,pooled,UMAP_nn15,3,reg_intraday,knn,r2,0.0749,18.08,8000,2026-06-03 01:48:05
A|1s|full|nc3|UMAP_nn50,1s,full,19,pooled,UMAP_nn50,3,lab_stress,logistic,auc,0.6282,19.49,8000,2026-06-03 01:48:25
A|1s|full|nc3|UMAP_nn50,1s,full,19,pooled,UMAP_nn50,3,lab_stress,knn,auc,0.7506,19.49,8000,2026-06-03 01:48:25
A|1s|full|nc3|UMAP_nn50,1s,full,19,pooled,UMAP_nn50,3,lab_depth_collapse,logistic,auc,0.5418,19.49,8000,2026-06-03 01:48:25
A|1s|full|nc3|UMAP_nn50,1s,full,19,pooled,UMAP_nn50,3,lab_depth_collapse,knn,auc,0.7442,19.49,8000,2026-06-03 01:48:25
A|1s|full|nc3|UMAP_nn50,1s,full,19,pooled,UMAP_nn50,3,lab_spread_widen,logistic,auc,0.5352,19.49,8000,2026-06-03 01:48:25
A|1s|full|nc3|UMAP_nn50,1s,full,19,pooled,UMAP_nn50,3,lab_spread_widen,knn,auc,0.6037,19.49,8000,2026-06-03 01:48:25
A|1s|full|nc3|UMAP_nn50,1s,full,19,pooled,UMAP_nn50,3,lab_vol_spike,logistic,auc,0.7816,19.49,8000,2026-06-03 01:48:25
A|1s|full|nc3|UMAP_nn50,1s,full,19,pooled,UMAP_nn50,3,lab_vol_spike,knn,auc,0.8716,19.49,8000,2026-06-03 01:48:25
A|1s|full|nc3|UMAP_nn50,1s,full,19,pooled,UMAP_nn50,3,reg_fwdvol,ridge,r2,0.3346,19.49,8000,2026-06-03 01:48:25
A|1s|full|nc3|UMAP_nn50,1s,full,19,pooled,UMAP_nn50,3,reg_fwdvol,knn,r2,0.6049,19.49,8000,2026-06-03 01:48:25
A|1s|full|nc3|UMAP_nn50,1s,full,19,pooled,UMAP_nn50,3,reg_curvol,ridge,r2,0.3327,19.49,8000,2026-06-03 01:48:25
A|1s|full|nc3|UMAP_nn50,1s,full,19,pooled,UMAP_nn50,3,reg_curvol,knn,r2,0.6098,19.49,8000,2026-06-03 01:48:25
A|1s|full|nc3|UMAP_nn50,1s,full,19,pooled,UMAP_nn50,3,reg_relspread,ridge,r2,0.4651,19.49,8000,2026-06-03 01:48:25
A|1s|full|nc3|UMAP_nn50,1s,full,19,pooled,UMAP_nn50,3,reg_relspread,knn,r2,0.6301,19.49,8000,2026-06-03 01:48:25
A|1s|full|nc3|UMAP_nn50,1s,full,19,pooled,UMAP_nn50,3,reg_intraday,ridge,r2,0.0338,19.49,8000,2026-06-03 01:48:25
A|1s|full|nc3|UMAP_nn50,1s,full,19,pooled,UMAP_nn50,3,reg_intraday,knn,r2,0.0816,19.49,8000,2026-06-03 01:48:25
A|1s|full|nc3|Diffusion_a1.0,1s,full,19,pooled,Diffusion_a1.0,3,lab_stress,logistic,auc,0.7033,1.73,8000,2026-06-03 01:48:27
A|1s|full|nc3|Diffusion_a1.0,1s,full,19,pooled,Diffusion_a1.0,3,lab_stress,knn,auc,0.7556,1.73,8000,2026-06-03 01:48:27
A|1s|full|nc3|Diffusion_a1.0,1s,full,19,pooled,Diffusion_a1.0,3,lab_depth_collapse,logistic,auc,0.586,1.73,8000,2026-06-03 01:48:27
A|1s|full|nc3|Diffusion_a1.0,1s,full,19,pooled,Diffusion_a1.0,3,lab_depth_collapse,knn,auc,0.6462,1.73,8000,2026-06-03 01:48:27
A|1s|full|nc3|Diffusion_a1.0,1s,full,19,pooled,Diffusion_a1.0,3,lab_spread_widen,logistic,auc,0.6778,1.73,8000,2026-06-03 01:48:27
A|1s|full|nc3|Diffusion_a1.0,1s,full,19,pooled,Diffusion_a1.0,3,lab_spread_widen,knn,auc,0.754,1.73,8000,2026-06-03 01:48:27
A|1s|full|nc3|Diffusion_a1.0,1s,full,19,pooled,Diffusion_a1.0,3,lab_vol_spike,logistic,auc,0.9014,1.73,8000,2026-06-03 01:48:27
A|1s|full|nc3|Diffusion_a1.0,1s,full,19,pooled,Diffusion_a1.0,3,lab_vol_spike,knn,auc,0.9164,1.73,8000,2026-06-03 01:48:27
A|1s|full|nc3|Diffusion_a1.0,1s,full,19,pooled,Diffusion_a1.0,3,reg_fwdvol,ridge,r2,0.1545,1.73,8000,2026-06-03 01:48:27
A|1s|full|nc3|Diffusion_a1.0,1s,full,19,pooled,Diffusion_a1.0,3,reg_fwdvol,knn,r2,0.7458,1.73,8000,2026-06-03 01:48:27
A|1s|full|nc3|Diffusion_a1.0,1s,full,19,pooled,Diffusion_a1.0,3,reg_curvol,ridge,r2,0.1519,1.73,8000,2026-06-03 01:48:27
A|1s|full|nc3|Diffusion_a1.0,1s,full,19,pooled,Diffusion_a1.0,3,reg_curvol,knn,r2,0.7573,1.73,8000,2026-06-03 01:48:27
A|1s|full|nc3|Diffusion_a1.0,1s,full,19,pooled,Diffusion_a1.0,3,reg_relspread,ridge,r2,0.1652,1.73,8000,2026-06-03 01:48:27
A|1s|full|nc3|Diffusion_a1.0,1s,full,19,pooled,Diffusion_a1.0,3,reg_relspread,knn,r2,0.8113,1.73,8000,2026-06-03 01:48:27
A|1s|full|nc3|Diffusion_a1.0,1s,full,19,pooled,Diffusion_a1.0,3,reg_intraday,ridge,r2,0.0468,1.73,8000,2026-06-03 01:48:27
A|1s|full|nc3|Diffusion_a1.0,1s,full,19,pooled,Diffusion_a1.0,3,reg_intraday,knn,r2,0.1063,1.73,8000,2026-06-03 01:48:27
A|1s|full|nc3|Diffusion_a0.5,1s,full,19,pooled,Diffusion_a0.5,3,lab_stress,logistic,auc,0.6738,1.71,8000,2026-06-03 01:48:29
A|1s|full|nc3|Diffusion_a0.5,1s,full,19,pooled,Diffusion_a0.5,3,lab_stress,knn,auc,0.7438,1.71,8000,2026-06-03 01:48:29
A|1s|full|nc3|Diffusion_a0.5,1s,full,19,pooled,Diffusion_a0.5,3,lab_depth_collapse,logistic,auc,0.5567,1.71,8000,2026-06-03 01:48:29
A|1s|full|nc3|Diffusion_a0.5,1s,full,19,pooled,Diffusion_a0.5,3,lab_depth_collapse,knn,auc,0.658,1.71,8000,2026-06-03 01:48:29
A|1s|full|nc3|Diffusion_a0.5,1s,full,19,pooled,Diffusion_a0.5,3,lab_spread_widen,logistic,auc,0.6368,1.71,8000,2026-06-03 01:48:29
A|1s|full|nc3|Diffusion_a0.5,1s,full,19,pooled,Diffusion_a0.5,3,lab_spread_widen,knn,auc,0.7616,1.71,8000,2026-06-03 01:48:29
A|1s|full|nc3|Diffusion_a0.5,1s,full,19,pooled,Diffusion_a0.5,3,lab_vol_spike,logistic,auc,0.8777,1.71,8000,2026-06-03 01:48:29
A|1s|full|nc3|Diffusion_a0.5,1s,full,19,pooled,Diffusion_a0.5,3,lab_vol_spike,knn,auc,0.894,1.71,8000,2026-06-03 01:48:29
A|1s|full|nc3|Diffusion_a0.5,1s,full,19,pooled,Diffusion_a0.5,3,reg_fwdvol,ridge,r2,0.0108,1.71,8000,2026-06-03 01:48:29
A|1s|full|nc3|Diffusion_a0.5,1s,full,19,pooled,Diffusion_a0.5,3,reg_fwdvol,knn,r2,0.7003,1.71,8000,2026-06-03 01:48:29
A|1s|full|nc3|Diffusion_a0.5,1s,full,19,pooled,Diffusion_a0.5,3,reg_curvol,ridge,r2,0.008,1.71,8000,2026-06-03 01:48:29
A|1s|full|nc3|Diffusion_a0.5,1s,full,19,pooled,Diffusion_a0.5,3,reg_curvol,knn,r2,0.7095,1.71,8000,2026-06-03 01:48:29
A|1s|full|nc3|Diffusion_a0.5,1s,full,19,pooled,Diffusion_a0.5,3,reg_relspread,ridge,r2,0.0215,1.71,8000,2026-06-03 01:48:29
A|1s|full|nc3|Diffusion_a0.5,1s,full,19,pooled,Diffusion_a0.5,3,reg_relspread,knn,r2,0.7977,1.71,8000,2026-06-03 01:48:29
A|1s|full|nc3|Diffusion_a0.5,1s,full,19,pooled,Diffusion_a0.5,3,reg_intraday,ridge,r2,0.0014,1.71,8000,2026-06-03 01:48:29
A|1s|full|nc3|Diffusion_a0.5,1s,full,19,pooled,Diffusion_a0.5,3,reg_intraday,knn,r2,0.116,1.71,8000,2026-06-03 01:48:29
A|1s|full|nc5|PCA,1s,full,19,pooled,PCA,5,lab_stress,logistic,auc,0.7045,0.0,8000,2026-06-03 01:48:30
A|1s|full|nc5|PCA,1s,full,19,pooled,PCA,5,lab_stress,knn,auc,0.7869,0.0,8000,2026-06-03 01:48:30
A|1s|full|nc5|PCA,1s,full,19,pooled,PCA,5,lab_depth_collapse,logistic,auc,0.7667,0.0,8000,2026-06-03 01:48:30
A|1s|full|nc5|PCA,1s,full,19,pooled,PCA,5,lab_depth_collapse,knn,auc,0.8234,0.0,8000,2026-06-03 01:48:30
A|1s|full|nc5|PCA,1s,full,19,pooled,PCA,5,lab_spread_widen,logistic,auc,0.7069,0.0,8000,2026-06-03 01:48:30
A|1s|full|nc5|PCA,1s,full,19,pooled,PCA,5,lab_spread_widen,knn,auc,0.7144,0.0,8000,2026-06-03 01:48:30
A|1s|full|nc5|PCA,1s,full,19,pooled,PCA,5,lab_vol_spike,logistic,auc,0.8952,0.0,8000,2026-06-03 01:48:30
A|1s|full|nc5|PCA,1s,full,19,pooled,PCA,5,lab_vol_spike,knn,auc,0.9087,0.0,8000,2026-06-03 01:48:30
A|1s|full|nc5|PCA,1s,full,19,pooled,PCA,5,reg_fwdvol,ridge,r2,0.6437,0.0,8000,2026-06-03 01:48:30
A|1s|full|nc5|PCA,1s,full,19,pooled,PCA,5,reg_fwdvol,knn,r2,0.7148,0.0,8000,2026-06-03 01:48:30
A|1s|full|nc5|PCA,1s,full,19,pooled,PCA,5,reg_curvol,ridge,r2,0.6503,0.0,8000,2026-06-03 01:48:30
A|1s|full|nc5|PCA,1s,full,19,pooled,PCA,5,reg_curvol,knn,r2,0.7179,0.0,8000,2026-06-03 01:48:30
A|1s|full|nc5|PCA,1s,full,19,pooled,PCA,5,reg_relspread,ridge,r2,0.7807,0.0,8000,2026-06-03 01:48:30
A|1s|full|nc5|PCA,1s,full,19,pooled,PCA,5,reg_relspread,knn,r2,0.8556,0.0,8000,2026-06-03 01:48:30
A|1s|full|nc5|PCA,1s,full,19,pooled,PCA,5,reg_intraday,ridge,r2,0.0941,0.0,8000,2026-06-03 01:48:30
A|1s|full|nc5|PCA,1s,full,19,pooled,PCA,5,reg_intraday,knn,r2,0.0926,0.0,8000,2026-06-03 01:48:30
A|1s|full|nc5|KernelPCA_rbf,1s,full,19,pooled,KernelPCA_rbf,5,lab_stress,logistic,auc,0.6335,0.2,8000,2026-06-03 01:48:30
A|1s|full|nc5|KernelPCA_rbf,1s,full,19,pooled,KernelPCA_rbf,5,lab_stress,knn,auc,0.7578,0.2,8000,2026-06-03 01:48:30
A|1s|full|nc5|KernelPCA_rbf,1s,full,19,pooled,KernelPCA_rbf,5,lab_depth_collapse,logistic,auc,0.6469,0.2,8000,2026-06-03 01:48:30
A|1s|full|nc5|KernelPCA_rbf,1s,full,19,pooled,KernelPCA_rbf,5,lab_depth_collapse,knn,auc,0.7496,0.2,8000,2026-06-03 01:48:30
A|1s|full|nc5|KernelPCA_rbf,1s,full,19,pooled,KernelPCA_rbf,5,lab_spread_widen,logistic,auc,0.5673,0.2,8000,2026-06-03 01:48:30
A|1s|full|nc5|KernelPCA_rbf,1s,full,19,pooled,KernelPCA_rbf,5,lab_spread_widen,knn,auc,0.5935,0.2,8000,2026-06-03 01:48:30
A|1s|full|nc5|KernelPCA_rbf,1s,full,19,pooled,KernelPCA_rbf,5,lab_vol_spike,logistic,auc,0.8268,0.2,8000,2026-06-03 01:48:30
A|1s|full|nc5|KernelPCA_rbf,1s,full,19,pooled,KernelPCA_rbf,5,lab_vol_spike,knn,auc,0.9043,0.2,8000,2026-06-03 01:48:30
A|1s|full|nc5|KernelPCA_rbf,1s,full,19,pooled,KernelPCA_rbf,5,reg_fwdvol,ridge,r2,0.3671,0.2,8000,2026-06-03 01:48:30
A|1s|full|nc5|KernelPCA_rbf,1s,full,19,pooled,KernelPCA_rbf,5,reg_fwdvol,knn,r2,0.6937,0.2,8000,2026-06-03 01:48:30
A|1s|full|nc5|KernelPCA_rbf,1s,full,19,pooled,KernelPCA_rbf,5,reg_curvol,ridge,r2,0.3647,0.2,8000,2026-06-03 01:48:30
A|1s|full|nc5|KernelPCA_rbf,1s,full,19,pooled,KernelPCA_rbf,5,reg_curvol,knn,r2,0.6933,0.2,8000,2026-06-03 01:48:30
A|1s|full|nc5|KernelPCA_rbf,1s,full,19,pooled,KernelPCA_rbf,5,reg_relspread,ridge,r2,0.472,0.2,8000,2026-06-03 01:48:30
A|1s|full|nc5|KernelPCA_rbf,1s,full,19,pooled,KernelPCA_rbf,5,reg_relspread,knn,r2,0.6307,0.2,8000,2026-06-03 01:48:30
A|1s|full|nc5|KernelPCA_rbf,1s,full,19,pooled,KernelPCA_rbf,5,reg_intraday,ridge,r2,0.0454,0.2,8000,2026-06-03 01:48:30
A|1s|full|nc5|KernelPCA_rbf,1s,full,19,pooled,KernelPCA_rbf,5,reg_intraday,knn,r2,0.094,0.2,8000,2026-06-03 01:48:30
A|1s|full|nc5|Isomap_nn10,1s,full,19,pooled,Isomap_nn10,5,lab_stress,logistic,auc,0.6745,1.6,8000,2026-06-03 01:48:32
A|1s|full|nc5|Isomap_nn10,1s,full,19,pooled,Isomap_nn10,5,lab_stress,knn,auc,0.7605,1.6,8000,2026-06-03 01:48:32
A|1s|full|nc5|Isomap_nn10,1s,full,19,pooled,Isomap_nn10,5,lab_depth_collapse,logistic,auc,0.7535,1.6,8000,2026-06-03 01:48:32
A|1s|full|nc5|Isomap_nn10,1s,full,19,pooled,Isomap_nn10,5,lab_depth_collapse,knn,auc,0.7793,1.6,8000,2026-06-03 01:48:32
A|1s|full|nc5|Isomap_nn10,1s,full,19,pooled,Isomap_nn10,5,lab_spread_widen,logistic,auc,0.6359,1.6,8000,2026-06-03 01:48:32
A|1s|full|nc5|Isomap_nn10,1s,full,19,pooled,Isomap_nn10,5,lab_spread_widen,knn,auc,0.6407,1.6,8000,2026-06-03 01:48:32
A|1s|full|nc5|Isomap_nn10,1s,full,19,pooled,Isomap_nn10,5,lab_vol_spike,logistic,auc,0.848,1.6,8000,2026-06-03 01:48:32
A|1s|full|nc5|Isomap_nn10,1s,full,19,pooled,Isomap_nn10,5,lab_vol_spike,knn,auc,0.8787,1.6,8000,2026-06-03 01:48:32
A|1s|full|nc5|Isomap_nn10,1s,full,19,pooled,Isomap_nn10,5,reg_fwdvol,ridge,r2,0.5339,1.6,8000,2026-06-03 01:48:32
A|1s|full|nc5|Isomap_nn10,1s,full,19,pooled,Isomap_nn10,5,reg_fwdvol,knn,r2,0.64,1.6,8000,2026-06-03 01:48:32
A|1s|full|nc5|Isomap_nn10,1s,full,19,pooled,Isomap_nn10,5,reg_curvol,ridge,r2,0.5358,1.6,8000,2026-06-03 01:48:32
A|1s|full|nc5|Isomap_nn10,1s,full,19,pooled,Isomap_nn10,5,reg_curvol,knn,r2,0.645,1.6,8000,2026-06-03 01:48:32
A|1s|full|nc5|Isomap_nn10,1s,full,19,pooled,Isomap_nn10,5,reg_relspread,ridge,r2,0.6449,1.6,8000,2026-06-03 01:48:32
A|1s|full|nc5|Isomap_nn10,1s,full,19,pooled,Isomap_nn10,5,reg_relspread,knn,r2,0.6833,1.6,8000,2026-06-03 01:48:32
A|1s|full|nc5|Isomap_nn10,1s,full,19,pooled,Isomap_nn10,5,reg_intraday,ridge,r2,0.0578,1.6,8000,2026-06-03 01:48:32
A|1s|full|nc5|Isomap_nn10,1s,full,19,pooled,Isomap_nn10,5,reg_intraday,knn,r2,0.0761,1.6,8000,2026-06-03 01:48:32
A|1s|full|nc5|Isomap_nn30,1s,full,19,pooled,Isomap_nn30,5,lab_stress,logistic,auc,0.678,2.5,8000,2026-06-03 01:48:35
A|1s|full|nc5|Isomap_nn30,1s,full,19,pooled,Isomap_nn30,5,lab_stress,knn,auc,0.7652,2.5,8000,2026-06-03 01:48:35
A|1s|full|nc5|Isomap_nn30,1s,full,19,pooled,Isomap_nn30,5,lab_depth_collapse,logistic,auc,0.7688,2.5,8000,2026-06-03 01:48:35
A|1s|full|nc5|Isomap_nn30,1s,full,19,pooled,Isomap_nn30,5,lab_depth_collapse,knn,auc,0.7889,2.5,8000,2026-06-03 01:48:35
A|1s|full|nc5|Isomap_nn30,1s,full,19,pooled,Isomap_nn30,5,lab_spread_widen,logistic,auc,0.6533,2.5,8000,2026-06-03 01:48:35
A|1s|full|nc5|Isomap_nn30,1s,full,19,pooled,Isomap_nn30,5,lab_spread_widen,knn,auc,0.6638,2.5,8000,2026-06-03 01:48:35
A|1s|full|nc5|Isomap_nn30,1s,full,19,pooled,Isomap_nn30,5,lab_vol_spike,logistic,auc,0.8585,2.5,8000,2026-06-03 01:48:35
A|1s|full|nc5|Isomap_nn30,1s,full,19,pooled,Isomap_nn30,5,lab_vol_spike,knn,auc,0.8818,2.5,8000,2026-06-03 01:48:35
A|1s|full|nc5|Isomap_nn30,1s,full,19,pooled,Isomap_nn30,5,reg_fwdvol,ridge,r2,0.5671,2.5,8000,2026-06-03 01:48:35
A|1s|full|nc5|Isomap_nn30,1s,full,19,pooled,Isomap_nn30,5,reg_fwdvol,knn,r2,0.6526,2.5,8000,2026-06-03 01:48:35
A|1s|full|nc5|Isomap_nn30,1s,full,19,pooled,Isomap_nn30,5,reg_curvol,ridge,r2,0.5695,2.5,8000,2026-06-03 01:48:35
A|1s|full|nc5|Isomap_nn30,1s,full,19,pooled,Isomap_nn30,5,reg_curvol,knn,r2,0.6557,2.5,8000,2026-06-03 01:48:35
A|1s|full|nc5|Isomap_nn30,1s,full,19,pooled,Isomap_nn30,5,reg_relspread,ridge,r2,0.6887,2.5,8000,2026-06-03 01:48:35
A|1s|full|nc5|Isomap_nn30,1s,full,19,pooled,Isomap_nn30,5,reg_relspread,knn,r2,0.7256,2.5,8000,2026-06-03 01:48:35
A|1s|full|nc5|Isomap_nn30,1s,full,19,pooled,Isomap_nn30,5,reg_intraday,ridge,r2,0.069,2.5,8000,2026-06-03 01:48:35
A|1s|full|nc5|Isomap_nn30,1s,full,19,pooled,Isomap_nn30,5,reg_intraday,knn,r2,0.0916,2.5,8000,2026-06-03 01:48:35
A|1s|full|nc5|LLE,1s,full,19,pooled,LLE,5,lab_stress,logistic,auc,0.6481,0.8,8000,2026-06-03 01:48:37
A|1s|full|nc5|LLE,1s,full,19,pooled,LLE,5,lab_stress,knn,auc,0.6923,0.8,8000,2026-06-03 01:48:37
A|1s|full|nc5|LLE,1s,full,19,pooled,LLE,5,lab_depth_collapse,logistic,auc,0.5503,0.8,8000,2026-06-03 01:48:37
A|1s|full|nc5|LLE,1s,full,19,pooled,LLE,5,lab_depth_collapse,knn,auc,0.6388,0.8,8000,2026-06-03 01:48:37
A|1s|full|nc5|LLE,1s,full,19,pooled,LLE,5,lab_spread_widen,logistic,auc,0.5459,0.8,8000,2026-06-03 01:48:37
A|1s|full|nc5|LLE,1s,full,19,pooled,LLE,5,lab_spread_widen,knn,auc,0.5899,0.8,8000,2026-06-03 01:48:37
A|1s|full|nc5|LLE,1s,full,19,pooled,LLE,5,lab_vol_spike,logistic,auc,0.778,0.8,8000,2026-06-03 01:48:37
A|1s|full|nc5|LLE,1s,full,19,pooled,LLE,5,lab_vol_spike,knn,auc,0.8496,0.8,8000,2026-06-03 01:48:37
A|1s|full|nc5|LLE,1s,full,19,pooled,LLE,5,reg_fwdvol,ridge,r2,0.381,0.8,8000,2026-06-03 01:48:37
A|1s|full|nc5|LLE,1s,full,19,pooled,LLE,5,reg_fwdvol,knn,r2,0.5737,0.8,8000,2026-06-03 01:48:37
A|1s|full|nc5|LLE,1s,full,19,pooled,LLE,5,reg_curvol,ridge,r2,0.3796,0.8,8000,2026-06-03 01:48:37
A|1s|full|nc5|LLE,1s,full,19,pooled,LLE,5,reg_curvol,knn,r2,0.5777,0.8,8000,2026-06-03 01:48:37
A|1s|full|nc5|LLE,1s,full,19,pooled,LLE,5,reg_relspread,ridge,r2,0.2033,0.8,8000,2026-06-03 01:48:37
A|1s|full|nc5|LLE,1s,full,19,pooled,LLE,5,reg_relspread,knn,r2,0.4244,0.8,8000,2026-06-03 01:48:37
A|1s|full|nc5|LLE,1s,full,19,pooled,LLE,5,reg_intraday,ridge,r2,0.065,0.8,8000,2026-06-03 01:48:37
A|1s|full|nc5|LLE,1s,full,19,pooled,LLE,5,reg_intraday,knn,r2,0.0548,0.8,8000,2026-06-03 01:48:37
A|1s|full|nc5|UMAP_nn15,1s,full,19,pooled,UMAP_nn15,5,lab_stress,logistic,auc,0.6454,18.01,8000,2026-06-03 01:48:55
A|1s|full|nc5|UMAP_nn15,1s,full,19,pooled,UMAP_nn15,5,lab_stress,knn,auc,0.7597,18.01,8000,2026-06-03 01:48:55
A|1s|full|nc5|UMAP_nn15,1s,full,19,pooled,UMAP_nn15,5,lab_depth_collapse,logistic,auc,0.7229,18.01,8000,2026-06-03 01:48:55
A|1s|full|nc5|UMAP_nn15,1s,full,19,pooled,UMAP_nn15,5,lab_depth_collapse,knn,auc,0.7556,18.01,8000,2026-06-03 01:48:55
A|1s|full|nc5|UMAP_nn15,1s,full,19,pooled,UMAP_nn15,5,lab_spread_widen,logistic,auc,0.5924,18.01,8000,2026-06-03 01:48:55
A|1s|full|nc5|UMAP_nn15,1s,full,19,pooled,UMAP_nn15,5,lab_spread_widen,knn,auc,0.6298,18.01,8000,2026-06-03 01:48:55
A|1s|full|nc5|UMAP_nn15,1s,full,19,pooled,UMAP_nn15,5,lab_vol_spike,logistic,auc,0.8151,18.01,8000,2026-06-03 01:48:55
A|1s|full|nc5|UMAP_nn15,1s,full,19,pooled,UMAP_nn15,5,lab_vol_spike,knn,auc,0.8906,18.01,8000,2026-06-03 01:48:55
A|1s|full|nc5|UMAP_nn15,1s,full,19,pooled,UMAP_nn15,5,reg_fwdvol,ridge,r2,0.3905,18.01,8000,2026-06-03 01:48:55
A|1s|full|nc5|UMAP_nn15,1s,full,19,pooled,UMAP_nn15,5,reg_fwdvol,knn,r2,0.6575,18.01,8000,2026-06-03 01:48:55
A|1s|full|nc5|UMAP_nn15,1s,full,19,pooled,UMAP_nn15,5,reg_curvol,ridge,r2,0.39,18.01,8000,2026-06-03 01:48:55
A|1s|full|nc5|UMAP_nn15,1s,full,19,pooled,UMAP_nn15,5,reg_curvol,knn,r2,0.664,18.01,8000,2026-06-03 01:48:55
A|1s|full|nc5|UMAP_nn15,1s,full,19,pooled,UMAP_nn15,5,reg_relspread,ridge,r2,0.522,18.01,8000,2026-06-03 01:48:55
A|1s|full|nc5|UMAP_nn15,1s,full,19,pooled,UMAP_nn15,5,reg_relspread,knn,r2,0.6699,18.01,8000,2026-06-03 01:48:55
A|1s|full|nc5|UMAP_nn15,1s,full,19,pooled,UMAP_nn15,5,reg_intraday,ridge,r2,0.0375,18.01,8000,2026-06-03 01:48:55
A|1s|full|nc5|UMAP_nn15,1s,full,19,pooled,UMAP_nn15,5,reg_intraday,knn,r2,0.0805,18.01,8000,2026-06-03 01:48:55
A|1s|full|nc5|UMAP_nn50,1s,full,19,pooled,UMAP_nn50,5,lab_stress,logistic,auc,0.6471,19.68,8000,2026-06-03 01:49:15
A|1s|full|nc5|UMAP_nn50,1s,full,19,pooled,UMAP_nn50,5,lab_stress,knn,auc,0.7662,19.68,8000,2026-06-03 01:49:15
A|1s|full|nc5|UMAP_nn50,1s,full,19,pooled,UMAP_nn50,5,lab_depth_collapse,logistic,auc,0.7366,19.68,8000,2026-06-03 01:49:15
A|1s|full|nc5|UMAP_nn50,1s,full,19,pooled,UMAP_nn50,5,lab_depth_collapse,knn,auc,0.7739,19.68,8000,2026-06-03 01:49:15
A|1s|full|nc5|UMAP_nn50,1s,full,19,pooled,UMAP_nn50,5,lab_spread_widen,logistic,auc,0.6085,19.68,8000,2026-06-03 01:49:15
A|1s|full|nc5|UMAP_nn50,1s,full,19,pooled,UMAP_nn50,5,lab_spread_widen,knn,auc,0.6283,19.68,8000,2026-06-03 01:49:15
A|1s|full|nc5|UMAP_nn50,1s,full,19,pooled,UMAP_nn50,5,lab_vol_spike,logistic,auc,0.8225,19.68,8000,2026-06-03 01:49:15
A|1s|full|nc5|UMAP_nn50,1s,full,19,pooled,UMAP_nn50,5,lab_vol_spike,knn,auc,0.8882,19.68,8000,2026-06-03 01:49:15
A|1s|full|nc5|UMAP_nn50,1s,full,19,pooled,UMAP_nn50,5,reg_fwdvol,ridge,r2,0.4037,19.68,8000,2026-06-03 01:49:15
A|1s|full|nc5|UMAP_nn50,1s,full,19,pooled,UMAP_nn50,5,reg_fwdvol,knn,r2,0.657,19.68,8000,2026-06-03 01:49:15
A|1s|full|nc5|UMAP_nn50,1s,full,19,pooled,UMAP_nn50,5,reg_curvol,ridge,r2,0.4036,19.68,8000,2026-06-03 01:49:15
A|1s|full|nc5|UMAP_nn50,1s,full,19,pooled,UMAP_nn50,5,reg_curvol,knn,r2,0.6641,19.68,8000,2026-06-03 01:49:15
A|1s|full|nc5|UMAP_nn50,1s,full,19,pooled,UMAP_nn50,5,reg_relspread,ridge,r2,0.5535,19.68,8000,2026-06-03 01:49:15
A|1s|full|nc5|UMAP_nn50,1s,full,19,pooled,UMAP_nn50,5,reg_relspread,knn,r2,0.6702,19.68,8000,2026-06-03 01:49:15
A|1s|full|nc5|UMAP_nn50,1s,full,19,pooled,UMAP_nn50,5,reg_intraday,ridge,r2,0.0414,19.68,8000,2026-06-03 01:49:15
A|1s|full|nc5|UMAP_nn50,1s,full,19,pooled,UMAP_nn50,5,reg_intraday,knn,r2,0.0849,19.68,8000,2026-06-03 01:49:15
A|1s|full|nc5|Diffusion_a1.0,1s,full,19,pooled,Diffusion_a1.0,5,lab_stress,logistic,auc,0.7463,1.72,8000,2026-06-03 01:49:18
A|1s|full|nc5|Diffusion_a1.0,1s,full,19,pooled,Diffusion_a1.0,5,lab_stress,knn,auc,0.7907,1.72,8000,2026-06-03 01:49:18
A|1s|full|nc5|Diffusion_a1.0,1s,full,19,pooled,Diffusion_a1.0,5,lab_depth_collapse,logistic,auc,0.5843,1.72,8000,2026-06-03 01:49:18
A|1s|full|nc5|Diffusion_a1.0,1s,full,19,pooled,Diffusion_a1.0,5,lab_depth_collapse,knn,auc,0.6586,1.72,8000,2026-06-03 01:49:18
A|1s|full|nc5|Diffusion_a1.0,1s,full,19,pooled,Diffusion_a1.0,5,lab_spread_widen,logistic,auc,0.6906,1.72,8000,2026-06-03 01:49:18
A|1s|full|nc5|Diffusion_a1.0,1s,full,19,pooled,Diffusion_a1.0,5,lab_spread_widen,knn,auc,0.7475,1.72,8000,2026-06-03 01:49:18
A|1s|full|nc5|Diffusion_a1.0,1s,full,19,pooled,Diffusion_a1.0,5,lab_vol_spike,logistic,auc,0.9306,1.72,8000,2026-06-03 01:49:18
A|1s|full|nc5|Diffusion_a1.0,1s,full,19,pooled,Diffusion_a1.0,5,lab_vol_spike,knn,auc,0.9465,1.72,8000,2026-06-03 01:49:18
A|1s|full|nc5|Diffusion_a1.0,1s,full,19,pooled,Diffusion_a1.0,5,reg_fwdvol,ridge,r2,0.2573,1.72,8000,2026-06-03 01:49:18
A|1s|full|nc5|Diffusion_a1.0,1s,full,19,pooled,Diffusion_a1.0,5,reg_fwdvol,knn,r2,0.817,1.72,8000,2026-06-03 01:49:18
A|1s|full|nc5|Diffusion_a1.0,1s,full,19,pooled,Diffusion_a1.0,5,reg_curvol,ridge,r2,0.257,1.72,8000,2026-06-03 01:49:18
A|1s|full|nc5|Diffusion_a1.0,1s,full,19,pooled,Diffusion_a1.0,5,reg_curvol,knn,r2,0.8346,1.72,8000,2026-06-03 01:49:18
A|1s|full|nc5|Diffusion_a1.0,1s,full,19,pooled,Diffusion_a1.0,5,reg_relspread,ridge,r2,0.1827,1.72,8000,2026-06-03 01:49:18
A|1s|full|nc5|Diffusion_a1.0,1s,full,19,pooled,Diffusion_a1.0,5,reg_relspread,knn,r2,0.8253,1.72,8000,2026-06-03 01:49:18
A|1s|full|nc5|Diffusion_a1.0,1s,full,19,pooled,Diffusion_a1.0,5,reg_intraday,ridge,r2,0.062,1.72,8000,2026-06-03 01:49:18
A|1s|full|nc5|Diffusion_a1.0,1s,full,19,pooled,Diffusion_a1.0,5,reg_intraday,knn,r2,0.1117,1.72,8000,2026-06-03 01:49:18
A|1s|full|nc5|Diffusion_a0.5,1s,full,19,pooled,Diffusion_a0.5,5,lab_stress,logistic,auc,0.6639,1.71,8000,2026-06-03 01:49:20
A|1s|full|nc5|Diffusion_a0.5,1s,full,19,pooled,Diffusion_a0.5,5,lab_stress,knn,auc,0.7665,1.71,8000,2026-06-03 01:49:20
A|1s|full|nc5|Diffusion_a0.5,1s,full,19,pooled,Diffusion_a0.5,5,lab_depth_collapse,logistic,auc,0.5757,1.71,8000,2026-06-03 01:49:20
A|1s|full|nc5|Diffusion_a0.5,1s,full,19,pooled,Diffusion_a0.5,5,lab_depth_collapse,knn,auc,0.6554,1.71,8000,2026-06-03 01:49:20
A|1s|full|nc5|Diffusion_a0.5,1s,full,19,pooled,Diffusion_a0.5,5,lab_spread_widen,logistic,auc,0.6446,1.71,8000,2026-06-03 01:49:20
A|1s|full|nc5|Diffusion_a0.5,1s,full,19,pooled,Diffusion_a0.5,5,lab_spread_widen,knn,auc,0.6418,1.71,8000,2026-06-03 01:49:20
A|1s|full|nc5|Diffusion_a0.5,1s,full,19,pooled,Diffusion_a0.5,5,lab_vol_spike,logistic,auc,0.8993,1.71,8000,2026-06-03 01:49:20
A|1s|full|nc5|Diffusion_a0.5,1s,full,19,pooled,Diffusion_a0.5,5,lab_vol_spike,knn,auc,0.921,1.71,8000,2026-06-03 01:49:20
A|1s|full|nc5|Diffusion_a0.5,1s,full,19,pooled,Diffusion_a0.5,5,reg_fwdvol,ridge,r2,0.2211,1.71,8000,2026-06-03 01:49:20
A|1s|full|nc5|Diffusion_a0.5,1s,full,19,pooled,Diffusion_a0.5,5,reg_fwdvol,knn,r2,0.7217,1.71,8000,2026-06-03 01:49:20
A|1s|full|nc5|Diffusion_a0.5,1s,full,19,pooled,Diffusion_a0.5,5,reg_curvol,ridge,r2,0.2195,1.71,8000,2026-06-03 01:49:20
A|1s|full|nc5|Diffusion_a0.5,1s,full,19,pooled,Diffusion_a0.5,5,reg_curvol,knn,r2,0.7356,1.71,8000,2026-06-03 01:49:20
A|1s|full|nc5|Diffusion_a0.5,1s,full,19,pooled,Diffusion_a0.5,5,reg_relspread,ridge,r2,0.3623,1.71,8000,2026-06-03 01:49:20
A|1s|full|nc5|Diffusion_a0.5,1s,full,19,pooled,Diffusion_a0.5,5,reg_relspread,knn,r2,0.6898,1.71,8000,2026-06-03 01:49:20
A|1s|full|nc5|Diffusion_a0.5,1s,full,19,pooled,Diffusion_a0.5,5,reg_intraday,ridge,r2,0.0506,1.71,8000,2026-06-03 01:49:20
A|1s|full|nc5|Diffusion_a0.5,1s,full,19,pooled,Diffusion_a0.5,5,reg_intraday,knn,r2,0.1098,1.71,8000,2026-06-03 01:49:20
A|1s|full|nc10|PCA,1s,full,19,pooled,PCA,10,lab_stress,logistic,auc,0.7656,0.0,8000,2026-06-03 01:49:20
A|1s|full|nc10|PCA,1s,full,19,pooled,PCA,10,lab_stress,knn,auc,0.8162,0.0,8000,2026-06-03 01:49:20
A|1s|full|nc10|PCA,1s,full,19,pooled,PCA,10,lab_depth_collapse,logistic,auc,0.7981,0.0,8000,2026-06-03 01:49:20
A|1s|full|nc10|PCA,1s,full,19,pooled,PCA,10,lab_depth_collapse,knn,auc,0.809,0.0,8000,2026-06-03 01:49:20
A|1s|full|nc10|PCA,1s,full,19,pooled,PCA,10,lab_spread_widen,logistic,auc,0.8114,0.0,8000,2026-06-03 01:49:20
A|1s|full|nc10|PCA,1s,full,19,pooled,PCA,10,lab_spread_widen,knn,auc,0.7661,0.0,8000,2026-06-03 01:49:20
A|1s|full|nc10|PCA,1s,full,19,pooled,PCA,10,lab_vol_spike,logistic,auc,0.9727,0.0,8000,2026-06-03 01:49:20
A|1s|full|nc10|PCA,1s,full,19,pooled,PCA,10,lab_vol_spike,knn,auc,0.968,0.0,8000,2026-06-03 01:49:20
A|1s|full|nc10|PCA,1s,full,19,pooled,PCA,10,reg_fwdvol,ridge,r2,0.8335,0.0,8000,2026-06-03 01:49:20
A|1s|full|nc10|PCA,1s,full,19,pooled,PCA,10,reg_fwdvol,knn,r2,0.8463,0.0,8000,2026-06-03 01:49:20
A|1s|full|nc10|PCA,1s,full,19,pooled,PCA,10,reg_curvol,ridge,r2,0.8627,0.0,8000,2026-06-03 01:49:20
A|1s|full|nc10|PCA,1s,full,19,pooled,PCA,10,reg_curvol,knn,r2,0.8763,0.0,8000,2026-06-03 01:49:20
A|1s|full|nc10|PCA,1s,full,19,pooled,PCA,10,reg_relspread,ridge,r2,0.7974,0.0,8000,2026-06-03 01:49:20
A|1s|full|nc10|PCA,1s,full,19,pooled,PCA,10,reg_relspread,knn,r2,0.7989,0.0,8000,2026-06-03 01:49:20
A|1s|full|nc10|PCA,1s,full,19,pooled,PCA,10,reg_intraday,ridge,r2,0.1333,0.0,8000,2026-06-03 01:49:20
A|1s|full|nc10|PCA,1s,full,19,pooled,PCA,10,reg_intraday,knn,r2,0.1372,0.0,8000,2026-06-03 01:49:20
A|1s|full|nc10|KernelPCA_rbf,1s,full,19,pooled,KernelPCA_rbf,10,lab_stress,logistic,auc,0.6956,1.05,8000,2026-06-03 01:49:23
A|1s|full|nc10|KernelPCA_rbf,1s,full,19,pooled,KernelPCA_rbf,10,lab_stress,knn,auc,0.8056,1.05,8000,2026-06-03 01:49:23
A|1s|full|nc10|KernelPCA_rbf,1s,full,19,pooled,KernelPCA_rbf,10,lab_depth_collapse,logistic,auc,0.7805,1.05,8000,2026-06-03 01:49:23
A|1s|full|nc10|KernelPCA_rbf,1s,full,19,pooled,KernelPCA_rbf,10,lab_depth_collapse,knn,auc,0.8045,1.05,8000,2026-06-03 01:49:23
A|1s|full|nc10|KernelPCA_rbf,1s,full,19,pooled,KernelPCA_rbf,10,lab_spread_widen,logistic,auc,0.6669,1.05,8000,2026-06-03 01:49:23
A|1s|full|nc10|KernelPCA_rbf,1s,full,19,pooled,KernelPCA_rbf,10,lab_spread_widen,knn,auc,0.6699,1.05,8000,2026-06-03 01:49:23
A|1s|full|nc10|KernelPCA_rbf,1s,full,19,pooled,KernelPCA_rbf,10,lab_vol_spike,logistic,auc,0.9083,1.05,8000,2026-06-03 01:49:23
A|1s|full|nc10|KernelPCA_rbf,1s,full,19,pooled,KernelPCA_rbf,10,lab_vol_spike,knn,auc,0.9396,1.05,8000,2026-06-03 01:49:23
A|1s|full|nc10|KernelPCA_rbf,1s,full,19,pooled,KernelPCA_rbf,10,reg_fwdvol,ridge,r2,0.5551,1.05,8000,2026-06-03 01:49:23
A|1s|full|nc10|KernelPCA_rbf,1s,full,19,pooled,KernelPCA_rbf,10,reg_fwdvol,knn,r2,0.7626,1.05,8000,2026-06-03 01:49:23
A|1s|full|nc10|KernelPCA_rbf,1s,full,19,pooled,KernelPCA_rbf,10,reg_curvol,ridge,r2,0.56,1.05,8000,2026-06-03 01:49:23
A|1s|full|nc10|KernelPCA_rbf,1s,full,19,pooled,KernelPCA_rbf,10,reg_curvol,knn,r2,0.7709,1.05,8000,2026-06-03 01:49:23
A|1s|full|nc10|KernelPCA_rbf,1s,full,19,pooled,KernelPCA_rbf,10,reg_relspread,ridge,r2,0.7097,1.05,8000,2026-06-03 01:49:23
A|1s|full|nc10|KernelPCA_rbf,1s,full,19,pooled,KernelPCA_rbf,10,reg_relspread,knn,r2,0.764,1.05,8000,2026-06-03 01:49:23
A|1s|full|nc10|KernelPCA_rbf,1s,full,19,pooled,KernelPCA_rbf,10,reg_intraday,ridge,r2,0.0755,1.05,8000,2026-06-03 01:49:23
A|1s|full|nc10|KernelPCA_rbf,1s,full,19,pooled,KernelPCA_rbf,10,reg_intraday,knn,r2,0.1065,1.05,8000,2026-06-03 01:49:23
A|1s|full|nc10|Isomap_nn10,1s,full,19,pooled,Isomap_nn10,10,lab_stress,logistic,auc,0.7419,2.4,8000,2026-06-03 01:49:27
A|1s|full|nc10|Isomap_nn10,1s,full,19,pooled,Isomap_nn10,10,lab_stress,knn,auc,0.7862,2.4,8000,2026-06-03 01:49:27
A|1s|full|nc10|Isomap_nn10,1s,full,19,pooled,Isomap_nn10,10,lab_depth_collapse,logistic,auc,0.757,2.4,8000,2026-06-03 01:49:27
A|1s|full|nc10|Isomap_nn10,1s,full,19,pooled,Isomap_nn10,10,lab_depth_collapse,knn,auc,0.7709,2.4,8000,2026-06-03 01:49:27
A|1s|full|nc10|Isomap_nn10,1s,full,19,pooled,Isomap_nn10,10,lab_spread_widen,logistic,auc,0.7134,2.4,8000,2026-06-03 01:49:27
A|1s|full|nc10|Isomap_nn10,1s,full,19,pooled,Isomap_nn10,10,lab_spread_widen,knn,auc,0.6948,2.4,8000,2026-06-03 01:49:27
A|1s|full|nc10|Isomap_nn10,1s,full,19,pooled,Isomap_nn10,10,lab_vol_spike,logistic,auc,0.9444,2.4,8000,2026-06-03 01:49:27
A|1s|full|nc10|Isomap_nn10,1s,full,19,pooled,Isomap_nn10,10,lab_vol_spike,knn,auc,0.9312,2.4,8000,2026-06-03 01:49:27
A|1s|full|nc10|Isomap_nn10,1s,full,19,pooled,Isomap_nn10,10,reg_fwdvol,ridge,r2,0.7682,2.4,8000,2026-06-03 01:49:27
A|1s|full|nc10|Isomap_nn10,1s,full,19,pooled,Isomap_nn10,10,reg_fwdvol,knn,r2,0.7462,2.4,8000,2026-06-03 01:49:27
A|1s|full|nc10|Isomap_nn10,1s,full,19,pooled,Isomap_nn10,10,reg_curvol,ridge,r2,0.7808,2.4,8000,2026-06-03 01:49:27
A|1s|full|nc10|Isomap_nn10,1s,full,19,pooled,Isomap_nn10,10,reg_curvol,knn,r2,0.7589,2.4,8000,2026-06-03 01:49:27
A|1s|full|nc10|Isomap_nn10,1s,full,19,pooled,Isomap_nn10,10,reg_relspread,ridge,r2,0.7097,2.4,8000,2026-06-03 01:49:27
A|1s|full|nc10|Isomap_nn10,1s,full,19,pooled,Isomap_nn10,10,reg_relspread,knn,r2,0.7183,2.4,8000,2026-06-03 01:49:27
A|1s|full|nc10|Isomap_nn10,1s,full,19,pooled,Isomap_nn10,10,reg_intraday,ridge,r2,0.0921,2.4,8000,2026-06-03 01:49:27
A|1s|full|nc10|Isomap_nn10,1s,full,19,pooled,Isomap_nn10,10,reg_intraday,knn,r2,0.0869,2.4,8000,2026-06-03 01:49:27
A|1s|full|nc10|Isomap_nn30,1s,full,19,pooled,Isomap_nn30,10,lab_stress,logistic,auc,0.7478,3.38,8000,2026-06-03 01:49:31
A|1s|full|nc10|Isomap_nn30,1s,full,19,pooled,Isomap_nn30,10,lab_stress,knn,auc,0.8001,3.38,8000,2026-06-03 01:49:31
A|1s|full|nc10|Isomap_nn30,1s,full,19,pooled,Isomap_nn30,10,lab_depth_collapse,logistic,auc,0.7805,3.38,8000,2026-06-03 01:49:31
A|1s|full|nc10|Isomap_nn30,1s,full,19,pooled,Isomap_nn30,10,lab_depth_collapse,knn,auc,0.7813,3.38,8000,2026-06-03 01:49:31
A|1s|full|nc10|Isomap_nn30,1s,full,19,pooled,Isomap_nn30,10,lab_spread_widen,logistic,auc,0.7495,3.38,8000,2026-06-03 01:49:31
A|1s|full|nc10|Isomap_nn30,1s,full,19,pooled,Isomap_nn30,10,lab_spread_widen,knn,auc,0.7174,3.38,8000,2026-06-03 01:49:31
A|1s|full|nc10|Isomap_nn30,1s,full,19,pooled,Isomap_nn30,10,lab_vol_spike,logistic,auc,0.9589,3.38,8000,2026-06-03 01:49:31
A|1s|full|nc10|Isomap_nn30,1s,full,19,pooled,Isomap_nn30,10,lab_vol_spike,knn,auc,0.9477,3.38,8000,2026-06-03 01:49:31
A|1s|full|nc10|Isomap_nn30,1s,full,19,pooled,Isomap_nn30,10,reg_fwdvol,ridge,r2,0.7962,3.38,8000,2026-06-03 01:49:31
A|1s|full|nc10|Isomap_nn30,1s,full,19,pooled,Isomap_nn30,10,reg_fwdvol,knn,r2,0.7812,3.38,8000,2026-06-03 01:49:31
A|1s|full|nc10|Isomap_nn30,1s,full,19,pooled,Isomap_nn30,10,reg_curvol,ridge,r2,0.8126,3.38,8000,2026-06-03 01:49:31
A|1s|full|nc10|Isomap_nn30,1s,full,19,pooled,Isomap_nn30,10,reg_curvol,knn,r2,0.7987,3.38,8000,2026-06-03 01:49:31
A|1s|full|nc10|Isomap_nn30,1s,full,19,pooled,Isomap_nn30,10,reg_relspread,ridge,r2,0.7459,3.38,8000,2026-06-03 01:49:31
A|1s|full|nc10|Isomap_nn30,1s,full,19,pooled,Isomap_nn30,10,reg_relspread,knn,r2,0.7465,3.38,8000,2026-06-03 01:49:31
A|1s|full|nc10|Isomap_nn30,1s,full,19,pooled,Isomap_nn30,10,reg_intraday,ridge,r2,0.1134,3.38,8000,2026-06-03 01:49:31
A|1s|full|nc10|Isomap_nn30,1s,full,19,pooled,Isomap_nn30,10,reg_intraday,knn,r2,0.1042,3.38,8000,2026-06-03 01:49:31
A|1s|full|nc10|LLE,1s,full,19,pooled,LLE,10,lab_stress,logistic,auc,0.6579,1.11,8000,2026-06-03 01:49:34
A|1s|full|nc10|LLE,1s,full,19,pooled,LLE,10,lab_stress,knn,auc,0.729,1.11,8000,2026-06-03 01:49:34
A|1s|full|nc10|LLE,1s,full,19,pooled,LLE,10,lab_depth_collapse,logistic,auc,0.5889,1.11,8000,2026-06-03 01:49:34
A|1s|full|nc10|LLE,1s,full,19,pooled,LLE,10,lab_depth_collapse,knn,auc,0.6861,1.11,8000,2026-06-03 01:49:34
A|1s|full|nc10|LLE,1s,full,19,pooled,LLE,10,lab_spread_widen,logistic,auc,0.5464,1.11,8000,2026-06-03 01:49:34
A|1s|full|nc10|LLE,1s,full,19,pooled,LLE,10,lab_spread_widen,knn,auc,0.6067,1.11,8000,2026-06-03 01:49:34
A|1s|full|nc10|LLE,1s,full,19,pooled,LLE,10,lab_vol_spike,logistic,auc,0.783,1.11,8000,2026-06-03 01:49:34
A|1s|full|nc10|LLE,1s,full,19,pooled,LLE,10,lab_vol_spike,knn,auc,0.8923,1.11,8000,2026-06-03 01:49:34
A|1s|full|nc10|LLE,1s,full,19,pooled,LLE,10,reg_fwdvol,ridge,r2,0.4337,1.11,8000,2026-06-03 01:49:34
A|1s|full|nc10|LLE,1s,full,19,pooled,LLE,10,reg_fwdvol,knn,r2,0.6379,1.11,8000,2026-06-03 01:49:34
A|1s|full|nc10|LLE,1s,full,19,pooled,LLE,10,reg_curvol,ridge,r2,0.4348,1.11,8000,2026-06-03 01:49:34
A|1s|full|nc10|LLE,1s,full,19,pooled,LLE,10,reg_curvol,knn,r2,0.6446,1.11,8000,2026-06-03 01:49:34
A|1s|full|nc10|LLE,1s,full,19,pooled,LLE,10,reg_relspread,ridge,r2,0.333,1.11,8000,2026-06-03 01:49:34
A|1s|full|nc10|LLE,1s,full,19,pooled,LLE,10,reg_relspread,knn,r2,0.5414,1.11,8000,2026-06-03 01:49:34
A|1s|full|nc10|LLE,1s,full,19,pooled,LLE,10,reg_intraday,ridge,r2,0.0796,1.11,8000,2026-06-03 01:49:34
A|1s|full|nc10|LLE,1s,full,19,pooled,LLE,10,reg_intraday,knn,r2,0.0679,1.11,8000,2026-06-03 01:49:34
A|1s|full|nc10|UMAP_nn15,1s,full,19,pooled,UMAP_nn15,10,lab_stress,logistic,auc,0.6644,18.21,8000,2026-06-03 01:49:54
A|1s|full|nc10|UMAP_nn15,1s,full,19,pooled,UMAP_nn15,10,lab_stress,knn,auc,0.7595,18.21,8000,2026-06-03 01:49:54
A|1s|full|nc10|UMAP_nn15,1s,full,19,pooled,UMAP_nn15,10,lab_depth_collapse,logistic,auc,0.7247,18.21,8000,2026-06-03 01:49:54
A|1s|full|nc10|UMAP_nn15,1s,full,19,pooled,UMAP_nn15,10,lab_depth_collapse,knn,auc,0.7599,18.21,8000,2026-06-03 01:49:54
A|1s|full|nc10|UMAP_nn15,1s,full,19,pooled,UMAP_nn15,10,lab_spread_widen,logistic,auc,0.6043,18.21,8000,2026-06-03 01:49:54
A|1s|full|nc10|UMAP_nn15,1s,full,19,pooled,UMAP_nn15,10,lab_spread_widen,knn,auc,0.6315,18.21,8000,2026-06-03 01:49:54
A|1s|full|nc10|UMAP_nn15,1s,full,19,pooled,UMAP_nn15,10,lab_vol_spike,logistic,auc,0.832,18.21,8000,2026-06-03 01:49:54
A|1s|full|nc10|UMAP_nn15,1s,full,19,pooled,UMAP_nn15,10,lab_vol_spike,knn,auc,0.888,18.21,8000,2026-06-03 01:49:54
A|1s|full|nc10|UMAP_nn15,1s,full,19,pooled,UMAP_nn15,10,reg_fwdvol,ridge,r2,0.4375,18.21,8000,2026-06-03 01:49:54
A|1s|full|nc10|UMAP_nn15,1s,full,19,pooled,UMAP_nn15,10,reg_fwdvol,knn,r2,0.6538,18.21,8000,2026-06-03 01:49:54
A|1s|full|nc10|UMAP_nn15,1s,full,19,pooled,UMAP_nn15,10,reg_curvol,ridge,r2,0.4378,18.21,8000,2026-06-03 01:49:54
A|1s|full|nc10|UMAP_nn15,1s,full,19,pooled,UMAP_nn15,10,reg_curvol,knn,r2,0.6612,18.21,8000,2026-06-03 01:49:54
A|1s|full|nc10|UMAP_nn15,1s,full,19,pooled,UMAP_nn15,10,reg_relspread,ridge,r2,0.5325,18.21,8000,2026-06-03 01:49:54
A|1s|full|nc10|UMAP_nn15,1s,full,19,pooled,UMAP_nn15,10,reg_relspread,knn,r2,0.6697,18.21,8000,2026-06-03 01:49:54
A|1s|full|nc10|UMAP_nn15,1s,full,19,pooled,UMAP_nn15,10,reg_intraday,ridge,r2,0.0439,18.21,8000,2026-06-03 01:49:54
A|1s|full|nc10|UMAP_nn15,1s,full,19,pooled,UMAP_nn15,10,reg_intraday,knn,r2,0.0731,18.21,8000,2026-06-03 01:49:54
A|1s|full|nc10|UMAP_nn50,1s,full,19,pooled,UMAP_nn50,10,lab_stress,logistic,auc,0.654,19.86,8000,2026-06-03 01:50:14
A|1s|full|nc10|UMAP_nn50,1s,full,19,pooled,UMAP_nn50,10,lab_stress,knn,auc,0.7572,19.86,8000,2026-06-03 01:50:14
A|1s|full|nc10|UMAP_nn50,1s,full,19,pooled,UMAP_nn50,10,lab_depth_collapse,logistic,auc,0.7416,19.86,8000,2026-06-03 01:50:14
A|1s|full|nc10|UMAP_nn50,1s,full,19,pooled,UMAP_nn50,10,lab_depth_collapse,knn,auc,0.7707,19.86,8000,2026-06-03 01:50:14
A|1s|full|nc10|UMAP_nn50,1s,full,19,pooled,UMAP_nn50,10,lab_spread_widen,logistic,auc,0.6312,19.86,8000,2026-06-03 01:50:14
A|1s|full|nc10|UMAP_nn50,1s,full,19,pooled,UMAP_nn50,10,lab_spread_widen,knn,auc,0.6296,19.86,8000,2026-06-03 01:50:14
A|1s|full|nc10|UMAP_nn50,1s,full,19,pooled,UMAP_nn50,10,lab_vol_spike,logistic,auc,0.8414,19.86,8000,2026-06-03 01:50:14
A|1s|full|nc10|UMAP_nn50,1s,full,19,pooled,UMAP_nn50,10,lab_vol_spike,knn,auc,0.8846,19.86,8000,2026-06-03 01:50:14
A|1s|full|nc10|UMAP_nn50,1s,full,19,pooled,UMAP_nn50,10,reg_fwdvol,ridge,r2,0.485,19.86,8000,2026-06-03 01:50:14
A|1s|full|nc10|UMAP_nn50,1s,full,19,pooled,UMAP_nn50,10,reg_fwdvol,knn,r2,0.648,19.86,8000,2026-06-03 01:50:14
A|1s|full|nc10|UMAP_nn50,1s,full,19,pooled,UMAP_nn50,10,reg_curvol,ridge,r2,0.4896,19.86,8000,2026-06-03 01:50:14
A|1s|full|nc10|UMAP_nn50,1s,full,19,pooled,UMAP_nn50,10,reg_curvol,knn,r2,0.6526,19.86,8000,2026-06-03 01:50:14
A|1s|full|nc10|UMAP_nn50,1s,full,19,pooled,UMAP_nn50,10,reg_relspread,ridge,r2,0.5613,19.86,8000,2026-06-03 01:50:14
A|1s|full|nc10|UMAP_nn50,1s,full,19,pooled,UMAP_nn50,10,reg_relspread,knn,r2,0.651,19.86,8000,2026-06-03 01:50:14
A|1s|full|nc10|UMAP_nn50,1s,full,19,pooled,UMAP_nn50,10,reg_intraday,ridge,r2,0.0543,19.86,8000,2026-06-03 01:50:14
A|1s|full|nc10|UMAP_nn50,1s,full,19,pooled,UMAP_nn50,10,reg_intraday,knn,r2,0.0812,19.86,8000,2026-06-03 01:50:14
A|1s|full|nc10|Diffusion_a1.0,1s,full,19,pooled,Diffusion_a1.0,10,lab_stress,logistic,auc,0.7323,1.75,8000,2026-06-03 01:50:17
A|1s|full|nc10|Diffusion_a1.0,1s,full,19,pooled,Diffusion_a1.0,10,lab_stress,knn,auc,0.8006,1.75,8000,2026-06-03 01:50:17
A|1s|full|nc10|Diffusion_a1.0,1s,full,19,pooled,Diffusion_a1.0,10,lab_depth_collapse,logistic,auc,0.6169,1.75,8000,2026-06-03 01:50:17
A|1s|full|nc10|Diffusion_a1.0,1s,full,19,pooled,Diffusion_a1.0,10,lab_depth_collapse,knn,auc,0.7723,1.75,8000,2026-06-03 01:50:17
A|1s|full|nc10|Diffusion_a1.0,1s,full,19,pooled,Diffusion_a1.0,10,lab_spread_widen,logistic,auc,0.7383,1.75,8000,2026-06-03 01:50:17
A|1s|full|nc10|Diffusion_a1.0,1s,full,19,pooled,Diffusion_a1.0,10,lab_spread_widen,knn,auc,0.7618,1.75,8000,2026-06-03 01:50:17
A|1s|full|nc10|Diffusion_a1.0,1s,full,19,pooled,Diffusion_a1.0,10,lab_vol_spike,logistic,auc,0.943,1.75,8000,2026-06-03 01:50:17
A|1s|full|nc10|Diffusion_a1.0,1s,full,19,pooled,Diffusion_a1.0,10,lab_vol_spike,knn,auc,0.9329,1.75,8000,2026-06-03 01:50:17
A|1s|full|nc10|Diffusion_a1.0,1s,full,19,pooled,Diffusion_a1.0,10,reg_fwdvol,ridge,r2,0.2077,1.75,8000,2026-06-03 01:50:17
A|1s|full|nc10|Diffusion_a1.0,1s,full,19,pooled,Diffusion_a1.0,10,reg_fwdvol,knn,r2,0.7726,1.75,8000,2026-06-03 01:50:17
A|1s|full|nc10|Diffusion_a1.0,1s,full,19,pooled,Diffusion_a1.0,10,reg_curvol,ridge,r2,0.2034,1.75,8000,2026-06-03 01:50:17
A|1s|full|nc10|Diffusion_a1.0,1s,full,19,pooled,Diffusion_a1.0,10,reg_curvol,knn,r2,0.7864,1.75,8000,2026-06-03 01:50:17
A|1s|full|nc10|Diffusion_a1.0,1s,full,19,pooled,Diffusion_a1.0,10,reg_relspread,ridge,r2,0.4845,1.75,8000,2026-06-03 01:50:17
A|1s|full|nc10|Diffusion_a1.0,1s,full,19,pooled,Diffusion_a1.0,10,reg_relspread,knn,r2,0.8413,1.75,8000,2026-06-03 01:50:17
A|1s|full|nc10|Diffusion_a1.0,1s,full,19,pooled,Diffusion_a1.0,10,reg_intraday,ridge,r2,0.0434,1.75,8000,2026-06-03 01:50:17
A|1s|full|nc10|Diffusion_a1.0,1s,full,19,pooled,Diffusion_a1.0,10,reg_intraday,knn,r2,0.103,1.75,8000,2026-06-03 01:50:17
A|1s|full|nc10|Diffusion_a0.5,1s,full,19,pooled,Diffusion_a0.5,10,lab_stress,logistic,auc,0.717,1.77,8000,2026-06-03 01:50:19
A|1s|full|nc10|Diffusion_a0.5,1s,full,19,pooled,Diffusion_a0.5,10,lab_stress,knn,auc,0.7988,1.77,8000,2026-06-03 01:50:19
A|1s|full|nc10|Diffusion_a0.5,1s,full,19,pooled,Diffusion_a0.5,10,lab_depth_collapse,logistic,auc,0.6299,1.77,8000,2026-06-03 01:50:19
A|1s|full|nc10|Diffusion_a0.5,1s,full,19,pooled,Diffusion_a0.5,10,lab_depth_collapse,knn,auc,0.7646,1.77,8000,2026-06-03 01:50:19
A|1s|full|nc10|Diffusion_a0.5,1s,full,19,pooled,Diffusion_a0.5,10,lab_spread_widen,logistic,auc,0.7078,1.77,8000,2026-06-03 01:50:19
A|1s|full|nc10|Diffusion_a0.5,1s,full,19,pooled,Diffusion_a0.5,10,lab_spread_widen,knn,auc,0.7029,1.77,8000,2026-06-03 01:50:19
A|1s|full|nc10|Diffusion_a0.5,1s,full,19,pooled,Diffusion_a0.5,10,lab_vol_spike,logistic,auc,0.9149,1.77,8000,2026-06-03 01:50:19
A|1s|full|nc10|Diffusion_a0.5,1s,full,19,pooled,Diffusion_a0.5,10,lab_vol_spike,knn,auc,0.9243,1.77,8000,2026-06-03 01:50:19
A|1s|full|nc10|Diffusion_a0.5,1s,full,19,pooled,Diffusion_a0.5,10,reg_fwdvol,ridge,r2,-0.9398,1.77,8000,2026-06-03 01:50:19
A|1s|full|nc10|Diffusion_a0.5,1s,full,19,pooled,Diffusion_a0.5,10,reg_fwdvol,knn,r2,0.7614,1.77,8000,2026-06-03 01:50:19
A|1s|full|nc10|Diffusion_a0.5,1s,full,19,pooled,Diffusion_a0.5,10,reg_curvol,ridge,r2,-0.9445,1.77,8000,2026-06-03 01:50:19
A|1s|full|nc10|Diffusion_a0.5,1s,full,19,pooled,Diffusion_a0.5,10,reg_curvol,knn,r2,0.7707,1.77,8000,2026-06-03 01:50:19
A|1s|full|nc10|Diffusion_a0.5,1s,full,19,pooled,Diffusion_a0.5,10,reg_relspread,ridge,r2,0.3191,1.77,8000,2026-06-03 01:50:19
A|1s|full|nc10|Diffusion_a0.5,1s,full,19,pooled,Diffusion_a0.5,10,reg_relspread,knn,r2,0.8164,1.77,8000,2026-06-03 01:50:19
A|1s|full|nc10|Diffusion_a0.5,1s,full,19,pooled,Diffusion_a0.5,10,reg_intraday,ridge,r2,-0.1597,1.77,8000,2026-06-03 01:50:19
A|1s|full|nc10|Diffusion_a0.5,1s,full,19,pooled,Diffusion_a0.5,10,reg_intraday,knn,r2,0.1048,1.77,8000,2026-06-03 01:50:19
A|1s|state|nc2|PCA,1s,state,8,pooled,PCA,2,lab_stress,logistic,auc,0.5383,0.0,8000,2026-06-03 01:50:20
A|1s|state|nc2|PCA,1s,state,8,pooled,PCA,2,lab_stress,knn,auc,0.6548,0.0,8000,2026-06-03 01:50:20
A|1s|state|nc2|PCA,1s,state,8,pooled,PCA,2,lab_depth_collapse,logistic,auc,0.5337,0.0,8000,2026-06-03 01:50:20
A|1s|state|nc2|PCA,1s,state,8,pooled,PCA,2,lab_depth_collapse,knn,auc,0.6304,0.0,8000,2026-06-03 01:50:20
A|1s|state|nc2|PCA,1s,state,8,pooled,PCA,2,lab_spread_widen,logistic,auc,0.5386,0.0,8000,2026-06-03 01:50:20
A|1s|state|nc2|PCA,1s,state,8,pooled,PCA,2,lab_spread_widen,knn,auc,0.5471,0.0,8000,2026-06-03 01:50:20
A|1s|state|nc2|PCA,1s,state,8,pooled,PCA,2,lab_vol_spike,logistic,auc,0.6069,0.0,8000,2026-06-03 01:50:20
A|1s|state|nc2|PCA,1s,state,8,pooled,PCA,2,lab_vol_spike,knn,auc,0.6211,0.0,8000,2026-06-03 01:50:20
A|1s|state|nc2|PCA,1s,state,8,pooled,PCA,2,reg_fwdvol,ridge,r2,0.1001,0.0,8000,2026-06-03 01:50:20
A|1s|state|nc2|PCA,1s,state,8,pooled,PCA,2,reg_fwdvol,knn,r2,0.1321,0.0,8000,2026-06-03 01:50:20
A|1s|state|nc2|PCA,1s,state,8,pooled,PCA,2,reg_curvol,ridge,r2,0.0985,0.0,8000,2026-06-03 01:50:20
A|1s|state|nc2|PCA,1s,state,8,pooled,PCA,2,reg_curvol,knn,r2,0.1314,0.0,8000,2026-06-03 01:50:20
A|1s|state|nc2|PCA,1s,state,8,pooled,PCA,2,reg_relspread,ridge,r2,0.3337,0.0,8000,2026-06-03 01:50:20
A|1s|state|nc2|PCA,1s,state,8,pooled,PCA,2,reg_relspread,knn,r2,0.3611,0.0,8000,2026-06-03 01:50:20
A|1s|state|nc2|PCA,1s,state,8,pooled,PCA,2,reg_intraday,ridge,r2,0.0301,0.0,8000,2026-06-03 01:50:20
A|1s|state|nc2|PCA,1s,state,8,pooled,PCA,2,reg_intraday,knn,r2,-0.0023,0.0,8000,2026-06-03 01:50:20
A|1s|state|nc2|KernelPCA_rbf,1s,state,8,pooled,KernelPCA_rbf,2,lab_stress,logistic,auc,0.5297,0.19,8000,2026-06-03 01:50:21
A|1s|state|nc2|KernelPCA_rbf,1s,state,8,pooled,KernelPCA_rbf,2,lab_stress,knn,auc,0.6585,0.19,8000,2026-06-03 01:50:21
A|1s|state|nc2|KernelPCA_rbf,1s,state,8,pooled,KernelPCA_rbf,2,lab_depth_collapse,logistic,auc,0.5266,0.19,8000,2026-06-03 01:50:21
A|1s|state|nc2|KernelPCA_rbf,1s,state,8,pooled,KernelPCA_rbf,2,lab_depth_collapse,knn,auc,0.651,0.19,8000,2026-06-03 01:50:21
A|1s|state|nc2|KernelPCA_rbf,1s,state,8,pooled,KernelPCA_rbf,2,lab_spread_widen,logistic,auc,0.51,0.19,8000,2026-06-03 01:50:21
A|1s|state|nc2|KernelPCA_rbf,1s,state,8,pooled,KernelPCA_rbf,2,lab_spread_widen,knn,auc,0.5728,0.19,8000,2026-06-03 01:50:21
A|1s|state|nc2|KernelPCA_rbf,1s,state,8,pooled,KernelPCA_rbf,2,lab_vol_spike,logistic,auc,0.579,0.19,8000,2026-06-03 01:50:21
A|1s|state|nc2|KernelPCA_rbf,1s,state,8,pooled,KernelPCA_rbf,2,lab_vol_spike,knn,auc,0.6754,0.19,8000,2026-06-03 01:50:21
A|1s|state|nc2|KernelPCA_rbf,1s,state,8,pooled,KernelPCA_rbf,2,reg_fwdvol,ridge,r2,0.0794,0.19,8000,2026-06-03 01:50:21
A|1s|state|nc2|KernelPCA_rbf,1s,state,8,pooled,KernelPCA_rbf,2,reg_fwdvol,knn,r2,0.191,0.19,8000,2026-06-03 01:50:21
A|1s|state|nc2|KernelPCA_rbf,1s,state,8,pooled,KernelPCA_rbf,2,reg_curvol,ridge,r2,0.076,0.19,8000,2026-06-03 01:50:21
A|1s|state|nc2|KernelPCA_rbf,1s,state,8,pooled,KernelPCA_rbf,2,reg_curvol,knn,r2,0.1843,0.19,8000,2026-06-03 01:50:21
A|1s|state|nc2|KernelPCA_rbf,1s,state,8,pooled,KernelPCA_rbf,2,reg_relspread,ridge,r2,0.2126,0.19,8000,2026-06-03 01:50:21
A|1s|state|nc2|KernelPCA_rbf,1s,state,8,pooled,KernelPCA_rbf,2,reg_relspread,knn,r2,0.3805,0.19,8000,2026-06-03 01:50:21
A|1s|state|nc2|KernelPCA_rbf,1s,state,8,pooled,KernelPCA_rbf,2,reg_intraday,ridge,r2,0.0099,0.19,8000,2026-06-03 01:50:21
A|1s|state|nc2|KernelPCA_rbf,1s,state,8,pooled,KernelPCA_rbf,2,reg_intraday,knn,r2,0.0119,0.19,8000,2026-06-03 01:50:21
A|1s|state|nc2|Isomap_nn10,1s,state,8,pooled,Isomap_nn10,2,lab_stress,logistic,auc,0.5152,1.68,8000,2026-06-03 01:50:22
A|1s|state|nc2|Isomap_nn10,1s,state,8,pooled,Isomap_nn10,2,lab_stress,knn,auc,0.6552,1.68,8000,2026-06-03 01:50:22
A|1s|state|nc2|Isomap_nn10,1s,state,8,pooled,Isomap_nn10,2,lab_depth_collapse,logistic,auc,0.5425,1.68,8000,2026-06-03 01:50:22
A|1s|state|nc2|Isomap_nn10,1s,state,8,pooled,Isomap_nn10,2,lab_depth_collapse,knn,auc,0.636,1.68,8000,2026-06-03 01:50:22
A|1s|state|nc2|Isomap_nn10,1s,state,8,pooled,Isomap_nn10,2,lab_spread_widen,logistic,auc,0.5129,1.68,8000,2026-06-03 01:50:22
A|1s|state|nc2|Isomap_nn10,1s,state,8,pooled,Isomap_nn10,2,lab_spread_widen,knn,auc,0.5577,1.68,8000,2026-06-03 01:50:22
A|1s|state|nc2|Isomap_nn10,1s,state,8,pooled,Isomap_nn10,2,lab_vol_spike,logistic,auc,0.5821,1.68,8000,2026-06-03 01:50:22
A|1s|state|nc2|Isomap_nn10,1s,state,8,pooled,Isomap_nn10,2,lab_vol_spike,knn,auc,0.6271,1.68,8000,2026-06-03 01:50:22
A|1s|state|nc2|Isomap_nn10,1s,state,8,pooled,Isomap_nn10,2,reg_fwdvol,ridge,r2,0.077,1.68,8000,2026-06-03 01:50:22
A|1s|state|nc2|Isomap_nn10,1s,state,8,pooled,Isomap_nn10,2,reg_fwdvol,knn,r2,0.1228,1.68,8000,2026-06-03 01:50:22
A|1s|state|nc2|Isomap_nn10,1s,state,8,pooled,Isomap_nn10,2,reg_curvol,ridge,r2,0.0756,1.68,8000,2026-06-03 01:50:22
A|1s|state|nc2|Isomap_nn10,1s,state,8,pooled,Isomap_nn10,2,reg_curvol,knn,r2,0.124,1.68,8000,2026-06-03 01:50:22
A|1s|state|nc2|Isomap_nn10,1s,state,8,pooled,Isomap_nn10,2,reg_relspread,ridge,r2,0.2639,1.68,8000,2026-06-03 01:50:22
A|1s|state|nc2|Isomap_nn10,1s,state,8,pooled,Isomap_nn10,2,reg_relspread,knn,r2,0.3533,1.68,8000,2026-06-03 01:50:22
A|1s|state|nc2|Isomap_nn10,1s,state,8,pooled,Isomap_nn10,2,reg_intraday,ridge,r2,0.0248,1.68,8000,2026-06-03 01:50:22
A|1s|state|nc2|Isomap_nn10,1s,state,8,pooled,Isomap_nn10,2,reg_intraday,knn,r2,-0.0033,1.68,8000,2026-06-03 01:50:22
A|1s|state|nc2|Isomap_nn30,1s,state,8,pooled,Isomap_nn30,2,lab_stress,logistic,auc,0.5278,2.63,8000,2026-06-03 01:50:25
A|1s|state|nc2|Isomap_nn30,1s,state,8,pooled,Isomap_nn30,2,lab_stress,knn,auc,0.6507,2.63,8000,2026-06-03 01:50:25
A|1s|state|nc2|Isomap_nn30,1s,state,8,pooled,Isomap_nn30,2,lab_depth_collapse,logistic,auc,0.5378,2.63,8000,2026-06-03 01:50:25
A|1s|state|nc2|Isomap_nn30,1s,state,8,pooled,Isomap_nn30,2,lab_depth_collapse,knn,auc,0.6278,2.63,8000,2026-06-03 01:50:25
A|1s|state|nc2|Isomap_nn30,1s,state,8,pooled,Isomap_nn30,2,lab_spread_widen,logistic,auc,0.5241,2.63,8000,2026-06-03 01:50:25
A|1s|state|nc2|Isomap_nn30,1s,state,8,pooled,Isomap_nn30,2,lab_spread_widen,knn,auc,0.5564,2.63,8000,2026-06-03 01:50:25
A|1s|state|nc2|Isomap_nn30,1s,state,8,pooled,Isomap_nn30,2,lab_vol_spike,logistic,auc,0.5924,2.63,8000,2026-06-03 01:50:25
A|1s|state|nc2|Isomap_nn30,1s,state,8,pooled,Isomap_nn30,2,lab_vol_spike,knn,auc,0.6199,2.63,8000,2026-06-03 01:50:25
A|1s|state|nc2|Isomap_nn30,1s,state,8,pooled,Isomap_nn30,2,reg_fwdvol,ridge,r2,0.0867,2.63,8000,2026-06-03 01:50:25
A|1s|state|nc2|Isomap_nn30,1s,state,8,pooled,Isomap_nn30,2,reg_fwdvol,knn,r2,0.1229,2.63,8000,2026-06-03 01:50:25
A|1s|state|nc2|Isomap_nn30,1s,state,8,pooled,Isomap_nn30,2,reg_curvol,ridge,r2,0.0853,2.63,8000,2026-06-03 01:50:25
A|1s|state|nc2|Isomap_nn30,1s,state,8,pooled,Isomap_nn30,2,reg_curvol,knn,r2,0.1225,2.63,8000,2026-06-03 01:50:25
A|1s|state|nc2|Isomap_nn30,1s,state,8,pooled,Isomap_nn30,2,reg_relspread,ridge,r2,0.2992,2.63,8000,2026-06-03 01:50:25
A|1s|state|nc2|Isomap_nn30,1s,state,8,pooled,Isomap_nn30,2,reg_relspread,knn,r2,0.346,2.63,8000,2026-06-03 01:50:25
A|1s|state|nc2|Isomap_nn30,1s,state,8,pooled,Isomap_nn30,2,reg_intraday,ridge,r2,0.0276,2.63,8000,2026-06-03 01:50:25
A|1s|state|nc2|Isomap_nn30,1s,state,8,pooled,Isomap_nn30,2,reg_intraday,knn,r2,0.0004,2.63,8000,2026-06-03 01:50:25
A|1s|state|nc2|LLE,1s,state,8,pooled,LLE,2,lab_stress,logistic,auc,0.5198,0.48,8000,2026-06-03 01:50:26
A|1s|state|nc2|LLE,1s,state,8,pooled,LLE,2,lab_stress,knn,auc,0.5967,0.48,8000,2026-06-03 01:50:26
A|1s|state|nc2|LLE,1s,state,8,pooled,LLE,2,lab_depth_collapse,logistic,auc,0.643,0.48,8000,2026-06-03 01:50:26
A|1s|state|nc2|LLE,1s,state,8,pooled,LLE,2,lab_depth_collapse,knn,auc,0.6607,0.48,8000,2026-06-03 01:50:26
A|1s|state|nc2|LLE,1s,state,8,pooled,LLE,2,lab_spread_widen,logistic,auc,0.6683,0.48,8000,2026-06-03 01:50:26
A|1s|state|nc2|LLE,1s,state,8,pooled,LLE,2,lab_spread_widen,knn,auc,0.6759,0.48,8000,2026-06-03 01:50:26
A|1s|state|nc2|LLE,1s,state,8,pooled,LLE,2,lab_vol_spike,logistic,auc,0.6121,0.48,8000,2026-06-03 01:50:26
A|1s|state|nc2|LLE,1s,state,8,pooled,LLE,2,lab_vol_spike,knn,auc,0.6489,0.48,8000,2026-06-03 01:50:26
A|1s|state|nc2|LLE,1s,state,8,pooled,LLE,2,reg_fwdvol,ridge,r2,0.0455,0.48,8000,2026-06-03 01:50:26
A|1s|state|nc2|LLE,1s,state,8,pooled,LLE,2,reg_fwdvol,knn,r2,0.1105,0.48,8000,2026-06-03 01:50:26
A|1s|state|nc2|LLE,1s,state,8,pooled,LLE,2,reg_curvol,ridge,r2,0.0443,0.48,8000,2026-06-03 01:50:26
A|1s|state|nc2|LLE,1s,state,8,pooled,LLE,2,reg_curvol,knn,r2,0.1067,0.48,8000,2026-06-03 01:50:26
A|1s|state|nc2|LLE,1s,state,8,pooled,LLE,2,reg_relspread,ridge,r2,0.2123,0.48,8000,2026-06-03 01:50:26
A|1s|state|nc2|LLE,1s,state,8,pooled,LLE,2,reg_relspread,knn,r2,0.3789,0.48,8000,2026-06-03 01:50:26
A|1s|state|nc2|LLE,1s,state,8,pooled,LLE,2,reg_intraday,ridge,r2,0.0158,0.48,8000,2026-06-03 01:50:26
A|1s|state|nc2|LLE,1s,state,8,pooled,LLE,2,reg_intraday,knn,r2,0.0022,0.48,8000,2026-06-03 01:50:26
A|1s|state|nc2|UMAP_nn15,1s,state,8,pooled,UMAP_nn15,2,lab_stress,logistic,auc,0.5062,17.85,8000,2026-06-03 01:50:44
A|1s|state|nc2|UMAP_nn15,1s,state,8,pooled,UMAP_nn15,2,lab_stress,knn,auc,0.7187,17.85,8000,2026-06-03 01:50:44
A|1s|state|nc2|UMAP_nn15,1s,state,8,pooled,UMAP_nn15,2,lab_depth_collapse,logistic,auc,0.5422,17.85,8000,2026-06-03 01:50:44
A|1s|state|nc2|UMAP_nn15,1s,state,8,pooled,UMAP_nn15,2,lab_depth_collapse,knn,auc,0.7677,17.85,8000,2026-06-03 01:50:44
A|1s|state|nc2|UMAP_nn15,1s,state,8,pooled,UMAP_nn15,2,lab_spread_widen,logistic,auc,0.5223,17.85,8000,2026-06-03 01:50:44
A|1s|state|nc2|UMAP_nn15,1s,state,8,pooled,UMAP_nn15,2,lab_spread_widen,knn,auc,0.7162,17.85,8000,2026-06-03 01:50:44
A|1s|state|nc2|UMAP_nn15,1s,state,8,pooled,UMAP_nn15,2,lab_vol_spike,logistic,auc,0.5487,17.85,8000,2026-06-03 01:50:44
A|1s|state|nc2|UMAP_nn15,1s,state,8,pooled,UMAP_nn15,2,lab_vol_spike,knn,auc,0.7367,17.85,8000,2026-06-03 01:50:44
A|1s|state|nc2|UMAP_nn15,1s,state,8,pooled,UMAP_nn15,2,reg_fwdvol,ridge,r2,0.0521,17.85,8000,2026-06-03 01:50:44
A|1s|state|nc2|UMAP_nn15,1s,state,8,pooled,UMAP_nn15,2,reg_fwdvol,knn,r2,0.2839,17.85,8000,2026-06-03 01:50:44
A|1s|state|nc2|UMAP_nn15,1s,state,8,pooled,UMAP_nn15,2,reg_curvol,ridge,r2,0.0504,17.85,8000,2026-06-03 01:50:44
A|1s|state|nc2|UMAP_nn15,1s,state,8,pooled,UMAP_nn15,2,reg_curvol,knn,r2,0.2783,17.85,8000,2026-06-03 01:50:44
A|1s|state|nc2|UMAP_nn15,1s,state,8,pooled,UMAP_nn15,2,reg_relspread,ridge,r2,0.1455,17.85,8000,2026-06-03 01:50:44
A|1s|state|nc2|UMAP_nn15,1s,state,8,pooled,UMAP_nn15,2,reg_relspread,knn,r2,0.7833,17.85,8000,2026-06-03 01:50:44
A|1s|state|nc2|UMAP_nn15,1s,state,8,pooled,UMAP_nn15,2,reg_intraday,ridge,r2,0.0099,17.85,8000,2026-06-03 01:50:44
A|1s|state|nc2|UMAP_nn15,1s,state,8,pooled,UMAP_nn15,2,reg_intraday,knn,r2,0.0349,17.85,8000,2026-06-03 01:50:44
